x1,x2,x3,x4,x5,x6,x7,x8,x9,x10
-0.01031428790483436,1.713377210951704,-0.297615,-0.28645410913896385,0.33183529742316076,0.15750429751614112,-0.5378004976197035,0.533659,-1.1311289499831665,-1.287641734115909
-1.3473907440669377,1.0105877246729784,-2.488092,0.21432675822714592,0.5756942014181186,-0.7391404140597871,-1.001906999783763,-1.085389,0.9440402752183756,-2.864884286445115
2.27463876190231,-0.47953991090831793,0.035718,1.5039297206724431,2.1551034869371577,0.5304082478699942,-0.6216175457963605,-0.383008,-1.2610367608080897,0.5569936012301151
-0.13531596727100278,-0.6262576447630486,-0.749996,-0.8401930690374084,1.8708985511157268,-0.3125442389099735,-0.22426238824145617,-0.883008,1.3015244129795618,0.2649841487384553
-0.03227121466360239,0.2368299869163673,-0.202377,-0.0435265371647205,-0.33825629240925015,-1.1161277013433288,-0.1810574566188788,0.569373,-1.097048111211731,-0.2517995446634562
1.293904180795235,-0.8222244541770432,0.035718,1.0935335748492518,-1.0606227986938828,0.638752975563317,-0.5563205248572467,-0.466341,-0.38319349734388825,0.16094304830064685
1.796487634800679,0.8971529376094326,1.404766,0.26465755891196713,1.2684198642543494,1.0363742073993627,0.6231526035225063,1.593183,0.3700859440261305,-0.16603665116782057
0.6049971935459156,0.4758126269841057,0.595242,0.26930349067763215,-0.8235696185706535,1.653280722274331,0.6961403785087179,0.033659,-1.019982305257617,0.9628714228940868
1.2991294073359578,-0.5909841008728256,1.559527,0.6375417315670201,-0.28707907818564976,-0.09334933555956124,1.1448958397541622,0.069373,0.7996748839409793,-1.5961134115871212
0.40739185983272824,2.1588870720016593,0.880956,0.00653453093015565,0.33375557987248083,-1.2663936640275786,-1.47556235543995,0.200326,0.3119830460283116,0.6320192707610967
0.8264396192753555,-1.396842793616658,0.178575,-1.155341005005131,0.15554442117096412,0.751433184348719,-0.3966823432832446,-0.252055,-1.277565451709981,0.9877527109019708
0.20314101399715292,-0.03652133613087752,0.452385,1.1277191172667806,0.00290623975757606,0.41578286472947584,-1.550649556713556,-0.573484,-0.06930464723213933,0.12441773970607674
-0.04896599709135562,-0.3303166009295715,-0.297615,0.8026520390743378,1.6909227538057003,-1.1957174837068232,0.4503488662006678,0.605087,0.5085223976743279,0.09918592150156932
-1.1598435435217105,0.4718943346042605,-0.357139,2.358427468189616,-0.6271136546231607,-0.39938383240105096,0.8187080177988959,-0.680627,0.7731643521584921,0.6046456244459306
0.31783598359925014,0.2182544957423241,0.607147,-1.8259859369297968,1.6233722261706962,0.5513524591986051,1.5611983973524075,1.200326,-1.1351835233943672,-0.21859194770650617
-0.6226531665103602,0.5488912633427663,-2.249996,0.08228850923511148,0.04925114375947392,-0.23531551381996743,1.7123061977967071,-0.966341,-0.5876452097835186,1.1826655472380394
-0.8173296720015171,-1.5936037368025795,1.404766,0.9159649978738412,-1.0479136302896157,0.04760144966168748,-0.47417128394470454,0.997945,1.9295069824794568,0.38722492704249367
0.6680823344657177,1.957658333979066,1.369051,0.34778802296588346,0.02441742279755248,1.106600317158091,1.7393326395991375,0.890802,0.5065707480968653,0.5578939951937724
0.332387418065951,0.13674519037081703,1.476194,0.763321072064919,-2.2211668128573923,0.788211571518933,0.946033782011346,1.557468,-0.03490481908837475,0.7750956243144873
0.288048365485726,0.32637591261692905,0.476194,0.5601036616654541,0.6044699538428348,1.8195673525017797,0.6159951703845749,1.497945,-0.37078396938545505,0.9502926736782268
1.4992710833822278,0.5651755036272254,-1.785711,-1.28841237898534,0.03103117315926444,-0.9921942137883102,-1.20693270360194,-0.835389,-1.172518676329473,0.7742126333456041
-1.5386031581553854,-0.2601836434525685,-1.095234,-0.2166876215556937,0.30151865204571643,1.0165920177564638,-0.7885176453881823,-0.168722,-0.2578234390388374,0.6701029673514628
1.1743669863519584,0.7606049818729915,-2.690473,1.0831799744805948,0.648185421606349,-0.9005709017733595,-1.84658267871272,-1.01396,0.01992113517275589,0.43688820797948574
-1.0450289379945443,-0.5776009763727611,-0.607139,1.1181759940941969,0.4159266029470815,-0.6970617713498396,-0.908591610023946,0.164611,0.38818611625989946,1.4905143217199026
-0.6697700910272139,-1.1139086224875323,-1.392853,-0.98088200099653,-0.1009181671411415,-0.23748264534542923,0.36832378686499984,-0.668722,0.6473135782968386,-0.6114323291879327
0.877161402981385,-0.9832061131275324,1.011908,-0.7234807580362574,-0.6348335002103824,0.05789936671150033,-0.3876908246668161,0.73604,-0.1326328718018355,1.9859964396089704
1.5353017179797217,0.3169963870601658,0.809527,-0.3952432899817733,0.811220518508683,-1.8696398217418224,0.8621438139102796,-0.394913,-0.3793210582805315,0.05930710396273599
0.2985347851962248,-0.9340634882860428,0.761908,-1.2033695598036345,0.8955803028286176,-0.10518005195157965,0.5185685003161591,-1.228246,0.7103595665873784,-0.5542608602846743
0.8877997924972066,1.3588693809258168,-0.380949,-1.6534988087586977,0.8082345429370029,-1.9330673302026276,-0.5972782253838669,-0.216341,0.9127199081645804,-1.4163273169887167
1.6732292831189373,2.9317217328623904,0.345242,-0.9141644355382076,1.4927101965979268,-0.04451613758081994,-0.32358268652645367,0.366992,-0.5915346124171322,0.290194914471256
-0.27299389801089374,-2.2170177013361543,0.785718,1.3406878490092762,0.4006869673560107,0.31265271371847,-0.39544025409706074,0.426516,0.5075334538018375,0.00902809042458889
0.5913432537429142,0.2212237670778593,0.630956,-0.6113236970648239,-1.9194902039331256,-1.1876744136834785,-0.9847443185741624,0.343183,1.072360218954253,0.07647580836938996
-2.0143475492607616,-0.404890704158998,-2.035711,-2.0023566401162207,-0.7968348179701262,0.198051942138902,0.7218588477911975,-1.073484,1.198222452530125,-0.5325562870055356
0.07537055159501785,0.7458397390311726,1.476194,0.4033290224291528,0.10570918097169708,0.8024042385480122,1.408292972756238,1.569373,0.804153055450135,-0.4469364851922885
0.06211904685421026,0.4362057016081107,1.857147,0.8969317216032373,-1.101761776280792,0.22791307300409205,-1.4379195521726726,-0.240151,0.6121706619119033,-0.21035922157674564
0.6093211057293845,-0.2780517731229645,-2.154758,-0.20167970849683697,0.05246237422901664,-0.5498210923162511,-0.4279095378924926,-1.01396,-0.7523812485596441,1.066531826352552
0.5797694331720049,-0.1378349714590964,-0.80952,2.173305447351641,0.5477538036783407,-1.5367992548569278,0.6590553949156943,-0.073484,-1.2251680026067928,0.9016483134623682
0.29865582805141433,-0.24112699142826313,-0.08333,-0.2345707999702034,2.8949311560964155,1.4420457717871242,2.470098933047521,0.521754,-0.5540398526663596,0.04815637151081135
-1.4759527603908544,0.28216887033854504,-0.190473,0.7768912476564042,0.24984073900015571,0.1304037069150248,-0.04711023407106442,0.116992,-0.15201626378880542,-2.524601345399818
0.15263588422137667,0.28969231216212615,0.904766,-0.05517153808941321,-1.711793762266731,-1.1448518609652605,-1.017971204379045,1.105087,0.4979397827746072,1.0715687198545916
-0.12901991435055715,-0.9635490948447952,-0.214282,0.996909299422687,2.014250388730562,-1.304653504696274,0.14142011329516893,0.045564,-0.9666052417540076,-0.8350986872571742
0.7432948867166479,-2.2151922953384804,-1.654758,0.1912884834563459,-0.7137563950241782,-0.8978332320713927,-0.8528701510128656,-0.823484,-1.3084513611599713,-0.36513506572174
-1.0579036206693426,-1.9211832885484863,-0.380949,0.5900775512615551,-0.4154571835277664,-1.3593622677747204,0.2285472911472306,-0.573484,0.00873593985584134,0.03920366187825794
0.9133572753969444,-1.354792325787074,0.595242,-0.7313462942065272,-0.7345584236096319,-0.2522019973012509,-0.02879213368427,1.247945,1.3973501156427397,1.065041541909308
1.3696101360613455,-0.21565960199331968,-0.821425,-1.2581145434055494,0.4373501752114618,0.15570649109410717,-1.0236604801188811,0.057468,0.7546886264001955,1.418653825222092
0.6643566933923198,0.6976325489781597,0.619051,-2.5752998450513775,-1.8460388777503216,-0.1407532090885243,-1.1266454825071326,-0.716341,1.1079778780719527,-1.9267055646930185
0.0215213838395184,-0.903001122391951,-0.619044,0.43493076539661,-0.2820912282590168,-1.6564249772762285,1.1409853090736295,0.545564,-0.4517796418413772,0.4997120733694611
0.900023271687319,-0.9788473323586522,-2.511901,0.32633747142192315,0.45586440585700566,0.628877872484154,-0.18337662494509688,-1.03777,1.1473144385459906,1.3035044144094918
0.3921882196354013,-0.4559986681712157,1.095242,-0.2221073244182165,-1.4052047936223089,-1.19934289231151,1.290013691417481,0.259849,0.614056329925098,-2.4495803738359383
-0.5557622367190964,-0.29209747347393444,0.702385,0.4681562639513626,1.02762880682043,0.4995612936922385,0.6603984154230303,1.295564,-0.6791102370469831,-1.529099759165453
1.7345789404049063,2.047494933158971,0.476194,0.44196893778802526,0.6902144822729053,-0.97186089168138,1.8443825180402065,-0.51396,0.8329734114772517,-0.6054572760022011
-0.3557886439500802,0.14844339490382255,1.523813,1.7693560883297486,-2.43776086405023,-0.04941514417158599,1.8096556980162652,-0.097293,0.10326303968682445,-1.5821721441447445
-0.3972086386166385,1.612644707376237,-1.666663,-0.7189152784207308,-1.5143683286238525,-1.9550498015230544,0.2531625910150007,-0.668722,0.5341737281425923,-0.9327070186080336
-1.6978739021643132,0.957494285765402,0.357147,-2.5512601495752665,-0.7671779189829352,0.6010715324729475,0.8827942598722267,-0.252055,0.7067383952610482,0.27593450680601717
0.7826387051287227,0.3177403521991056,-1.190473,0.6574544260103853,1.6965911689751154,0.5997336005406018,-0.13148918639418855,-0.478246,-1.5992389731058647,0.456295740323237
-0.4170964752537336,-0.19544664978554585,0.428575,1.6865399248931894,-0.5900583118698566,1.349280872920574,-0.6166678180507639,1.164611,0.6462660738476915,-1.448330825471957
-0.924749212625534,-0.4618131714315526,1.214289,0.6572445179332621,1.0845811378480812,-0.6340687345955176,-0.23216212575081288,0.438421,1.3091633488512522,-0.26552496597813924
1.291584001984937,-1.2578029757121132,0.988099,1.4135246475006815,-0.35693222077469405,-0.2579218330579773,-2.2993069915424327,0.390802,0.5233694414558654,-0.60571021639986
-0.5757038443301566,-0.1542585013589695,-1.797615,0.582231602159293,-0.638683543856109,-0.4572454591910385,0.8781518563185937,-0.894913,0.4654501111125881,0.7918702651837082
-0.3456516484386166,-1.0936541726055296,0.988099,-0.6224711176577713,0.9683598910481908,1.9981737585436905,-1.320401899387054,0.247945,-0.32429361904284026,0.5853238396282548
0.5258842943645801,0.39756602305418914,-0.80952,0.4081682015013591,0.30290357360031134,1.3655141563500195,0.9601015412911514,-0.883008,0.02341209795100663,1.43612588000084
3.445041268470138,-1.3535445222607154,1.464289,0.5309876621964239,-0.9428573200576194,1.1969369650952353,-1.6251516355530318,0.295564,0.8246550544302634,-1.410879550889491
0.91386037530795,1.605127601348259,-0.821425,1.786342197768037,-0.1846408810815406,0.31959115676795297,-0.7465832966089879,0.247945,-0.21646176784939825,-0.4498364837555543
2.0259565615681248,0.5770259106555712,1.309527,0.43464212926342777,0.7108170820783166,0.6421404862684635,0.2794943105392857,0.259849,0.24202284729063636,-1.628737739519895
1.269306576266254,-0.7787894948466094,0.91667,-0.736695943116103,-0.4496127278919862,1.3213346861296984,0.3557194381336627,0.521754,0.7255358972142113,-0.2296669175071537
-0.007200438524774,1.6722951992080115,-2.30952,-0.5770722543712112,0.601865483268961,1.5784051600864897,-0.3880261733866288,-1.01396,-0.9226408337754748,-1.87264485312179
-1.020466961582714,1.3206482248077205,0.369051,0.613648498594961,0.5069818183919214,-0.01934144028145854,0.7452561878263073,1.283659,-0.7281642770080732,0.5176099622279917
1.5954735376920093,0.6797796333545053,0.94048,1.04139824420186,0.12205416887134005,1.2154651451718583,2.9396220382285287,0.48604,1.0611169021111588,-0.8545238003330388
-0.08249781209109805,0.3583710871750198,0.678575,1.4959905336336692,-1.3848979531425003,-0.4402539566236846,-1.288557693684267,1.378897,0.6360325016043684,-0.9652953189678196
-1.4358297097237112,-0.6918977297651712,-1.440473,1.6107050903288531,-0.6046993036001463,0.1566464116890791,-0.24035550332188285,-0.728246,0.252977502139082,-1.3459834709760952
-0.5636949181128118,-2.0973537251520047,1.726194,-1.0158345963330675,0.2003693748478728,-0.0923409204269954,-0.5542319173530952,-0.156817,-0.153987194875282,1.1667295488790914
0.21728981865648067,-0.5057205608924001,0.678575,-0.5740318422387576,0.9544905287561126,1.0788066663766511,-0.3106161481523471,0.914611,0.7626658877861031,0.4587399399792645
-0.34949859033647673,0.05444369319508592,-0.797615,0.37956024051994813,-0.15183529322484696,-0.28936436736037036,-0.551366526485235,-0.490151,-1.2364132263125494,0.1046056643702592
-0.318437491986584,2.083723221878513,-0.464282,1.3750880545597364,-0.10597480623550327,-1.136644054448479,-1.3204397317238417,0.105087,1.532080210263664,0.05581208789312931
0.2713185527396048,-0.5352726456231413,1.119051,-1.2070757498308284,0.2756615277300386,0.3694445190984504,-0.5169170774544869,0.807468,-0.7475878862372095,0.7526331620578038
1.5089531517170045,0.545505869779459,0.892861,-0.4200930009439352,-0.09030283279698738,-0.8734272424451514,3.451383173511921,-0.025865,-2.074640281008831,-0.6177157060359638
-0.43174418094057654,0.6521295136037627,-0.249996,0.21297243573656807,-0.3254803380468888,-0.5989379768202292,-1.0204388755124725,0.628897,1.2787505274874011,-0.2993512572565797
1.132535248833661,0.7269388885601995,0.761908,1.1964476083467184,-0.40227631720753543,-3.14587782654132,0.9838136650678904,0.783659,1.494640394604727,-0.32928501417592054
1.1195698003953884,0.39159641995056543,0.19048,-0.10806450788765096,0.8893791166764693,-0.5840064962352253,0.6740612524284039,0.247945,0.18045560211447273,0.03326979900079375
-0.31474579866258184,-0.646985398569589,-0.892853,-0.5194404571454212,-0.3273781348244514,-1.1305667894817388,-0.5135319447062732,-0.573484,-0.486715239871188,-0.9991514483109032
1.0486842228271198,-0.9225159295786378,0.333337,-1.8898311536762948,0.4116153519902109,0.4410798556841816,-0.0917056738140154,-0.430627,-0.15656416658277947,-0.9067783651495472
-0.9643877496469402,-0.5696792954106691,0.19048,-0.17382287953626632,-1.4321432856553094,-0.8710640734773153,-0.7294863695005039,-0.371103,0.8915696756452015,-0.29223019509617365
-0.4924831589370766,-0.03920500854531493,-0.499996,-0.13667217564861014,0.10096043847174777,0.4861930057344382,-0.4129172036397083,-0.28777,1.6504237471781231,-0.4130862739665891
-0.42616709600106106,1.290172426836099,0.654766,-0.7426122453649077,0.7787656059882159,2.5835652078985554,-1.137488391826194,1.224135,-0.2250399665974805,1.672974594013708
0.6884672152246374,-1.2393630750507187,-0.297615,-1.8672737913244823,0.6500734115553727,-0.17967379980584303,-0.8011313180376017,-0.01396,0.051606640180962,-0.43122817104372807
-1.2460288219551685,0.41593657878610674,-1.33333,0.07126089816129924,-1.1843553852199646,0.2661528152855284,-0.7908133703377305,-0.549674,1.4050709863142263,-1.5224231545828937
0.9695005808619946,1.906401453164151,0.630956,-0.9309645547475636,0.9776393461489024,-0.1457263448581517,-1.2749239602063882,0.438421,0.433433848280492,-0.635460494497136
-0.15666744570786978,0.6722693809202123,-0.33333,0.17459066448363902,-0.03833062405927111,-0.9688630704863866,-0.44466292597977536,-0.418722,0.6674560999445079,-1.6741796965833609
0.6864150793026004,-0.1659000215646131,-2.940473,-0.17848999433759247,0.02713078943895411,-0.7652941032403205,0.07820069157358761,-0.716341,-0.6146715982248837,-0.5820876765534401
0.7711856648300923,-1.3720058140768123,-2.988092,-0.9285536229252678,1.3031642400714436,-0.3393166585860107,-0.3364308104045974,-0.716341,-0.7766564307748236,1.2736015367416214
-0.5452917045202148,0.14718405314754485,1.488099,0.5310372147099487,1.1952786405317366,-0.12416130164135646,-0.7733855764893597,0.009849,0.15275989069847462,-0.8811446288099273
0.8169033609122534,0.24142708242049676,0.369051,-0.2207441414090008,-0.18640972101808023,-1.666414228871635,1.5978923772499674,0.057468,-1.4736524004016467,0.6417100791112956
-0.4042519128394219,1.7857342525949935,-0.238092,-0.16409180743314822,-0.7831046531254798,-0.18332201022841613,0.5621474154683969,0.21223,-0.796628615534962,-0.9384774196205036
-0.09346684129487376,-0.6201731044360729,1.452385,-0.465201043166488,2.5101345053710435,0.9266530331393494,-1.8036096792225016,0.021754,0.8490810340987882,0.5231289001049003
0.481594583389645,-0.7439923729313945,-0.476187,0.6127795278307588,-0.30309193910027643,-1.7646274120325514,-0.15570583615931632,-1.204436,0.7242690844387057,0.6268059540988415
-0.07717729969242981,1.252035060668427,0.976194,1.7832742620005586,-0.8644177828636026,-0.3155157530941289,-0.070912170250423,-0.025865,-0.17035233165518898,1.5080365035041716
0.03836458102581977,-0.10466558987580808,1.357147,0.7819399265355786,0.3873360393660395,-0.8259663701358484,2.628158453061358,0.045564,-1.0004735875829744,0.4840962534068467
0.0077913449558483,1.1180814538840955,-0.130949,0.41025928913591303,-0.5724137479453633,-0.33814113698342363,-2.0055785816491087,-0.323484,-2.755770007950496,0.15924029028191924
1.672902960492901,0.3516867404265627,-0.857139,2.561908963873978,-0.1005218145465834,0.581697270028317,1.389543540139219,0.271754,0.8270486748792533,1.596590287584002
-1.1088460652732293,-0.9925413186806832,-0.642853,1.3057101080917457,0.08785626085691417,0.8240169015360194,-1.3053367323815577,-0.323484,0.5244321250336681,-1.8740046051831776
0.6048783497477316,0.8629202845427543,0.202385,-0.6956795498664843,-2.099164393530378,-0.4917363310557086,0.1178724656664386,-0.335389,-0.3531646851142784,0.3716431894400759
-0.09393509417504872,-0.6135014465161449,-1.511901,-1.7594279839331308,-0.162198857128972,0.6379504717248856,0.5505992896992307,-0.585389,-2.383047651207748,1.5227906980443748
0.4806859768459662,1.0156396929032845,0.654766,2.038542418710634,-0.23245516643378544,-1.080643220549531,1.0979014451362727,0.069373,-0.24507692559143915,-0.8393716092944519
1.3853580737486415,0.3377337582312993,0.214289,1.2116562517422202,0.05716302286373524,-0.7291058382771439,0.26593828472360403,0.128897,1.1671799294994505,-1.130177294479709
0.40659469208788473,-1.3495930728609764,-0.80952,1.2017859895176866,1.2336857449019696,0.07637437208423878,-0.8751506581270354,-0.418722,0.9882734231045756,0.5722887140682323
0.5575508533902908,-0.511626686904497,1.452385,2.077255634972236,2.039991959121281,1.2671570089138215,-0.6506982628842182,1.128897,-0.5779551366964127,-1.3045087165924398
0.02703702722462123,0.945068050447098,0.595242,-1.761189637959652,1.2811537811077025,-0.03760074612050407,-0.9208225737333604,-0.394913,1.36542745558454,0.18012254865614608
0.43840102665871783,-0.667831692207077,1.226194,0.06840626526215954,1.7247819738821593,-0.3773621952221491,-0.5260727729702369,0.581278,-0.12046111395665653,-0.24753606188834412
0.17586850389157008,0.11575795462239157,-0.297615,0.37033081671756146,-1.251786215942064,-1.2511380277617428,0.5218388919387891,-0.347293,0.3363791357619053,0.4855163411626286
-0.5786694909684932,-0.7827069020917155,1.392861,0.4195199161000116,-3.654197339695732,-0.2188915507396109,2.064186227449583,0.069373,0.789447641625924,-0.9008990831197716
-1.272200668564071,-1.070268979109816,0.392861,0.7931591677109335,0.08834892665818979,0.11140466768543784,1.585153715195595,1.652707,0.16901111532947435,1.2802479154548705
-0.7227961238112325,-1.2186846338939987,0.797623,-0.31883940907942016,2.025890995597516,0.6210789085997807,-0.8474204261380792,-0.002055,-0.2957242680978664,-0.6493845246984048
0.6734886222643415,0.2549552295668432,0.107147,-1.62607050143615,-0.4383965414548229,1.4369258487602763,0.1974611796848423,0.581278,1.6436686668960123,-1.1020470317486857
2.308583023176491,0.09144278916835584,0.678575,-1.0363384324765603,0.6500911550697382,0.9111128134017268,0.4661023293661701,-0.240151,-0.38458691250535554,0.4950478254808914
1.6389740530722494,0.1379009741125138,-0.761901,-1.2313079801938176,-0.9301575881254822,1.3274274259648686,-0.7235791914246855,-1.025865,0.05185195649753191,0.8485610892158995
0.40201771821261234,0.06291168409812456,0.595242,-1.9576043207656215,-0.9315873132099952,0.1790433487549599,0.46860588847177925,-0.025865,0.4523357059768607,-1.109927248726925
0.729172438862592,0.28995037118012074,0.023813,-0.8552804147347911,1.5657310732366705,0.5647193089340817,-0.2340152808448756,-0.252055,0.3402376312778095,2.0407373519813734
1.348849537441402,0.361062488416381,1.047623,-0.02295611938988953,0.4003477168343404,-1.915823780001919,-0.9711204326764102,0.664611,-1.490444959653076,-0.9105795870022356
-1.1269345915361,-0.1831594629448401,-1.071425,0.4533276823069949,-1.147421369558023,0.0256085540163063,-0.2045684089943634,-0.394913,0.38751007844273855,-1.5509855121754712
-0.8413424336981286,-0.7196582702018965,-1.666663,-1.329164150418158,0.35863827781583796,0.8472553591359936,1.7655450422809862,-0.609198,0.5004821918412188,2.230513716561473
-0.1471233970994021,-1.789529808752229,-0.619044,-0.9643144688940046,-0.2213175555658876,2.0374624812715254,0.1836608014254492,0.497945,0.10346259325750308,-0.21530446091172323
-2.0483083799865605,0.522890363393081,-1.964282,0.19931646081917576,0.8795618478681737,-1.4215676522181404,0.4089017697165209,-1.03777,0.2438120862708329,0.40135584139546976
-0.7477913289816794,0.30808537462105495,1.047623,-0.31500911128996,-0.8318037904186237,-0.18654867632306135,0.597123089018411,0.569373,-0.8555473822076405,0.5985974799612808
-1.7221582640905229,-1.0672700677754734,-0.285711,-0.7740655769959068,-2.028493772813347,0.27372151843113024,0.5370018288328585,-0.53777,0.3896137472569018,-0.6451856810239436
2.6908171422447884,0.8371591349775541,-0.880949,-0.23335839528479507,0.30256884303006787,2.0138781406780923,-0.805808685219823,-0.133008,-0.20518984082442113,-0.1617012051887361
0.8720049518244968,-0.3475681191424987,-0.726187,-2.983960939804958,1.160149685765735,-1.3096388913399042,1.637083391482042,-0.061579,0.20770872966481935,-0.7343779397809341
0.9904617370628664,0.6342550565528956,-0.08333,0.38302030779550866,-0.26972332474616223,0.04501720963401416,-0.38636113362985935,-0.478246,0.4502509906913314,1.5952470683385864
1.8103711968974792,-2.892590498326546,1.380956,-1.0369108807824776,-1.013185164309564,0.17319860683158028,-2.108968462091683,0.033659,0.9703324005197844,0.5273836332210612
0.2920987207006429,0.08073804303737894,-0.190473,-1.1889298612088697,-0.9640911538487548,-1.5149696282953131,-0.8071620071715119,-0.204436,-0.6723097942845973,0.05176878127338016
-0.6759613674656866,-0.30694779778581904,-2.511901,-0.4845519071688344,-1.1322557344683215,-1.0842257624917313,1.1868899416010914,-0.906817,0.14958970543067304,0.04793549798683505
-1.2698481715590633,-1.2677366356098547,-0.178568,0.16717013579170695,-0.45749185262198894,-1.5771651785666077,0.17045195488842388,0.188421,0.26539505357671894,0.7861028081369267
1.5413657016844928,-0.49138615295124755,-0.952377,-0.200717366895894,-0.13183543806743708,-1.7146667293415037,1.5710400223576677,-0.347293,-1.5526694830676429,-0.2393953255392361
-0.3264232661309258,0.6448502108028399,0.857147,0.7547474338221188,-0.29661616531722224,-0.2466254002392024,0.535401566210462,0.497945,-0.0224434737849803,-0.7096119265504971
1.233093568092623,1.1057680621818802,-1.047615,0.4240930551202678,-1.0963177319725488,-0.44861910426845375,1.0258742437354431,-0.049674,-0.1648408201876803,-1.5093138855585375
-0.2862352515813486,0.7949501339816415,0.369051,0.33737913138602793,-0.32481204254377904,0.8485805414162171,0.4023575761556961,0.295564,0.6391079282653396,-2.155329394664253
0.363873023161737,-1.894767725604621,-0.011901,-0.12851179499499646,-0.9009100935050024,0.17343911621845542,0.852228290006746,-0.490151,0.2905526569271816,0.7752058561107922
-0.8432196745077296,0.2515845602968598,1.464289,0.11630088464823005,0.7306240311934398,0.9406344477252384,-1.3260580620142386,0.093183,-0.4981216986507467,-0.9825602734233028
0.7357318626400152,-0.5669554797445627,0.41667,2.100034959913119,1.6405218225382716,0.3427329068715029,-0.4398653854632909,1.355087,1.1275289118020324,0.21437406428283917
1.581050348073871,0.5742950154770625,-0.297615,0.34958954384368274,-1.5037342418380728,0.8804159859841313,0.874904018222259,-0.28777,-1.658495895475461,0.9701743098725444
0.14264869704173183,0.2639253966435294,-1.345234,-0.7055913547682375,0.774369623909342,1.5719977671484195,-2.1083934571058984,-0.656817,0.15810346038749631,-1.7628006630882522
-0.33359156581558114,1.5425079538225088,0.892861,2.3840173780604177,-0.5907889890536102,-1.0854374794941044,1.8805896895370644,0.474135,-0.696256861882118,0.9509235634702656
-0.3308091115896634,-1.6866823744698187,0.904766,0.6398039162788239,1.323358895044178,-0.01547744801372504,0.8566380680174234,-1.156817,-0.7483991786380514,-1.2437356023193302
1.0485328984387452,0.502916298561523,0.321432,0.12924522450444548,-0.3018928048253111,-1.350881317418852,-1.4372489550077203,-0.394913,0.701968660452995,0.28014381588170756
0.44926793562503586,-0.1823532217024164,-0.119044,-1.1560882500079073,-0.6658750311659529,0.24907357738634203,0.2791877670115935,-1.204436,1.661350537532708,-1.6057475150086118
0.13418099650422602,0.34829496294732437,0.571432,-0.9393311073529692,-1.1286019213587797,-1.9461785208281703,-0.8430779009868121,-0.347293,0.532197055166155,0.07091992254552716
-1.1218613633689394,1.9977548632679156,1.738099,-0.20144857398115903,-0.20474637094412487,-0.28702519419531847,1.1355472351711249,-0.252055,-0.30709965949238116,-0.5734253102233381
-0.26486491495327885,0.2892415626753474,0.142861,0.8424531332105671,-0.26210542902670725,-1.9221418026485564,-0.06704589990620134,-0.454436,0.4576070652079856,-1.7747811059416465
0.200875988072559,-0.2236813268384363,0.214289,-0.8147279263067645,-1.5542747054306394,1.0579828047391675,-0.25119849504841996,0.569373,0.1436599431630808,-1.5769649038855378
0.9403419992200271,0.29054547973179395,0.750004,0.953362388058046,-0.7790976070882188,0.03299644443359861,1.8639390655301,-1.03777,-0.6577702293724338,0.5259428641348602
0.980514197845406,-0.8361700357369791,-0.226187,0.13523771817859193,0.6752467206900777,-0.6415148387596216,-0.9099550683762656,-0.525865,1.0325720512135037,0.07149496609092429
0.6151626158404877,-0.17424130385076372,-1.095234,-1.0429987522181363,-0.04157113777013148,-2.6106747697813173,-0.8512511126772413,-0.085389,-1.3571748585191556,-0.5086073354139631
0.27189293842570106,-0.544779942814789,0.94048,1.2541501582178949,-1.9637482376875672,-0.2898204589852756,1.3265800764919446,0.581278,-0.8862837462686495,0.5132612872741649
-0.7813898277255668,-1.7683197198134633,1.000004,-0.46733091959742096,-0.370438967786804,0.205560035351226,-0.02642530711409209,0.355087,-1.6996897410448415,0.6407601606300217
-1.980366860773139,1.9333404894583408,0.69048,-0.05191061503853398,-1.0362000710766046,1.1956317550716624,-0.2982722386678696,0.23604,-1.6866923243344207,0.22204126044113495
1.2433623803585208,0.03484881380042125,0.285718,1.871917086419598,2.1061809898507735,-0.575829527245034,0.67919341716647,0.533659,-0.06748770391712135,0.36607312710388035
1.1444544386447024,-0.12820900269394728,0.726194,0.8070140068167401,-1.259663449397017,0.20498266890079275,-0.40767166475075983,-0.025865,-0.08696682482572302,-1.5660479392132678
1.3170463580856877,-0.4147736398533449,-0.190473,0.8106069425128832,0.08710135096346783,0.8338476337761648,-1.2415809235987276,-0.061579,0.12168880772435874,0.8608498449542523
0.04491857902752592,-4.991899930994e-4,1.380956,-0.4989882061090764,2.2788270056478384,0.7234861450078663,1.0356138538841015,-0.097293,-0.3564211838826637,-0.5929541253936862
0.8040394669151759,0.920072010289112,0.630956,0.08621941055536574,0.9824699577039984,1.291166633482642,1.4551462843268157,-0.990151,1.1054493400051697,0.23828580959673085
2.150561452240656,1.0802168616380643,0.952385,-2.4017835644597083,0.8499179431733197,0.6908503209014251,-0.9736722216248632,0.307468,0.23737051106157123,-0.03671176852617836
1.3460737552251347,-1.3135942589270584,-1.33333,0.4990490909374013,-0.11845374121387776,0.9295097508216112,1.9134836429819857,-0.335389,-0.43281143864310984,0.6895323494926187
-0.160853223359104,0.9626002928642152,0.500004,-0.8699597674131139,0.4649916430102031,-1.0770857265342102,-1.2791940780046016,-0.049674,1.634364209264308,0.24501668317089884
-0.22558485711536605,-0.33052334536478417,-1.30952,-0.0892129819475827,-0.08427095799195052,-1.4720660627893003,-2.406209909058168,-0.430627,0.4797529573596601,0.02736252462109931
-1.1128910015868048,0.7397120782275426,-0.595234,-0.4978857650846052,-0.5018426904793097,-3.7517901163183e-4,0.5025366928706723,0.259849,0.749628117224713,0.5043246538237396
-2.0082621084328296,-0.3684366669570608,-1.476187,-0.3028911352584334,0.4767542746124267,0.13581228644076393,-0.7654217638393177,-0.549674,-0.7275755819881512,-0.20918315016284633
0.6081078297696381,0.00247184464667099,-0.535711,1.0265780787491774,-0.15468793681718557,-0.8517785749030953,-0.6696023612907738,0.116992,-0.15659401912749094,0.3739209221677587
-0.4639137756473427,-0.3226692659211643,1.273813,1.3950140189013098,2.219785506378018,1.4452513125883788,0.47590965649732386,1.402707,2.421534977361339,-0.8439514812433893
0.8232051550334418,-0.08672433354170787,-0.726187,-1.4864863081122526,0.8728828824608588,1.334381644439285,1.3213651231336208,-0.049674,-0.17713387933506827,-0.2591043590898368
0.15229568024850318,1.186300612088662,-0.726187,0.44478062952619696,0.7983276526896531,0.4930894693720608,-1.72495820334248,-0.01396,1.097267783806594,0.4331356119682901
1.6567861716131518,0.9372910796891204,-0.58333,-0.895892597948175,2.1993898741634808,0.08952269962788353,2.208919370941472,-1.228246,0.8940923863351032,1.2598756660974562
-0.4745493682873907,-0.671661255524858,1.654766,-1.510422971251051,0.9831365195141458,-1.1824641685805506,-0.6922300629111984,-0.061579,0.11435420384359384,-0.18468517881861865
-1.085188954617195,1.3696274931894852,0.095242,-2.0598142965656003,0.9711060526559464,-0.03308749859963856,-0.8752085134528609,-0.133008,0.6041213397881138,-0.2312789897667915
0.3002214947779051,1.0442996794180617,0.773813,-0.8557549742503608,1.0220458659826783,-0.1735403090961988,0.5145178725435706,0.188421,-0.15967553060064993,0.01139467375274948
1.6947222412821044,2.14099243427783,1.273813,-0.6913174072153663,-0.5795083712226523,-0.8100307994105885,1.1782059709053458,0.605087,1.6491490615975393,0.803915271089534
-1.2005874445225369,1.5147466464499546,1.261908,0.19159602341021123,-0.1125459176502696,-0.5021037189358657,-0.389057445463029,1.009849,1.2552607268818532,1.5576670917049649
-0.8857997187624452,1.664322503045193,-0.499996,0.784098378088221,-0.39979343773434417,0.7519191105012448,-0.8313605944424503,-0.775865,0.43670703662912447,-1.3276637948194998
-0.7737434949567992,-0.9675736089572274,-0.845234,-0.09395664814154564,0.1285755606592825,0.8804740372000084,-0.4884483220221395,-0.847293,-0.6877430065273457,-1.6219622644974248
-0.29500800949399686,-0.9047031549721172,0.821432,-0.2968313531430238,-1.756250366081166,1.0663873421904209,0.07239165826539387,-0.275865,0.16765080611583583,0.5981198386431267
0.04700549361365481,0.74474638402253,-0.535711,0.1985329135632068,0.5962321397492926,0.46219995841550626,1.2909945304063826,0.128897,0.6996531516404562,-0.37507507413276286
0.6148993502054596,1.140538787239417,1.428575,1.4231163452293358,1.7516628776935432,-0.7536110188909191,-1.2222597680598413,1.474135,-2.03248752365937,-0.873772860313605
0.7847383281229815,-3.6608635541981296,-1.178568,2.086534912343258,1.118137715263806,0.00317968798571371,0.6475737623108216,-0.323484,-0.6883881445875232,-0.5489567862446872
-1.3093806018499423,0.20685166217532605,0.428575,1.3475920533124668,3.229598756356,-0.3626198575183085,-0.01588973212267051,0.164611,1.3941164778447543,-0.4324075043459233
0.29993572022368553,1.513344299153443,4e-6,-0.25939966940193443,-1.2236000359565882,-0.4033021422878799,-1.49057887466972,0.200326,0.11431158252491008,-0.45641460755970753
-0.7684919602107582,1.4461340331008945,0.928575,-1.0095102742735649,-0.02366381679012454,0.2732148977704847,-0.00500608398146149,0.116992,0.22201474639452132,-0.9320357347285964
-0.7121931094461983,0.4572255741641653,0.773813,-0.11754075979007438,-0.8586817220127502,1.6479277294488484,-0.8369583179717407,-0.823484,-0.3326606775816912,-0.8667722551030829
-0.4882349366292464,0.4633608816040779,1.595242,1.1653492017521263,-1.3638282587321664,-0.4298049216459892,-0.17758358871397698,-0.204436,-0.7922038117201501,0.22481150231761923
0.2520270996787151,0.8634317971083191,-0.654758,1.188687534269271,-0.0391072831071585,0.46713587779018223,2.8030824220656188,0.46223,0.7955642849766817,-1.0220642797567572
-0.886050041974045,-0.471142533554871,-0.904758,0.40615549444710025,0.3633544790119254,-0.6566644136484121,0.8650257796501021,-0.883008,-0.39593856111817327,-0.6174021887310074
-0.6417245767876161,-0.659913411645396,-0.880949,1.5973294803927345,1.3968990082253745,1.992687223605424,-1.7062857638464732,-0.954436,-1.4592148299437435,-1.6294770062443251
-0.9511020355475922,0.19689156352161796,-0.273806,0.6288300673038121,-0.06347049212998516,0.8746122281690146,-1.9031736535986068,-0.085389,0.9938227493785364,0.7849514530504406
-0.16690082747403245,0.5043993741285351,1.285718,0.4491951911201679,0.05267433522172081,-0.03937456680831234,-1.5260274040267992,1.057468,0.04399508927508038,-0.7400247308247927
0.2763014565637139,0.4247001045765295,-0.297615,0.143663226499778,0.5568803939065375,1.875290839250548,-0.3533720567889267,-0.490151,-0.958990974348966,-0.44763133138191874
-1.5299809850550925,-0.8296268576890786,-0.869044,-1.8107336622085235,0.03311110828696981,0.25668930112588606,0.6317884242593368,0.069373,1.262835181019962,-2.338311859557028
0.07193563876719238,-1.0480325560133694,-2.392853,-1.091658656538494,0.29592729362661735,-0.5679932026380756,0.7345212485417354,-0.894913,0.540704418337954,1.074036003774114
-0.6477226172023027,-0.00593934106151193,0.214289,0.6539856168371637,-0.4241055672819226,0.5437962847520413,0.27629740078971904,-0.073484,0.3890081423652676,0.6496481763913835
0.08504344122827137,-0.12742461255104723,-0.202377,0.8574447168222715,1.7687167515966309,-0.8863305513595691,-0.7091471826502367,0.366992,0.2563180708151246,-0.9900535986622284
0.2605722333283578,2.4105339089414137,-0.976187,1.3554554138704953,-2.7997807296679413,0.5295000179401861,-0.14208033183978025,0.152707,0.04007195311657804,1.381649224171289
-0.8123264141503522,0.5971367759289585,-0.392853,-1.2654965891898406,1.6009282839776091,-1.1734762829182797,0.34204448794424924,-0.383008,-0.2023981330422353,-1.1704459436386767
-2.0616338077708187,1.337441125097048,0.714289,-0.47179984822577586,0.6460165067547395,-0.4091282646791941,-0.1641676529821555,0.426516,0.2856943402683877,-0.7218523261775105
1.2221359041997004,0.00956606641910098,-0.071425,-0.6260834836169883,0.4354593656681334,0.18518732575478264,-0.6982578241696373,0.045564,0.9654667261839252,2.3203084840999573
-0.6062697769580407,0.7470554651496627,-0.749996,-1.1883870648460837,0.8218920813000344,0.49342243137110775,0.15055888364048697,-0.680627,-1.090719727239402,-0.03579175154334618
1.3412032364993902,-0.64417831556402,-2.178568,1.0489884580591975,0.22039563225659237,1.4642926220642245,1.1176471666398275,-0.847293,-0.8048878506004239,-0.12230176254887916
-0.2357613496961609,-1.664938052442236,-0.357139,-0.4468627369107725,-0.24654412014200497,0.7295918908204645,-0.7522715122686066,0.46223,0.09345477784931253,0.09066338949228128
-0.9596870702751102,0.17168109530499376,-0.988092,-0.2492002861491458,0.9475036229194445,0.28803763964089324,0.24196197618532256,-0.418722,-0.49518713004413406,-0.917263476268182
0.6774437277841426,1.9443366390277668,0.107147,0.22252774778826584,-0.8684285563268058,-0.5842588129813707,-0.6988448466955253,-0.490151,-1.048082854041236,-0.21677027306425903
-0.6921366660590451,-0.3438433637485364,-1.05952,2.6219544340337526,0.03665128613665596,0.03008837841472522,-0.9677931658866736,-0.454436,0.14782010673108675,0.0149727231475524
-0.01444031647560453,1.5315522290855486,0.583337,0.5215038684845456,0.4990638332319764,0.5413142707854919,1.2929532564663002,1.497945,-2.2708884548550152,-1.445353526528251
0.2901647090979192,-0.3588854077076449,-0.58333,0.2624619594598369,0.8249611296428627,-1.3417313614418545,-0.863499929194222,-0.216341,1.206940630042839,-1.4590581701896077
0.9261836435642522,-0.31588745843367433,0.345242,-0.6976526489142263,-0.42775212223247294,-0.2440625601661429,-0.2040601626673536,-0.454436,-0.2734241816041963,-0.47318782443030466
0.29651919206247135,0.03581084645054929,-0.690473,-1.3547133195023704,-1.134202598560729,0.6986573132045972,0.4475122593404513,-0.906817,-1.1169884827123369,0.3597583406842713
-0.2790708300860678,0.4814551371438441,-0.595234,-0.10628087236420054,2.725648941376454,0.20334820175290383,-1.679062063553813,-0.204436,1.1393829505588882,0.7556070447744312
-0.5237257552184638,-0.3962973622944527,0.857147,1.5025184756925565,-0.04004052815688593,0.7890365393086305,-1.8885722919029275,0.557468,0.4853844059862214,0.6707226421104149
-0.18513771534159823,1.3885045985656586,-0.035711,0.251643126872166,-1.078669643838132,-0.4147085905409171,-0.576837500318558,-0.490151,-0.3673374827445227,-1.2814187438432032
-1.5438189142044003,-0.5345317353520621,-0.404758,-1.8131069417627956,-0.21897435960913184,-0.12904788791392466,-0.7717130116118347,0.545564,0.3327547874550486,-0.5528883459291365
1.2502589182099018,0.6243588225773266,-0.011901,-0.23963250087421276,-0.47412377235585906,0.114238553229117,1.147585454179833,-0.252055,-1.2177457384944976,0.988048954093152
-1.6658802606749237,0.7724696503441779,1.178575,-0.843731470546886,-0.2223305326210329,-0.34610819252714947,1.6042934202196293,1.009849,-0.8867322465716677,0.6111157520858373
1.163009630887332,0.9425959449464866,-1.416663,-0.842352398775184,1.4506539455533491,0.984591864035118,-1.0206731383051602,-0.680627,0.08228029597884054,-0.633236849293045
1.4283974800360033,0.38308892072921297,0.428575,-1.9020612050162105,1.281046222500588,-1.0432524787675854,-0.3879031183133061,1.438421,0.8205832722266793,0.3844608215983999
0.10023786311588748,0.13305280486947932,-0.630949,-1.3211037353042747,1.418289626105267,0.2730060566681145,-0.03710391775639492,-0.406817,-0.8210114899849469,-0.8243839841078525
-1.417294387300324,0.8154926877333466,0.904766,-0.09489710801476564,0.23011952393260696,0.2834182802868395,-1.7008041860276315,0.664611,-1.104280999267346,0.19630900875821927
0.5921900709999883,-0.3953182582869803,-0.595234,0.08411955365070288,0.3974290979565499,0.912394727567681,-1.2176674871240325,-0.621103,-1.3262908701499911,1.416917515083797
0.57229797677308,-0.6577634296478558,1.202385,0.9037030916632596,-0.7440556070350293,-1.2977873657282273,0.4286990364884773,1.331278,-0.9529068957323844,-2.184402056033511
-0.9567975584946968,0.15631852438084326,-0.547615,0.225948759599654,-1.3736809852122744,-1.1073851129159586,-0.18018083361238552,-0.430627,-1.588788445855725,1.9224973364331657
-1.081809754805081,-0.8331775314332772,-0.297615,-0.26213477748057845,1.358300067876813,-0.2855228558289818,1.275855431026364,-0.299674,2.072784771843687,1.120169520568803
0.4805179916315879,0.00272961036177044,-0.797615,-0.7624292776111296,0.05022296870361759,0.07039447356348784,1.2038084308199903,-0.466341,-1.1059386258993462,-0.16502540191754275
0.07772576669976944,1.8488244235509,0.678575,-0.7149716570116368,-0.8170749506445674,1.711171441536478,-0.1772048850764938,1.319373,-0.6157550022412003,0.8231123057902451
1.9159552122800256,-0.7621248339933474,-0.880949,-0.3405606260492403,-0.11568492336623366,1.2452805487594238,-0.41756674341862937,0.271754,1.923803016628745,1.1907831268955162
-0.31843203458264907,0.5707717802018392,1.285718,-1.397806754974348,-0.24254884394675016,0.7081328814740319,0.47999102926313425,1.105087,-2.4864659994799903,0.7667739182181484
1.1069109704695332,0.5466799670624883,0.511908,1.5092528515471384,-0.00844453763277639,-1.3764460216731411,1.570176107506237,0.914611,-1.0502023428610616,-0.1988673786416053
2.808044742086047,0.8891748794906604,-0.690473,-1.5684003136382474,-0.13294138682749546,0.3463769317306114,-0.14411234764330125,0.200326,0.2262701091164807,-1.088307723781424
-0.19262476940048032,-0.39914949526709537,-0.476187,-0.1568975863148993,-0.751697001715826,-1.0482229856471104,0.7312290061470594,-0.597293,-0.5485901628507409,1.7251641157993356
0.673826623562077,0.26312420959492344,1.428575,1.0808923677542948,0.2898860071238786,0.3658425206828894,-0.441478313948809,0.152707,0.5799917062905866,0.8623319951715734
-0.16720032409016553,1.7263528800403023,0.726194,0.3300543864382988,0.8422033152774935,-0.499018015662312,0.4901480849386239,0.343183,-0.11646584445343086,-0.17249559544068127
-1.0840109405996168,0.2675536113148301,0.785718,-1.8918672932122704,1.4275806933599875,0.4197117428564662,-0.3901991439899123,-0.51396,-0.6766303242810349,-0.5945253109393981
-0.7083032652007044,0.8812215854696388,0.642861,0.5394880967936352,0.25736828029830183,-1.482057131729032,-0.6729269228230842,-0.323484,-0.2754267596633632,-0.5665668247755499
0.8190247007507631,-3.243669587130321,1.357147,-0.5386513804132945,-0.2100380908380661,-0.43644837654378305,0.8753052027017444,1.033659,-0.1667915910959568,0.5100746953631525
-0.629618835566835,1.9909100829415545,1.297623,-0.6212364117333244,-1.0807792382792814,-1.290289567603528,0.0517361373160216,1.545564,-0.9713998734248372,0.5120578509309044
-2.1662730418879947,-0.9077344046928212,-0.130949,-0.16100541402389212,1.0154390269233724,1.3730008442353303,0.3630949070590422,0.628897,-0.6387914297551486,0.14700719527459227
1.1715468933342297,0.8402905999525213,0.833337,-0.732406834193134,1.0543996887176166,-0.9576292040954144,0.9605814814731394,0.855087,0.347489148447872,-1.404584761554987
-0.23072921894477416,0.14211021298392382,-1.380949,-1.505752334641261,0.9577678989425584,0.4279835888738771,-1.026420480732334,-0.466341,0.30720378060166853,1.0241210307686457
0.8956132400864019,-1.743561368470137,0.023813,-0.6905983985891284,-0.01154177169073643,-0.06961760893606839,1.4896411367377618,0.616992,0.5820110231660989,-0.19638330346559188
-1.3835657426627916,-1.4892597428456464,1.69048,-0.532053477233917,1.8932201579895205,-0.656542930658535,0.6832130638751619,-0.252055,0.5957158084816326,-0.41236384477346233
-0.2831129132937011,-0.6910671306337083,-0.607139,-0.3274468531744398,1.2750184745092936,-2.160063980024434,0.7175413904887151,-0.811579,0.02675016366282591,-0.04794643823216862
0.5133750650755271,-1.0009641942375505,0.523813,-1.1714156081970497,0.4671475842051266,-1.0412426588438213,-0.2358943351800504,1.450326,1.778597700705382,1.0318314643981616
0.4168156983126096,-0.10334625492280644,0.476194,2.209764273260787,-0.5402673064417314,-0.44027251356304126,-1.180760608181507,1.474135,-0.8170815241978179,-0.03054628964525264
0.04881757979313055,0.5503194287440595,-2.976187,-0.6940143541210302,1.2215985605433717,2.802674274891107,-0.19476398094719144,-0.835389,0.04237002228564181,1.8788612923169763
-1.471126005505464,0.40067808570322966,-2.357139,-0.7976742733785968,-0.33213289737086565,-0.24576612914336976,1.4027012941497683,-0.942532,0.09593040393054156,0.33508195683882663
0.906232050006383,1.5156372272372889,0.273813,0.05926307943617703,-2.1838769798758166,-1.199230218514158,-0.5411946883277079,0.105087,0.5053425946991724,0.9352525403691068
0.01468084478744326,1.1868138589158694,-1.523806,-0.5261531832214071,0.5290601330458982,0.53556670816096,1.8580337745988604,-0.823484,1.470377972717619,1.0412677702173088
-2.0737030437874657,0.2622850467401431,0.726194,-2.1561031841378795,-0.21834518274010412,-0.8678470182329023,-0.5293349961330335,0.188421,1.3721122566762929,1.5840915132143008
-0.23937927906995732,0.02514285120733838,-2.214282,-1.3501537640551535,0.7637779349401788,-1.1424126418093947,-0.2069108928731596,-1.073484,-1.620492171247908,0.1965091637050102
0.11197834317002324,-0.1834361143044643,0.488099,-0.6770933270224692,1.3204522122022595,0.02843816571578916,-2.005846851360837,1.176516,0.2222819498710591,-0.25335730703950005
-1.0820292792341475,-0.38167266382784454,1.273813,1.0389297812086682,0.6437866400486412,-2.239636214404445,-0.08408517617089882,0.116992,0.31879945084026684,-0.01215556776011999
-1.0625276940432118,-2.3489317489067334,0.273813,-1.6963305236019888,-0.8925271878581745,-0.305509434327259,0.6258899675802438,0.295564,-1.2971135014091335,0.887730426153849
-0.06667148841929174,-2.2389450905139583,-0.797615,2.362983578787729,-0.6812667314771911,-0.4858584369162422,-0.02285731632792262,0.259849,0.14608783516949478,-0.5512978470081243
0.5395183424747001,1.1934385593482808,0.761908,0.07931090941575601,-2.285724053987499,0.32397817712890187,-0.42883610575374953,-0.656817,0.7133875406109311,-1.3817521350697657
-1.055981396296362,0.12976069625793069,-1.107139,-1.3524987188766249,0.4715497137623008,0.2272171538095893,-0.9428556621785628,-0.311579,1.1435668493540994,-0.6517463642806407
-0.4974934219963141,0.3670053379625962,1.309527,0.8901286816417368,-2.4705339894885765,3.1665227343279945,0.41102211986736886,1.581278,-0.19109269612999333,-0.03520857098824095
0.907661018314592,-0.4604887055451811,0.761908,2.1877815364069866,1.4816721809689877,-0.6008429643922981,-1.8082061723730425,-0.466341,0.19725416975896895,0.9068901079729832
-0.459571013811492,1.979678202954113,-0.595234,-0.1864987233810224,-0.4184751384568163,-0.5339797926437577,-0.7976658037014394,-0.299674,-0.10431272855864912,0.7038972801569888
0.7334373721059414,-0.4821567093335826,-0.607139,-0.2073208562546994,-0.03880430786941744,-0.11196959959234994,-1.0529048979899256,-0.716341,0.32088613361161167,0.24959626391720413
0.9479884135492976,-1.1166753864929495,0.726194,1.3164018016911172,0.12453987199969152,-0.37290729092721464,0.1128305629412717,-0.383008,0.4232954499854944,-0.14145610081614984
-1.8317227140509784,0.19678169852369895,0.571432,1.2760180164219856,0.6108211288660256,1.1624284385711112,-0.5053125921260383,0.366992,-0.376398939490494,-0.20380802364244496
-0.46003967835937526,-0.2840578373120909,-0.214282,2.038583275698772,-0.05636683405895227,-0.6407900787587374,0.05183135297924782,-0.609198,-0.5318302022834339,1.2353149058803052
-1.1885695261818454,0.4113017209256414,-2.178568,-0.2282414043330768,-2.6563163663018776,-1.7133267555475846,1.072523350880508,-1.085389,-1.0467890240346605,0.6213720263005998
-1.0142665626068603,0.11735395725475434,0.404766,0.8771641410900644,1.4237356216436816,0.6564803792239742,-1.100117897610077,1.176516,-0.20531587831402212,0.07531016211339765
0.7197877896019856,-0.7837063425680629,-2.488092,-0.38668264464417335,0.5433095012889211,-0.155981884643362,-0.00826910381466841,-0.871103,1.3420616251137152,-1.328638923552015
-0.7163646733434507,0.6029146515281948,0.773813,-1.3726661316570854,-0.1213923285819953,-1.6788661648750318,-0.4920982873066728,-0.085389,-0.47537203679142304,0.22161521150548516
0.00664310222330813,0.11927728226343724,-0.321425,-1.1805493969857523,-1.619583945465374,-0.9283314858804697,1.2870930806230318,0.247945,-1.0392763790920352,-0.280607278570774
1.1166036609694732,0.12280901197216092,-0.535711,0.47772482292828167,-0.00352335810049656,0.15130148816436223,1.1753118832609335,-0.025865,-1.1825753080911925,-0.27800361668608503
-2.2136405351336643,-0.6815311140404138,0.607147,-0.08208861243418977,-0.5486632832660747,-0.10484289983542194,-0.5185266002423432,-0.406817,0.9205458205444378,0.2020041227412187
0.255491889994758,1.69276176262876,1.154766,0.6117661811573141,-1.9158689185344835,-0.2243536969953663,1.287065780115717,0.652707,-0.4754280739285411,1.3950268315416028
0.13180991795743796,0.28712601427806705,1.000004,0.5128631601839071,-1.646729496256485,0.06500363494471001,0.9031141416712376,0.128897,-1.9149563516075752,0.9290265858545323
1.1957723936818807,0.49159407008522626,0.678575,-0.15679707352631728,-0.13628371998156152,1.1203283132399109,-0.6082431556710494,-0.466341,0.5017783777981026,-0.29350377424140184
-0.5452872426743277,-0.3537217614915749,0.773813,0.6282143947771391,-2.0602665103841957,1.9522931764706577,-0.1713747273573067,-1.133008,-0.9072005895348828,1.051676465554897
1.080721326192238,0.4832642877744248,-2.999996,0.5107440292365979,-0.16032786435786028,-0.565500199718002,-0.1824045473345401,-0.680627,0.00663546343532069,-1.43423844910872
0.5472036533147965,0.02715951948543171,-0.416663,1.0226822885970297,0.5713877563167026,0.597248573620816,0.4028852958004226,-0.097293,0.3329507636077172,-0.931008943769635
1.1738907738765032,0.1479114158686352,0.571432,-1.2583449422348083,1.109691991309803,-0.223936394666008,-0.5986134905739623,-1.049674,0.3720568397131381,-0.18104213337349717
-0.13036127316347076,-1.1461895067117116,-0.55952,-0.7050281091217447,0.29377164809712286,0.8241262642697388,1.438873448872745,-0.347293,1.197409177169549,-1.046529869838634
0.2940108656595268,-0.4904727464496178,-1.880949,-1.335707222330154,1.336066431456283,-0.3277099926267053,-0.07360141705982606,-0.990151,-0.22183288930668063,-1.0160456659545722
-1.3403625117886582,-0.8914535790836708,-0.190473,1.007804512704357,-0.7791246858397175,0.543085244754387,0.5478503624964105,-0.156817,-1.1703256005084297,-0.7347522567713336
2.333470685544124,0.09530766423836116,-0.142853,-0.6338523919591333,0.20237617748193432,-0.7822664623190294,0.9126291384528956,0.152707,0.25003724976380004,-1.0273006537650875
-0.548258516102324,-0.6952342142214767,-0.440473,-2.2447544819162366,-0.8982395264741047,0.11576992246185948,-1.5621825149115065,0.355087,-0.975815222376442,-0.07439728642598184
0.04454857494763675,-0.8599958086383085,-3.08333,-1.6404602764335463,-0.22337891794603895,-1.4503391014654354,0.7418427956208603,-0.704436,1.0042155453051436,1.248195982890711
1.0748289334140786,0.958174998284542,0.404766,0.06600407408310864,0.4307019559925576,0.8463084694391301,-0.2683013723212222,-0.228246,0.19837946582979665,-0.6448845509084449
-0.44536406900026865,-0.8484992489115065,0.011908,0.2082652533928037,-2.179887720373338,-0.8088586798572105,-2.270898387491092,0.509849,0.02539301855476711,-0.8760356387763242
1.4709561095898307,-0.4163184800991724,0.071432,0.14075156461857474,-0.7483433423593193,1.1268118528910038,-0.34602372639768525,0.48604,0.9422042969536558,-1.8574553816450083
-0.1546233242466003,0.370195979081005,0.44048,1.4317786870952287,-0.17083339358266283,-1.3323202460105128,0.43429039311225354,0.045564,-1.5923770715425507,-1.8761986430578776
-0.04950717222989501,0.4588434582994109,1.19048,-1.6907342326988466,-3.737101479373295,-0.4288383204564767,-2.0325905501256547,0.569373,0.8318748029387527,0.773141097064476
-0.2735637491871411,-1.0811891769596669,-0.023806,0.933574056551122,-0.12735087007552692,0.13329370995200754,-0.16282985655796847,0.069373,1.7459923971523983,-0.5003804049922158
0.04620883945745398,0.00946967839810592,1.511908,-0.3858740959670904,1.0920488464510003,-0.5801295322739766,-0.6120882581164673,-0.025865,-1.1633564717090166,2.173469790020897
0.8749244412850508,-0.407733840226816,-2.535711,-1.008834456883715,0.7359092432431722,0.1793365171292778,1.3660199859820936,-1.085389,-0.3816639918404083,-0.1271296642454782
-1.5157249042896872,0.16235820351077396,1.321432,-0.5681827508631508,-0.6508188309330069,-2.640070583985977,1.355361862796495,1.057468,1.0129834430948383,1.0817376071299851
-0.4248292882517907,-0.23890878219982437,-0.690473,2.704215497600122,0.4915105257253812,-1.5694769246919902,0.8559349793458996,0.033659,0.47685216997379126,-0.6806985774706692
0.31197584345451895,-0.9088519257392326,-2.845234,2.300777951847578,0.4163612539274159,0.4449254302284876,1.2681705204684146,-0.704436,-0.1264423312738694,0.09723304364482648
-1.2231510747752723,-1.1580285539306503,0.785718,-1.0549852023060744,0.7291099833129093,-0.6425877618111537,1.33350106179408,-0.978246,-0.4296559383877627,-1.4508797887628695
1.2941379866183211,-0.9182207434441092,1.023813,1.2413738121451765,-0.01092565229757338,-2.5769008373008173,-0.3328224157429947,0.581278,0.23753336486476304,-1.522526776824993
0.16834776354790043,0.8029523810579062,1.285718,-1.4670341093864017,0.8980376483205261,-1.8526948175183728,-0.9459659338270436,0.283659,0.12600674288290908,2.1039238731646006
-0.904682270401993,-1.1156122770263035,0.464289,0.7717471831958351,0.8092909302533342,-0.3101377654458202,0.01314532344328666,1.426516,-0.3722781566837602,-1.3683953817622836
0.622040295721679,-0.9601498185086582,0.69048,0.5926023186881724,-0.6642261205348506,-1.725308401853984,-1.0158554415495882,0.843183,1.2708791791562979,1.371193649833251
0.28650242861508557,1.2841441167018046,-1.428568,-1.597509511361131,0.2968734222844764,2.2721940808669596,-0.9564875710673604,-0.692532,-0.8722719157655429,-2.0572135609027487
-0.29145546834417646,0.7900837884371623,-0.178568,0.5801952674841568,0.7930904128891755,-0.9178765454774932,-1.8816095289547343,-0.406817,-0.5197690353392717,0.3619070653170421
0.7369880723352801,0.18476777896993923,-0.797615,-1.914690508228432,-0.5467241315240574,1.4295048115128364,0.9370862619668612,-0.002055,1.4099867420361218,0.4533046065513725
1.6387700656168145,-0.03104238866200902,0.857147,2.308625011997953,-0.5570315353091745,-0.33234451743392823,0.5042859587909075,1.152707,-0.5450011123935077,0.956450645517451
-1.3430396401627744,0.3721309932305278,-0.642853,0.02322276027934273,1.5913582392636665,1.8817569765993456,0.3219372319719368,0.545564,-0.2810081713195064,0.8052432522282361
0.17109100122617435,-0.20728518787468697,-0.523806,1.3769033390328127,-1.7446363920318106,0.8721725426483701,0.48501078617240584,0.271754,0.25124816307229547,-0.8832165629719579
-0.954019421265904,0.2210685684117946,-0.404758,-0.38058431032613665,-0.7078905187197817,0.09105877881642097,-0.733032829116052,0.355087,-0.22481816509629873,0.8821306347215191
2.1396494677641735,-0.16925244967881567,1.321432,-0.7800744995790333,-0.8082924431441354,2.0248656316355373,-1.160288394129973,-0.144913,1.287861323728301,-0.10372669861397586
-1.766227611569818,-1.287013211860191,1.309527,0.811601368037231,-0.3780024218389662,0.4683510189360556,0.7124390632692985,1.545564,0.5642646002076839,0.02756200603346739
0.46363224328052755,-0.08864790300536896,-0.416663,0.7176353954703669,0.4666094562691469,1.6328722276000434,-1.1918313858044425,0.46223,-1.2182821420509284,-0.3676788566135455
1.1555151397160757,0.3132031334539008,-1.035711,1.590093423193386,0.3922336594007995,0.01136077210932597,0.03764943331141952,-0.133008,0.15572459849571169,0.8374142102137863
0.2142996874057592,-0.5637026655143463,-0.011901,-1.6958743512741388,-1.2462176424699265,-0.20007780917740348,-0.08189342782527688,-0.192532,-0.4595240418843458,-0.8433082842908951
0.18228333310678088,-1.8397330317958724,0.345242,0.30786681031849594,-0.4427041991526131,-0.1979799596986937,1.1905016512787587,0.295564,0.21309094646291132,1.9987354899072023
-0.667010321863122,-0.6544580865443869,-2.511901,1.314773881509108,-1.893475713419151,-0.2180313509905318,-1.1992613615588743,-1.061579,-0.6535071302266462,1.3235310869434902
-0.4400547342468949,-0.2895727220416373,1.369051,-0.20655869219628328,-0.1466281378452466,-1.7130760795808149,-0.1891226208674135,1.057468,1.2816799665219922,0.35447215114262653
0.8144395799290174,1.100905274416288,-0.845234,-0.08562456285173282,-0.6772026518060558,0.4149167277714693,1.1798826957083055,-0.323484,-1.4260477753283174,0.02761199319780308
-0.5672986243215542,0.07985845716259508,-1.08333,-1.3562090226514958,-1.132549555115897,-1.488419578911027,0.9692803432130468,0.033659,1.0510984660048803,1.3294604311996443
2.158361819708395,0.26253425507505074,-0.369044,0.18614476029091137,-0.34982804844229076,0.2992641707655971,-1.9335441689059785,-0.53777,1.921692491750166,0.7048337559669272
0.6728453930006921,0.07798926643534101,-0.607139,0.7702697786298208,1.0070865255324977,2.0678378019253993,-0.5272532604414961,0.48604,-0.9144589841603932,0.42143860173332326
-0.6488017869036135,0.8420849566943811,1.297623,0.5441578848875388,-1.5419450429054102,0.04903827971803393,0.2759936991214223,1.164611,1.2897116735359335,-0.579485049964566
0.817642306049116,-1.0865870275652114,1.535718,-0.4046816106540907,2.2994158449731024,-1.0085898162972131,-2.217121190989849,0.176516,-0.09480237893979387,0.8976074052680068
-0.4993675531543048,2.2313801331801852,0.845242,0.5461969125535544,-1.3434050484683937,-1.1849163826347908,-0.7505706082484572,0.640802,-0.5720267964112976,-0.2151120084972779
-1.263291901611123,1.4105959526071927,0.083337,0.21896554368479196,-1.2511775391027156,-1.1603495013666647,0.20849612203559653,0.581278,-0.7826192830548531,-0.32444699535370203
-0.9061016629459564,0.5661857184208782,0.773813,0.315838025009015,0.8593142486465719,-1.6146488458418164,-0.8049901613792443,0.081278,0.2515568276444476,0.8126743143744568
0.7923097005730718,-0.00957179265085098,0.250004,-0.7906147377249689,1.42283505985226,-0.7837772088570226,-0.7926143654384575,0.224135,0.541601051019936,0.08265952672406553
-0.2467571449480791,1.367380966484013,1.821432,-1.3871898589650835,0.5330184376700505,-0.2362722155549317,0.11805692700872776,-0.144913,-0.9361746344276632,1.6686531910641462
1.504315351088058,0.13194834345213888,0.202385,-0.9920764873444088,-0.21562729704268865,-0.18466477307348797,1.470512638573608,-0.156817,-0.7063329372036783,-1.8446154965302968
1.0556349945037196,-0.4834020305879744,0.880956,-2.204476120048468,-1.10804868906318,1.1263250774752562,-2.3835280546180084,0.426516,-0.8026453921578561,0.5479150004180465
-0.03208665480257801,-1.121794260513908,-0.321425,-0.13956040263945255,-0.9228429838171096,-0.00335816062673415,-0.7888277422045613,0.628897,-0.09349480619077842,-0.8885448623465448
-0.8890155571015458,1.1577082865256805,1.345242,-0.7483605428871456,-1.4021878250328037,0.8404019187753965,-0.11259681332350724,0.902707,0.5263749163296113,-1.9708708814491764
-0.4908693581100886,0.7190888006971673,1.321432,-0.25724632979879786,-0.05441783613336013,1.556757137035354,0.705910344339609,0.843183,-0.32715824848475106,0.7190395524042603
1.0261026509275428,0.24523953071269572,1.19048,-1.698437337261565,0.7647580879637407,-0.20061523761758632,-0.7512709084281416,0.533659,-0.6233145874936189,-1.5325854591103516
0.7894503400214645,0.13294080159644092,0.726194,0.6084368941097617,-1.736457775928166,-0.5458292848522488,-1.2758799121515818,-0.585389,-0.20907692983765144,1.877666930902832
0.5286751495365145,-0.2689598303369857,-0.428568,1.0294218343639805,-0.19821749576682549,-0.8189893817890671,0.5836392843045008,0.46223,-0.7709216501369164,-0.17498150784466646
0.2466460671969745,-0.00704030032401693,-2.940473,0.6380145261578628,0.02243562685372551,0.7127958652465854,-0.7419266546742701,-0.775865,-0.6213524071560391,0.6297557829954501
0.1962396460569912,0.99715403609288,-0.273806,-1.2441476654183434,-1.2588405499934696,0.7797617007367187,-0.9439883691256882,-0.418722,-2.1352523898495375,-1.7906523809628971
0.6690339285874587,0.7012548946085226,0.976194,-0.1848059372994705,1.1548681369243945,-1.4931999752388112,1.3469875009372432,0.557468,0.0998906454645782,-1.6582714934863627
0.9903354208087312,1.7765935382612847,-2.940473,2.387157507693798,0.6823965569137191,0.09511236213686544,-1.79140709390071,-0.76396,0.13261367520589007,0.8993260130918646
-1.0226494378377191,0.5566070134187789,0.726194,-1.589499034083819,0.2094921841629883,-0.7877120279878105,-1.292240473460284,0.878897,0.401373196197604,0.2290160661775301
-0.05596850282487272,-0.8430564940724463,0.380956,-0.27112150455242123,-0.1709249239055963,0.6429482430696457,1.613344548225811,0.295564,-1.304381280344644,0.2790414450684452
2.834811293476766,-0.19565756195122205,0.357147,-0.16161494144119856,-0.4859310097571301,0.8356486449274283,-0.4569586327337647,1.509849,-0.74441294506269,1.8450831106529892
-0.7896909148916985,-0.7185168754400655,-0.678568,-0.01314286228938409,-0.01459389446283612,1.097604459696452,-1.56420880284611,-0.978246,-1.3666870361769992,-0.10615106318733857
-1.506610818932463,0.2531960879224644,-0.690473,-0.05749651987179183,-0.11667599267281542,-1.408558275416019,0.28914755500239325,-0.633008,-0.3006897031064545,1.778964932445508
0.30267138793109155,-0.664604288699376,-0.523806,-0.8316520876988527,-0.7781716393212745,-0.14298458150398,0.6571804746321416,0.23604,0.46988571447910793,-1.27761336505114
-0.32721259184773,-0.08401888914201736,-0.154758,-1.2797613875603615,-2.742000866051094,0.9177715407985582,0.3494628370959552,-1.240151,-0.23649110351404456,-0.3667962286273298
1.493034769645656,-0.29269784547037236,0.821432,0.4177746050736102,1.5840545173475271,-0.995493111645786,-0.4739490137422202,0.98604,-1.595832695764615,2.996666378499188
2.2173688632239155,0.19379219369533957,-1.690473,1.0839259405411834,0.3725950986566238,-0.28028999035696084,-0.44198687668837205,-0.894913,-1.9721276366990328,1.7440493644358774
1.5513071759075867,-0.8731329780824342,-0.55952,-2.196829487319478,-1.1397091859777595,0.547241605478376,0.8067469095088879,-0.275865,1.1564008349524326,-0.9265922311852964
-0.4365918178859949,0.4510249890069047,1.452385,-0.6679058185812136,-0.5833763002944564,-0.5723063825716287,0.9923611094064267,-0.097293,1.0491579123808872,1.9627825074465792
1.6190353563607438,0.2852115183199781,-2.261901,-0.4443381605882265,-0.07398507367849634,-0.8077201333180608,-0.6408933564077959,-0.942532,1.3177677282013789,-0.9812679641532456
-0.13280196294239083,-0.18329629116867763,0.642861,-1.6901847773367276,-0.534764767309275,-0.2225496165647885,2.7579928944299614,1.450326,0.27273751449129996,-0.940991162492222
-0.9998813712524606,0.6646467963034458,-0.369044,-1.5509278320870667,1.0594100611047486,0.9430447066575618,0.9387713142702152,-1.252055,-0.00293177574117778,-0.600770614001918
-1.4532190065405366,-0.4232904057244662,-0.749996,-0.9330057625319552,1.5452554182536624,-1.344473502102414,-0.5857447472251691,0.128897,1.5058117165857212,-0.04856769574323242
0.5507668828123182,1.414798553877479,-1.547615,-0.27399539890545166,1.1180305153229089,0.507620763661902,-0.15871465903288484,-0.859198,0.00576027910085099,-0.7542689363399929
-0.9738763066905348,0.02368731487270073,1.238099,-1.595140448805658,-1.0289729886076755,0.5621954384469444,-0.4954217937054729,0.497945,0.07223062029686597,-0.9860000414654428
0.06641232277804615,-3.0208780795501893,0.785718,0.22966960078874513,2.1731584239077963,0.05822602589768035,-0.5432679526006007,-0.192532,0.09884813877346482,0.4137457865097863
0.21052430176986897,0.22858055811830097,1.119051,0.8312188852179737,-0.7305544414058543,-1.3033852769592924,1.4638979997916324,1.105087,-0.3085054490957669,-0.4970087344433961
-0.03764265342235925,-0.2359443023272632,-0.345234,-0.6985704489963395,-0.6364524782294565,0.17718101624084331,-0.3425459115914019,-0.478246,-0.23850587028160888,0.7300649346599816
-0.28695458081016206,-0.6744453751310885,0.583337,1.2300843046312244,0.16531301959093136,-1.0885382092020777,-0.5186863731778151,1.390802,-0.00915067586330202,-0.8941411404910101
-0.30755668817984455,0.27609045921959113,-0.249996,0.1157743922220066,0.0885880097677139,0.6088096416900898,-0.0628911658193503,-0.442532,0.30998011066389863,0.2668526570732239
0.15243527658051986,2.333475918864097,-0.988092,0.29380080177085705,-0.626453805281813,-2.147652120560259,0.22101977987034097,0.033659,-1.5046433477867531,1.1050281379994176
-0.01753901557818734,1.5269683550134123,-1.071425,1.2528730992859507,-1.2177870834941025,0.0489481243369213,-0.20381149891715428,-0.311579,-0.3084730227104389,-1.0936343929367467
-0.9764440696138112,-0.130507240609799,-1.369044,-0.3688546062056339,-0.04544962927851827,-0.3762970319468454,-0.8310244258233868,-0.406817,0.8775706900006541,-0.2990432891224048
-1.094744245062254,-0.9837556231271808,-0.535711,0.06411857191489144,0.1563828028327532,-0.08272767474175155,-0.5653285730824053,-1.216341,0.9319556802922122,1.0060166557273598
0.8434825926971615,0.9204650994505283,0.821432,-1.234249309532813,-0.6169103136886825,-0.4727728375729187,-1.0273420390995085,1.009849,0.21804194110658412,0.7066694433075158
-1.7868139494446484,-0.5483444846114695,1.500004,0.0520620723604947,-0.38986908933581527,-0.13346733835319324,0.1043702292021408,0.271754,0.5715634785264726,0.9878856640908046
0.8833943857398244,0.7823138531165699,-0.714282,-0.8260839728672801,-1.23281034723619,-0.7938515932706012,-0.6772465343140002,0.509849,-0.6411882970452262,-0.44035338898357734
-0.30900912714414663,-0.13456121707341476,-0.642853,0.2344529829365924,-0.2047036591604291,0.23737878177078195,0.7204178229652547,0.438421,-0.779640292806583,-0.00136188099968013
0.2924337727722523,0.3913475359564566,-1.107139,0.9621957403495446,0.09571963869416546,0.40936500695494255,-2.2002448297101536,-0.133008,-1.182641532475042,0.07560861090243147
0.7389256827411028,0.15899969135080597,0.154766,1.295836065178939,0.02613750642346607,-0.30535553587842396,-0.14541361374997872,-0.371103,0.12507004728522703,1.8296881559916949
1.9795397180921472,0.48873767447020455,-0.761901,0.28906892845866305,0.5728336075808071,0.2507639872089116,1.4104237723030355,-0.061579,-0.7026769400379866,-0.06862635267665035
-2.1260328637298187,0.5385622611700248,1.023813,0.2129269082487905,0.6813566884370066,-0.6056139586654936,-0.07477860435403964,0.247945,0.22896409607605803,-0.4058297851106412
0.6035995800184959,1.0661014948436325,1.130956,0.31284737272733065,-0.06512922616745424,0.34269637784264934,1.4136185985144134,1.009849,0.16454282928272362,1.1820889458844686
-0.7081312330144596,-0.1750837536920192,1.452385,-0.6242902549458105,4.5371336015044e-4,-0.12453826731357136,2.323558243971811,0.093183,0.3105814002017057,-0.0616879584226297
0.507970671946382,-0.5431820280479276,-2.380949,-0.15461175587260967,-1.6358601038029772,-1.5728867989662063,-0.7378014755508784,-1.061579,-0.6509833406638238,-0.4248507929530531
-0.06766464335290136,0.09674741883337935,-1.238092,-1.3541901171883637,-0.37519854197484054,-0.0555363489058746,-0.10829878720837537,-0.561579,1.3972538171636888,-1.78265592753453
-0.6683377431410521,2.339057217172845,0.94048,0.31771310175224293,0.11422341105408625,-0.7286336723393071,-0.4472322644087991,0.343183,-1.13980174195219,1.9407144408207369
0.5241761885521563,0.04584835416974404,0.928575,-1.565152334647035,1.2721766654473097,0.9345990799424234,0.971875830287615,0.009849,1.754169376764717,-0.3163904835729441
-0.01439241436113081,-0.6748634957714668,-0.678568,-0.6464998020832171,-0.6100945030800049,-0.5234734377142639,2.11947262489179,0.355087,0.3070045710154797,0.28820287413076184
0.07640087978731845,-0.3763110981623955,1.511908,-1.5945858401218551,1.0006288607669735,-0.6519385094028378,1.0493113324676206,0.247945,-1.0561688935893585,-0.9683491082905696
-0.21243106167302653,1.0471330822937033,0.297623,0.6542431284570074,-1.3921589714061204,0.4022406963581443,-1.188737718028396,-0.240151,0.5818687193422718,-0.4529756925468621
-0.284786113685644,-2.270511541542681,0.94048,-1.5159199535001109,0.3600256066517824,-0.4855157588228746,0.9695577671720144,-1.228246,-0.5892355497581349,-0.133306535179536
-0.5216653910905178,-0.20807574611842675,-1.55952,0.9932898304240972,-0.06033382307880801,-1.0983922871306828,-1.2357969572033896,-0.847293,-1.5459220712306223,-0.08674892600301551
-0.32661672731905067,-0.8618456991703467,-0.535711,1.1761079490776951,1.6321229117582576,-0.3741375946368364,-0.5501167294002133,0.450326,0.8460355181583131,-0.28007280533212553
0.190703920767857,0.02556803526133667,-0.595234,-0.22017514325104728,1.1393673497217252,0.13914789886678275,1.6051519395768177,-0.597293,0.08313175764814529,1.0635640751898072
0.8857752816116502,0.01887688473293377,1.000004,1.743712025015129,0.5875323142491718,0.5470136255019573,-0.8952491175533593,-0.168722,0.4283066645383087,-0.41127722629781266
-0.20568349851491305,0.48029291892065046,0.726194,-0.00978592488115153,-0.5073529653866405,-0.8299304351893843,1.711352271005627,-1.061579,1.167568963992557,0.2341458952474185
2.3273678432069316,-0.4087301995805404,0.845242,1.1303746439943168,-1.2721855280583578,0.00656157461632365,-0.4841768687696493,-0.347293,-0.8265462869236714,1.1207736010296574
0.8721825239039478,-1.2919489288531971,0.011908,0.18475497087423784,-0.37509745502669073,1.719068778937934,0.3907120686630325,-0.03777,-1.1556751485550345,-0.2674622870355671
-0.4795611838467975,2.2423935974251505,-2.928568,-1.058330550924348,1.6427867842227997,-1.5630211790403954,-0.36632164191417055,-0.811579,1.7716923907273758,0.9719882152428948
-0.12270659024506972,-0.1889976896086452,0.607147,0.0388518077942418,0.4217543350066244,-0.10618871743870806,2.4093421264474237,0.152707,-0.9043239237328332,-0.43537893034228986
-1.5555504475786666,-1.6365401204515606,0.880956,-1.126804089833268,-0.8150801100344637,0.46050133685613626,0.01620550876835649,-0.323484,0.23088235503671817,0.9524598091588408
-0.27292197981679317,0.07683502798699286,0.285718,1.4164390777170448,0.34283448882582807,-0.6819198840644882,0.7621541973404258,0.247945,0.2320009582142204,0.7497603638926648
0.7663422664630436,-0.6132533945706945,0.571432,-0.8403370242230223,-2.224542296604734,-0.38776794579495166,1.4814944224594482,-0.204436,0.973538749670373,-0.04563809777964032
0.9437281395564324,-0.3442393832114375,-0.154758,-0.4787216015408715,-0.04960125397575983,-0.19759814313775748,0.28615092901529615,0.045564,-0.6565365732677609,0.290512578362902
0.4155441342196419,0.848957956568414,-0.166663,0.975485418335913,-0.7317748795453947,1.2604312100754504,1.666498585310607,-0.121103,-0.6718683409684718,-0.3217129037751015
1.883821956190468,-0.8257177712360168,0.726194,-1.9577789318941856,0.17961570166282126,1.5151904955115767,0.02395125103307388,-0.835389,-0.02883738735234043,-2.4798597323620357
0.3957551662675626,1.0069820921621866,0.392861,-0.8483965052307204,-0.7217606909608517,-0.7053043746356942,-1.533099058163031,-0.311579,-1.2608027309313066,0.24449947206170128
-0.06767662290877186,1.4251524796862305,0.261908,1.5191024931087218,0.20743559028416417,0.31564852544825606,-1.6882389974123049,-0.073484,1.1120641799468245,-0.08570536326887362
-1.3477980619786385,0.99086315614201,0.238099,1.1594475882506547,0.9449125854725408,0.15960160279213512,1.3303276887553963,-0.311579,-0.8792247469044261,0.06347641330888626
0.6370530446665901,-0.04358178994733999,1.44048,-0.3577756303699468,0.5099042684110447,-0.4512913541102449,1.350023358980478,1.557468,-1.0854070419979,0.32076762309805906
0.9072213038481254,-0.04451540614058809,0.44048,0.3333857898611704,-0.03853002112962671,-0.239684724419085,0.3341191419142974,1.152707,-0.7817908167840648,0.4131857085979921
2.7976574993848216,-0.7661268119191867,0.642861,-0.0763102109861115,-1.0695163286838667,0.33485066102535305,0.718837190244129,-0.180627,0.5741494134032522,-0.4446217424592341
2.4485059018174016,0.35282970006315256,1.357147,-2.437859260172292,-0.7499886535311608,-1.1253868607045212,-0.91347843766658,0.343183,0.701768996009413,0.1932857771893685
1.6350229621669723,0.2548885888663897,-2.095234,-0.26849126077387064,0.523550824501235,0.4756189104493079,-0.7893488462411807,-1.049674,0.7129774073530177,0.8767922483285504
-0.7405482759827092,-1.235339656954131,0.761908,-2.3534564237733604,-1.3673572832528569,-1.1012567159902522,-0.2502134625871417,0.081278,0.5733386027749741,-0.4459279961807443
-2.0896344706295062,-0.40949227060991633,-0.535711,0.7569096379153186,-0.09344486253130543,0.27002371260882685,-0.1279326206207823,-0.668722,0.1275177777534094,-1.2084387424208944
0.134725120533781,-1.123290625124009,0.321432,0.2571164847131944,-0.3549816003387511,1.3364437341841482,0.4024743362292706,0.021754,0.3767108706184549,-0.17267734276323732
-0.08294195825076651,-0.16445107885955731,-1.08333,-0.5922554362476022,-0.16830670018647967,0.49476141136108254,0.6458535585968649,-0.204436,2.079939869195417,0.430949052453674
-0.6674787487027165,0.8507878139222235,1.130956,0.5755310620314117,-0.08191568844781852,1.0721043474645475,1.9555145251022612,0.319373,0.22926147753093992,-0.02929284721281296
-0.100000457389397,1.8920686015525203,0.321432,-1.8586462020217052,0.2290957017586985,-0.7065743806464009,-0.9082389581738244,-0.275865,0.12482549473926904,0.943561620216044
-0.23057936997575737,0.09795657261018446,-0.440473,0.9767040830784474,1.5423856655610495,0.5277696982067575,-0.6708873561650714,-0.252055,-0.03869242297521915,1.201018401207186
-2.094552405092113,-1.3930906734356137,0.714289,1.415263015084623,1.3097328915162665,1.5994581260119705,-1.8527601041090191,-1.061579,1.8065149830005416,1.141982944089326
1.3614513680990152,0.09738171568322836,0.511908,-0.7139964335446813,-0.5688254631234357,0.3811771500221805,-1.6760577270856705,0.093183,1.3274319507814103,0.2078647091473592
0.6296856301352797,1.801754699254951,-2.916663,0.5745694234555672,1.6481284587257,1.0472029813775665,0.05704634657692742,-0.76396,1.4525173180658273,0.27904935037990436
-0.5599792086359499,-1.1864822014122445,0.857147,-1.697506124953609,0.92887556174471,0.8960699690769829,-0.259576021089553,0.033659,0.712180894399125,0.02410864984161434
0.30215387065233695,1.4471384114976793,0.095242,0.9031152923970248,0.7066402056995823,-0.42258663234100713,-0.7440103164961238,0.116992,0.41653391403188617,-0.06900154590065513
0.39186189801771415,1.2456535331687415,0.523813,-0.3789768576175986,0.5904340403538589,0.1840967364879305,-1.7428883819731678,-0.168722,2.3041259019220752,0.203744485016324
-0.5448214948153156,-0.5928785171711708,-0.392853,-0.09799212551164692,0.2097264931426444,-2.02604477971608,-0.15652583094831116,-0.644913,-0.6596743876710266,0.12108852476536323
-0.8727310269623182,-0.04815085307020179,0.226194,1.6946667586180266,-0.5261841742234231,-0.03126473121511541,1.813183249753365,-0.240151,1.0982972218761682,-0.49532172614061537
-0.468521497720878,0.18676550311697007,1.488099,-0.4658558533159852,-0.2166056158267484,-0.09298061724309556,-0.31580862312718777,1.319373,-0.19064365300116523,-0.2346028328376802
1.1283539533588878,-0.8737411308991353,-0.726187,-1.2676734721201688,-1.531988600837518,0.7816530865070631,-0.666241760248303,-0.918722,-1.1319277057815411,0.4513714376729984
0.5122999604926535,-1.5538831817878154,-2.523806,1.2033236145778052,-0.9067439489806404,-1.7801690797728829,2.231005574475368,-1.049674,0.4440653381270218,-1.6228696211181792
0.7694970919228403,-0.2995853294909414,-1.416663,-0.8142126113870781,0.9731706959443096,0.367232277583807,-1.0919571895469085,-0.597293,-0.33048368935443984,-0.6309795812434638
1.3496220981627167,0.3397186348203752,0.94048,-0.9069026652746368,0.9264751295233998,-0.1166517883271678,-0.6796312417776933,0.283659,1.0890687414993918,0.02308913881565072
-0.3767948226348411,-0.01963726255052681,0.738099,0.8844828489441,1.3860909448523346,-0.8457127183096834,0.5398377068161857,0.938421,-1.2342206901718074,-1.0659609985051894
-0.8008461854425213,0.6163559373558454,-2.380949,-0.09388606050741066,-1.2584556898540575,0.3969079674738414,0.15111715430670591,-0.966341,0.4570350809338421,0.6701975783351827
0.8578625719562465,0.693301341372837,0.69048,0.36426975135690304,1.7273007640030356,0.4189177127706498,0.00665523404012145,-0.668722,1.7281754073979565,0.18902030010804752
1.035110278644113,-0.34869267763003325,-0.119044,0.8386334084452539,0.3776013447485903,0.8263805106252395,1.8701048461713223,-0.466341,0.25675384251717076,0.5831666056805334
0.6730662486965159,-0.7251060929472756,0.857147,0.4605429374581394,1.330919983155829,-0.10604994171281253,0.3313880607496053,-1.192532,-0.8512278061781334,-3.332943533242e-4
-1.410355663542043,0.7310137124645665,0.583337,0.2571199527069599,-0.13505211605394696,0.21074677322497484,2.2410885461202423,1.378897,1.2824033693337111,1.310029568944851
-1.6341246284480249,-0.8371389770385083,-0.892853,-0.5849299704872736,0.12109519598122682,0.07143067407295177,0.30710999035010506,0.307468,0.3458152706369692,-3.0518636797124072
-1.060831062269743,1.519338733800115,0.880956,0.11082376401116792,-1.359457576009102,-0.5439510172732872,0.4883485860534223,0.950326,-0.7705399526426129,-0.5293581756118735
-1.5560657528566044,1.0290996611161345,0.880956,0.776277893606408,-0.5666299834913935,0.698020920288837,-0.15078792701937035,0.819373,0.4385268994751582,0.4993861497540533
0.6378171836452176,0.8592742887267165,0.142861,-0.7058110373548014,0.25487643330400844,-0.7634301499410702,-0.22787705581356776,-0.466341,-1.0367262548132865,1.0235511025117603
1.4833068372908842,-0.5560988954326552,-0.964282,-0.6194165464727202,1.1225557361890006,-1.3850936257708846,1.234693706928467,-0.53777,0.18572775856451887,0.868201347504682
-1.7009761779110764,0.8700969681094581,-0.547615,-1.068549322807253,0.6217555038132964,-0.09823384121156016,2.9737083231616417,-0.442532,-0.6133978233536473,1.482199109449406
0.8397162943137572,-0.04096459413255841,-0.630949,2.0105219831000207,0.6710526636009556,0.672140650039099,2.233551727733712,-0.359198,0.07684650354839963,-1.0388441479992947
-0.20326574944222717,-0.103384852677439,0.559527,1.4708175329183668,0.8381916100173082,0.8411950531468249,-0.942950101937863,1.152707,-1.6044544736865538,-0.14729338240597725
0.3720074029080355,0.7464284976303637,-2.345234,0.07547191406318669,-1.9428781172146008,1.5892045783843318,-0.2711228544374538,-1.073484,0.01992257419822142,-0.28547965155360655
0.7715632576656892,-0.9474521672785822,1.154766,-0.4448971753776959,-1.0413346644303811,0.9399153001625176,1.06606946681268,0.497945,0.6804880229776796,1.0795281226782008
0.7319101371405833,-0.3300936190596821,0.857147,0.8798528998374117,0.17710716492713616,0.4802990555751964,-0.9261037501459296,0.652707,0.29913863853924627,0.6007594984479729
1.7182420310923,0.2040756847875983,0.476194,-0.11593358219921068,0.5403693164971441,0.2949364248880247,-0.2721692381284618,-0.156817,-1.063183683981456,0.9613505239886396
0.24168980889611025,0.36452172855266113,0.761908,0.6794419264999254,-0.5050390702475592,-0.00704234545551631,-0.3968384665494833,-0.871103,-1.3820693229040089,1.4294427838158177
0.35300592371900796,1.93076521108835,-0.345234,0.839607590319004,-2.0744935337654207,-0.604787231553653,-1.979451950442312,0.474135,0.685859343229397,1.306642279933184
-0.5901394706069082,-0.06826550949231795,-0.857139,-1.23351809699614,0.15362221633096165,1.2932161780986218,0.6363936912408771,-0.275865,-1.1999436350407446,1.1096870610323644
0.38963413143414816,-0.13061939942084788,-1.464282,-0.07306094886692352,0.6630893001632924,-1.2745994490745798,0.605381454205136,-0.597293,-0.4329442133821746,-0.44275500954837
0.28664871260545166,0.267035326392477,-0.035711,-1.2528724167746397,-1.297379147401722,-0.8247991984267474,1.5878821641239,0.188421,1.220315358462252,0.09771354064081214
0.6292416429679925,0.65376481749338,-0.452377,0.15521880070644045,-0.29937453735570807,0.8488395669848952,-0.20019362089193032,-0.692532,-1.0670951766182075,-0.6539238563329529
-0.05747339423588697,0.584340066881041,-0.047615,0.14819809855305718,0.5111456449204816,-1.7702190322067335,1.2677540890861871,0.557468,0.09428330790547806,-1.3602936311367224
-1.5628567889264966,0.3052501744719791,-0.714282,-1.1808388404195542,-0.3909819697632606,0.2932580365969885,0.21734963832404489,-0.525865,0.749967242651972,1.5564314660045258
0.5549321105538622,0.4897116442879766,1.059527,-1.1630268821012892,0.9642091142234656,-0.2812796626280806,0.6076210587497471,-0.01396,-0.0823327457694395,1.7951982028091358
1.0872260225622254,-0.6753489539703771,0.452385,-0.792740444586413,0.748792132599675,2.103941622135684,-0.5239574390482531,-0.51396,0.5672974097252892,0.6058985081817039
1.692550374246974,0.27417586234433267,-0.071425,0.7987235777791344,-0.8116599878353565,1.6186504192232982,0.3492095159004356,0.497945,-0.2962907507949424,-0.6043021121357485
-1.2498698407048008,1.1629753659784707,1.19048,1.1238205312008758,-0.34088867378434273,0.6174245106201992,-0.8175812632112087,0.438421,0.510573286061097,1.6966259158364914
0.0469891247988305,-1.1034481935030789,-0.999996,-1.3769529365070652,-0.4031347016646968,1.277090813000921,1.492895608659451,-0.252055,0.1176242245810027,1.6169148422001258
-1.29237459638603,0.2683497975625421,0.488099,0.9476221131071216,-0.3406543573227876,0.5692189060498118,1.350452612148871,0.426516,0.3593405531660657,-0.09567504866373285
-0.6948324337833202,0.9883828640014802,-0.654758,-0.975402673490365,-0.30646317791832495,-0.19280042831823468,-0.3958941587756768,-1.01396,-0.18871143123321535,1.093487836999728
-0.2330114781533684,-0.44912873614658855,-0.226187,-1.551079608127235,1.0534396082674895,0.5873138309748683,0.9066192580731232,-1.168722,-1.908343945591381,2.3844534258422043
-1.105181400993759,-0.8332968133780188,0.66667,0.916334482556198,-0.4578371432184382,-1.9220902933723611,1.5929597090193228,-0.716341,0.2225451985638068,1.6052851816359195
-0.39983337030733473,-0.2730140172704929,1.464289,0.8952854842793678,0.24409836387915593,-0.31428965874171,-0.5113827141739616,1.21223,-0.3376582402076458,-1.040083101454015
-0.5923659166218912,-1.0975520497971456,1.321432,-1.524839609087123,-0.40796994108612433,1.574840303724404,-0.24487442143053317,0.46223,0.5515434370670674,0.12309439840366863
-1.338122415047396,-0.5739853584677058,0.952385,0.19246686864160523,0.6815783717831733,-1.3730511784555148,0.17187681875376612,0.283659,0.8030405149764702,-0.9061112395130184
-0.2865343106292615,1.1918988153856576,0.452385,0.19285411756195883,0.8173717098783352,-0.932085128952688,-0.9484341044322154,1.509849,-0.3816031364729744,1.361557221133333
0.9166778107821406,0.8610132861005376,1.464289,-0.11052647645260728,-0.96060281589076,0.8947850289676629,1.5483404960965452,0.331278,-0.12993716349094978,0.14858328361911144
-1.3093296199168034,1.2953426578921583,-1.202377,-0.528530275364464,-2.1187968575144223,1.5003148263383494,0.05062652362045838,-0.26396,-0.7840558737684985,-0.8895283096642266
-1.1529327577551702,0.9785885336726068,-0.511901,-1.6958072547511167,-0.04495455083533542,0.3017821205820254,0.5601720841528028,0.378897,0.4081045620055977,-0.4594177586212358
-0.903196428445039,1.109476711052359,-2.642853,-0.8042190309426899,-1.2775282863290631,-0.26637387248522065,0.5965889701864695,-0.942532,0.7293006651189156,0.7808409396977993
1.837410322048253,0.2760550196503465,0.559527,0.3403514848416605,0.5103380940214599,0.3724744163457078,0.30218804936379534,1.081278,-0.1652166737963954,-0.5864447219121465
-0.546883263173722,-0.19927772297270843,-0.761901,-0.5649048146776976,1.8264614275374011,0.8250972069864945,1.472823548799292,0.176516,-0.5721972317674149,0.6111578632497415
1.0353270674274755,0.30045396127798746,0.642861,-0.6384882671291398,-0.4368885127254407,-0.4254811496822544,-2.204188874556462,0.21223,0.18300772317359976,0.33138465842619547
0.6372011602596703,0.33068409968903995,0.607147,1.121531409878849,0.573372592150851,-1.8376295214235048,0.3369419161751483,-0.930627,-0.06066740351456797,-0.08248878194967847
-0.0705239193031925,-0.14310918215014692,0.464289,-0.46022652218330423,-2.6434917857597577,2.594911658563724,1.1542994687366763,-0.644913,1.3236489869019077,0.9792662137930904
0.10035394911191747,-0.12701903656384556,-0.119044,-0.5880094110445107,-0.97490590058148,-1.2574573674021572,-0.6583402703804172,0.259849,1.580308142218151,-1.2278741909589428
-1.6990784302588229,-0.04141198440576852,0.452385,-0.07361159037389735,-1.753105588186304,1.1037963117555618,-0.00413055609749784,-0.656817,-0.9417410218688548,-0.7817774271352156
0.2775705341128569,0.7990049147221578,0.44048,-0.8037873103795459,-0.2418948605372596,-2.3615455671998635,-0.8873357191820478,1.140802,-0.5435998894980056,1.201820097799729
-1.0477349629409396,0.6560477178734305,1.16667,-1.0142116522916196,2.4951210986205767,0.3821408954577918,-0.9817401257766946,0.188421,2.1609770468669955,-0.22797254372481268
0.28447183523341313,1.3458655514799616,-0.964282,-1.048549829095008,-0.9079148754146776,0.5362910991609682,-0.24078995648832607,-0.28777,-0.2322575229858413,-0.09510708723576576
0.35781858283578744,0.40921942402450473,1.821432,0.4642651023037463,-0.0951229003411911,0.6516935682757763,-1.8523737848058703,-0.275865,-1.6700001924061567,-0.970302475814346
-0.6606618921078282,-1.2504062331140489,1.261908,0.7319318399180437,0.8088715588090294,-2.342673888341317,0.3930055553293571,1.497945,1.07822409806403,0.5425587546114217
0.5825009183581129,-0.5584490044460155,-0.702377,1.2522758891318415,0.5477732818856893,0.992715699550586,0.17589172747475482,-0.680627,2.044592053995075,-0.8853990017519466
0.35415646838109754,-0.7273791624172546,0.535718,0.7490663800183505,0.6151610004303322,-0.35580282260423535,0.4126972940390092,1.48604,2.402522898146674,1.0529326958692722
-0.11205528515645267,-1.0122369891710568,1.202385,-0.01778340337807823,-2.269004584991005,-0.22723044409112403,-0.6122965462519331,1.295564,1.3052139063891155,-0.472096142796652
0.8123321347264847,0.9034338411767184,-0.476187,0.37887737609844135,-0.3448890175610602,-1.4270718730102996,-0.1003377029696722,-1.192532,-0.9458478989473728,-0.6985928678180382
1.2421749810678169,0.29854242417553845,0.821432,-0.18581499913104124,-0.36543017151716783,1.8779734851090493,-0.6803361456694511,1.033659,0.20101203865348627,2.2433932204084224
-0.670206303048128,1.3546637723159756,-0.821425,0.3853622507166089,0.8926930087846099,0.9468071241420876,-1.5984242322437654,0.355087,-1.576227868133866,-0.3719035976032285
0.32162518265595547,-2.206283716951398,1.250004,-0.5748235789261167,-0.23855929459225955,-0.23172517138353343,1.7205385823834694,0.224135,1.2017465410100312,0.11200220150051016
0.5013353118201245,-1.484491218894673,-0.690473,1.797235932336909,0.7395045134520585,-0.9458203574809728,0.6722294422628494,-0.144913,-0.9361938370956008,0.0656652201433251
-0.00151964478735927,-0.44044837667825126,0.761908,-0.4538630941102448,-0.31215334591668287,0.5447666416832315,0.3197825988693843,0.843183,0.30055139799231695,0.832469195842556
0.16078611924911632,-0.08176282722309898,-0.869044,-0.22092652396277668,-0.790326128896646,-0.3695966307153721,-0.3691962979730629,-0.061579,1.0927471685532666,-0.23452159609092385
0.36053266520086863,-0.49630362660692745,-0.392853,0.4749850782759498,1.607960537030871,-0.430551529951052,1.4140372915111428,-0.53777,-1.0789861955283897,0.500074840827493
0.7258672908937656,2.200502128580513,0.464289,-0.2313334752118939,1.1700131336318265,0.06928184877274197,1.055127853308503,1.033659,-0.6402060223390554,0.0942290254302142
-0.44911216022095646,-0.41868143385661494,-0.523806,0.41455658635212794,1.2432772201481486,0.7980582980284057,-0.8782781752240078,-1.240151,-1.1962791088472415,-0.6903569579913249
-0.5400893325943926,-0.7637231546940826,0.035718,-1.5333870683391837,0.499359988696851,0.14741426499339474,-1.224511569275864,0.200326,-0.945280305389662,1.9256383839201583
1.087504118788106,-1.0616440424920393,-1.071425,-2.475079967725701,1.6136219959893356,0.2561882458767092,-0.537168489063057,0.045564,-0.2927163478947894,0.8748839548663015
-0.9170304732927256,0.0828248565231306,0.119051,1.619747743255696,0.268578133442906,-0.5520514264696562,-0.39533886716341127,0.033659,0.5582166331864045,0.790785461429561
-0.5910046820686775,-0.330954438223685,1.583337,0.8670152682547867,0.01452892953142388,1.0692625950467245,-1.42298950070229,-0.097293,1.0766087276311902,0.2225309980644527
0.16522135938609445,-1.285246734573373,-0.119044,-0.07067163027381482,-1.9087227942995832,1.2230096883906516,0.1857664390530895,-0.323484,1.4385086100721949,0.325844933618674
-0.6615741881522312,-1.4912710585776734,-0.357139,0.13674519659569337,0.591473493168383,-0.6095437786133246,0.9862410334560238,0.343183,-1.8409784932766688,-2.306801628446512
-1.4406963439114997,-0.8772290418855788,1.178575,-2.834577961795807,1.364235049849857,0.4490351085699202,-2.5079956304396247,0.819373,0.9247642235521414,0.3909940826397106
0.4426489146086484,1.3116803087065376,-0.238092,-1.5237502540803702,0.5238508125102764,-0.5430045728549282,0.03924451789232014,-0.53777,0.8237549812633336,-0.4009361922400482
1.9344439973554128,-0.27330718348259825,1.16667,-0.5390770414818502,-0.05396564631338099,-0.428687207542388,0.7417278636078349,0.914611,0.17416597010550128,0.4120833466310799
-0.6887299207083338,1.1270929361316984,-1.511901,-1.2051493491736074,-0.4794897600836127,-1.2196472994948984,-0.17358431123077386,-0.621103,0.6641073329461873,-0.7457661832391876
-0.04211552978991009,-0.14367814929732722,0.857147,0.6443503711504983,1.0917890397768235,-1.2325792707669212,-0.2070181563393311,0.224135,0.7692294921446927,0.24653526716830632
-0.9022698714949672,-1.1634439133791263,0.452385,-0.7115685026157675,-0.17264321954187528,-0.35557241672471906,0.2508565213307229,0.164611,0.25647740363211713,0.7639546742976195
0.4676140734146917,1.1717252783285454,-0.654758,0.8062964532647632,0.24276463165576245,-1.0722598573119262,1.4624223503230716,-0.78777,-0.46379916202609694,0.38761100734292064
2.9051357609767132,-1.245378234210362,0.309527,-0.8675774246156585,-1.0450956003072858,0.7635342274205889,1.0483255399638878,0.188421,1.0422897215815716,-0.2060288282343094
-1.3266817675616125,-0.610138363174337,-0.988092,-1.1474972335350264,0.558013721631502,0.47273468244929706,0.0905942688505058,-0.323484,0.4301135863930404,0.00718924038318757
0.2071125602250121,-1.0617860376896795,-0.761901,-0.10847210568447346,-0.9341358199178934,0.3993694465373681,-1.774251913265315,-0.371103,-0.5366410225294019,-1.161077674685413
-1.033160260569714,-0.4160945992486559,-2.642853,0.6527472740363575,0.35918618537898545,-2.457196051901086,-0.6625007522884984,-0.823484,-0.4144763962601487,1.2340380113768683
-0.393823601987238,-0.7091901386083757,1.500004,1.4994677104781553,-0.5683728007747649,-0.8192941072004601,1.6070078868288875,1.426516,0.5122947852732982,0.940651024018057
1.1243293804037662,0.8573721695891215,0.273813,0.23820055648099575,-1.3616686248546357,0.14913208442048592,-0.40039666251123474,0.509849,0.04177086742581379,-0.36418771018968704
-2.3841213933542926,0.140588940298836,-0.58333,1.0823128205195522,0.2930158888459468,-0.4446260496868112,1.696982237755775,0.593183,-1.0784550832846225,-0.37552573371079895
-2.547669280419369,0.13137946574324957,-0.869044,-0.8223942963429102,0.18087690003681792,2.091512963441731,1.1525616803706018,0.366992,0.4535423828396959,1.1288445837585113
-2.530083516610974,0.31552148796837665,4e-6,-0.04069392506224344,-1.7555660352480775,0.3773022410324711,-1.058427687732262,0.045564,0.05417058371203422,2.1633821568343627
0.6118751242037346,-0.6948313322240501,-0.08333,1.147017685176326,2.0866117260513946,1.1788588596792884,-0.8413300940805406,0.640802,-1.4034980458018969,2.05395172827409
-0.34538893659368025,0.6565675283612982,-2.226187,0.15256421054565164,0.2533363064787658,1.4362660217106011,0.4769281928912643,-0.859198,-0.9086378141384476,0.03453347350580228
2.2836291568088907,-0.769902596899984,1.595242,1.3438902431510336,-0.3707189695377526,-0.5964711955243328,-0.9225856357247092,0.045564,1.0832529649420428,-0.7866970094796162
-0.7738498446334359,0.12867071326747795,0.809527,1.6921961129466647,-0.8448724429649228,-0.6996022671013984,-0.2564092422127903,-0.28777,-1.122841422931712,1.1308326004871625
-0.2587406294852085,-0.4304984869406921,-0.630949,0.28127020487593557,-1.3930832562843185,2.0865371679500964,-0.39726518823853085,-0.609198,0.6815150250167021,0.16704419138805904
1.4644866168048165,-1.5007918699298797,-2.249996,-0.7748067079763693,1.6367293115269732,-1.1680026786276936,1.1796071119527525,-0.930627,-1.0433887966379525,-0.4511860209733387
-1.0109301832214137,0.8932204324583176,-0.738092,-0.66263221249219,-0.35283593225419785,0.410012947998523,0.7936526311203657,-0.490151,-0.12517072182186384,-1.7162134374052165
-0.24736431007796655,-0.4318587548316272,-0.797615,0.4841133446775202,-1.044333963077939,1.0682956195096482,2.755476368879749,-0.299674,0.19000605795247524,-0.6268178230505704
0.10943554132944472,-0.4233502463265069,-0.285711,-0.5488204714527646,0.1479450677110365,-0.22300451146265335,-0.7257300847980058,0.426516,-0.8266375197160958,0.8422652527925143
-0.16968760156418247,0.4694080413838231,0.833337,-1.0928121854577415,0.19537749140023453,-0.7336582533448311,0.7323726290033417,1.021754,-0.6600905833914825,0.8106599888703906
-2.294202807587868,-0.8402931015808643,0.250004,0.3755220463262028,1.1098453259350174,-1.1757072829574835,1.198016239336142,0.378897,1.3189186125318122,-0.8259660417416007
0.28818504813527557,1.0081069118363577,-0.880949,0.07533266289676115,0.30835157769872684,0.9927376830769276,-0.6220120388485266,0.116992,0.49215633928289304,-1.3068933143189527
0.4948163804698866,0.7955099973753532,0.714289,1.1790536824565547,0.22027332973448943,2.6926091306988154,-0.12827458928328092,-0.621103,-1.087232005469828,-0.7498867033414877
0.882526094342745,0.6834289523216297,0.41667,0.402964545143689,-0.07444898221099971,0.7196241692607565,0.588135621096831,0.355087,0.0527459412090437,-0.8009811777789806
-1.0031345767224398,0.5387903600309514,-2.58333,-0.5822831342790826,-0.673413746851463,0.06200530037965017,-0.32766300412635563,-0.942532,-1.0593642859674963,-3.0378254651508243
1.8147307886466473,-0.9863319019869106,0.547623,-0.7288097917934245,0.47781517343833274,-1.011566262338273,0.8514829100987108,1.116992,0.0351401577471583,-0.3974645652170297
0.7568899028037924,1.006631445451653,0.488099,-1.7979315550484658,1.9248695184236355,-0.4230565233752462,-0.0517105216274969,0.247945,0.732081725742685,-0.6170659624289595
-2.094716978806269,-1.3684357359508643,1.392861,0.606045539076223,0.4308388280455547,-0.9333402723018602,-1.9445799515732969,1.414611,1.2434111759338324,-1.4351561119554497
0.8054475225406147,1.0012209370019711,-0.035711,1.1458607816534605,-0.11357191392679702,0.01629801877132861,-0.948119643812826,0.474135,-0.15050393274240367,0.7871684990877434
-0.07953049659010966,1.108439340185699,-0.678568,-1.7352733647176724,0.859535985716735,0.7044812577141891,-1.5722354005517638,-0.418722,0.11948451532545776,0.02344323341837466
1.5900720891752522,1.710874939983272,1.083337,-0.10154693503922067,-0.6889337938234182,0.4116790500880433,-0.1706848116288756,0.366992,-1.7585841565329052,-0.9748205730766188
0.697949421665304,-1.2385376051975183,-0.392853,-0.269007290528725,0.32635966689210394,-0.866612430463179,0.4460801097257221,-0.216341,0.27751843964885886,-1.1170009093215267
-1.3013328351724434,-0.5613778891765481,1.404766,-1.6089975559626115,0.5847695974573934,1.0679769034285649,0.18804597635970297,0.366992,-1.3063322542371316,1.907353009329973
2.4686329830841833,-1.5183755475668423,-0.404758,1.2416047604909357,0.55000800910576,-0.6440155374058819,0.5973736455766799,-0.216341,-0.6324868265163146,0.32331579103757646
-0.0963689496382564,-0.6658879919608087,0.607147,-0.7754025139737275,0.09870968235386442,-1.7081684454958976,-0.20471444935687083,-0.430627,1.228350216670667,0.08575610392002034
-0.4985709772930404,-0.14134564021602591,0.845242,3.067199762626671,-0.33411031302601063,1.2957514039705549,2.0902524366436137,0.140802,1.0277842223711957,0.10261908092129456
-0.6056443688587017,0.645092059494717,1.345242,-0.36378518684578975,-0.03743837719520553,1.0668308653315366,-0.5692213702958641,-0.144913,0.7006517352035775,0.602867512128045
0.43752495743608194,0.04653301356536969,0.928575,-0.3903898914228581,-0.9850333504832852,1.9032345476903931,-0.4049372314182653,0.069373,0.30204324551884204,-0.12032817555925006
1.1306591058997708,0.7554566017039219,1.202385,-0.7154225670770051,1.589238170627694,-0.07863547296537364,0.27919261640827964,0.164611,-0.3727252567362678,1.0500250329659495
0.2456048586991267,0.5639057995414317,0.69048,1.5138959942460894,-0.6373065899895626,1.289173393678711,-0.16091644685756923,-0.609198,1.467280006322111,-2.0370718413201803
0.16188446146649613,0.131792019923875,0.654766,-1.073332248391665,0.7896658418755643,0.35600405143294456,0.02989903080461604,0.105087,-1.0858957305591042,-1.5186014376915469
-0.9081454444133132,2.488515439910095,0.392861,-1.6734045950059728,0.04766134705355113,-0.10020456271035028,0.1938677030645257,-0.430627,-0.10555412803997932,-0.7138286852474706
0.9982417311196624,-0.43655611208661854,-1.273806,0.6984441010217668,0.4752096633573346,1.2115326491515963,-0.7912217192987319,-0.585389,-0.34167382744333563,0.6491502854078834
-0.7273818683387939,0.08717068808328542,1.476194,-0.275797668494322,0.08444071555971167,-0.6957394561311773,-0.6451429052551036,0.259849,0.3994322344468618,0.03832431713055787
0.39300792180857713,-1.3497309409210017,-0.238092,-0.39087591121776855,0.31429100492917583,-1.057008075987953,0.9295354095241845,-0.097293,0.4913941311644669,-0.14492312905908825
0.5217869431915387,-1.847497134575622,-1.178568,0.28617117853866875,0.7045052553335247,0.30696348498823345,-0.881870526672545,-0.121103,-0.5216254985505686,-0.4479849672555908
0.46125061923425864,0.11359845244885795,-0.071425,0.7739585342067152,-1.1403939568342734,1.0392695957000218,2.2098751472511196,0.116992,-1.7158141067532973,1.163953706747604
1.8872446384503765,-1.197256455260688,0.571432,1.531070517594421,-0.5396447953752856,0.31688619066558626,0.25685471076367095,-0.323484,-1.2479285521089458,-0.8295035253793294
1.154956862694763,1.661182669175121,1.119051,-0.840944935123825,-1.2430330076717857,1.31800120056309,0.5978804753541016,0.069373,-0.28552679801000597,-1.477596078790008
-0.2263847556969181,0.852076898243343,1.452385,-0.08161661991826168,-1.0015468294192922,1.212899788703517,1.3849258869383108,1.188421,0.6823365403472037,0.2160805360712208
-1.0632949601850492,0.748710332597751,0.535718,0.6248817587737604,-1.1628134662895238,0.6540483130762194,0.7036473220936351,-0.121103,-0.462946808761718,-0.8516107878959122
1.2230935690099425,0.16282561658930875,-2.58333,1.0417608749271527,2.3502833810799766,0.15509751251777715,0.13754078080678636,-0.871103,-0.7244156326208137,-0.7263302354914315
-0.3863255287411781,0.09919950749826408,-0.499996,1.309723674383965,-1.1025583268074708,-0.25738118224534223,-0.3916266279980026,0.21223,0.23152945595549784,-0.20784212155025936
-0.9774603211852656,0.8543622330511812,-1.023806,1.7709327095699432,1.2379729902960777,-0.8108303686711997,2.3692645518504487,-0.180627,-1.8429396246134584,-0.1213214625498262
1.3170106973331814,0.7258795174043438,1.119051,1.2448251078122594,-0.4735083836107252,0.2372821930084633,1.0243883028915224,0.664611,0.9333922432364924,2.164722734243394
0.3555314817539835,-0.22171165305099455,0.404766,-0.7327021596415341,1.0885694387292637,0.7643847160567205,0.4260426391698416,-0.299674,0.6691275516708006,-1.7185380009874467
-1.500752625613624,-0.794801280179165,0.214289,-0.6088032669814669,1.485529727182031,0.9464638735511492,0.5269985894884205,-0.466341,0.4587516910076134,-0.7079983703062623
1.1423166812731294,0.23584134266908643,-0.202377,-1.0431230100226916,-0.0164825628192832,-0.11625621760619442,-1.508792981810398,-0.502055,-0.9707498572547394,-1.1601002512076697
0.32609326906325475,-0.087479643668341725,-2.55952,0.7176708073805336,0.31289344649455225,0.31576924405439566,0.5088307803091529,-0.942532,-0.13807184222561075,0.1303028883540854
0.05202767573103773,-0.15317277651421674,0.761908,0.2750873155950869,0.8155389884383076,1.2507861873306672,0.09630901756381546,-0.323484,0.8429636314942425,-1.931876319669999
0.9939294389695656,-0.5378187341459887,-0.166663,0.3074450383987668,1.7853469353971363,-0.878616413098851,0.411783086631751,-0.478246,-1.0071984715735902,-1.6939025749917038
-1.2253548302903277,-0.6679692375715152,0.476194,-0.46025887047073016,-0.7662945905682204,0.41995984948989384,1.2672688072096037,0.378897,0.1484007907397548,-0.18471989920347065
0.67495956823193,-0.47957381766150126,-2.845234,-1.2847597706710965,0.10852198407816464,0.1109469484351767,1.1994898381879482,-0.847293,-2.812769693732245,-0.2782483965325954
0.6282113248415104,0.6806883974821538,-2.33333,-1.976934296983882,0.6688588362103342,-0.5198193984360039,-0.08753920472173816,-1.049674,1.2232111919646391,0.35425826747708605
-0.19365588991748528,1.9903202194917415,0.571432,1.7219860011760963,1.5719424116979896,0.3339414810772505,-1.3711831771628904,0.974135,1.0980340830447384,1.8326581964360336
0.04060705426966583,-1.922300756710822,-0.916663,0.9047492919648804,1.0033232181914815,-0.11876927752054751,-1.5568124914241326,0.188421,2.4945926649641175,-0.568707830874077
1.1904416317080857,-1.1529699168441745,0.642861,1.2489569727177046,0.08722851267244432,0.44453495201720944,1.5725905749949944,0.378897,-0.7456605746021603,-0.2120498813501773
0.07153760212519814,-0.4185731279307168,-0.773806,-0.08382029085689732,-1.0450908960140883,-1.4729443513095892,0.4316535218901356,-0.025865,-0.33681395167701256,1.425348907192509
-0.6405043881052176,2.2374387765928425,1.071432,-1.1004951613606726,0.4326925700517831,0.03873435335559468,0.6721079789875513,-0.085389,0.3198281489361555,-0.11500777677635612
0.1455647924062543,-0.203290658902001,-0.059520000000000003,-0.28971475179832235,0.6480870662585029,1.212032616464791,0.05974752970907876,-0.168722,0.10262824607588517,-0.4492070058412343
-0.8240702997062413,-0.559018859544542,-0.535711,1.3340808489691327,-0.7035406760755999,1.9853462125482912,-0.7798073282495764,0.259849,-1.0612982738532208,0.7174775855822724
-0.6765968457729581,-0.3918071233802824,0.428575,-1.0320825954939308,0.8250896199917815,-0.07102897456369942,0.26528269106971536,-0.121103,1.0009886571793325,0.7709076974044874
0.3944288480369303,1.1903245978893866,1.369051,1.8114276832601723,-0.32271437339273357,-1.0191334486758694,0.08371428675832067,1.033659,-0.19045586475335996,0.03060781962571675
-1.349923260042866,-0.3271921467428169,-2.214282,0.30081372134495454,0.38384345293617605,-1.454489672794924,0.4891470555239046,-0.859198,-1.593604362392517,-0.6500941778301157
-0.16505816824780245,-0.33812352255776057,0.750004,0.11337837604245037,-0.41558927628859016,-0.17645543947407238,-0.6351568693886772,0.878897,0.9827979157641176,2.039364395752512
-1.619097586010839,-0.3759266708183799,0.821432,-1.063596619755914,-0.8170398763416623,1.5300456172902546,-0.10905525782057536,0.224135,-0.8727980007623608,0.9593705591917144
-1.713010590060395,-0.5128088452498505,1.571432,0.8019600509506523,1.3233787856627914,0.8027313986335791,-1.258647337005637,0.176516,0.7895960560573784,0.6653975903878714
-3.009296540400325,-0.4472141044878375,1.642861,-1.0459452380887035,-0.7402135407604736,-1.168326921561835,1.1358024180222972,-0.168722,-1.4090781524442295,-0.8000492692290434
-0.364491508690727,-1.5458903280681988,-2.285711,1.4566189334931836,0.21055832275708297,-1.192725441795609,1.1882125093618374,-1.073484,-0.4852533592880883,-0.3859623136509865
1.0491492909652955,-2.8347069568942955,0.428575,0.14131174306357938,1.6429533906001346,0.7716088622755515,1.1711218615332664,1.557468,-1.0855857148594985,0.9443186954408987
0.09198256029767791,-1.5225619820918104,1.345242,1.2088898275823798,-0.24203440374277516,-0.11361021335904543,-0.4491167385577301,1.593183,-1.9477947982529928,0.6017100138387036
-0.42406105533323,-0.37636894154235623,0.559527,-0.7828167564160148,0.8979592750972786,-1.5113106957817939,1.6084777581923573,0.021754,-0.3793984176503182,-0.7824934276758916
0.8297109974150905,-1.2941223243126432,0.595242,1.303093411877704,0.9427446086333988,-0.3482079583462945,0.4421235390509349,-0.644913,1.6798892480058625,-0.4747122692694742
1.8865058898095397,-0.5034092763356122,1.238099,0.5491071490359237,0.15657198859993451,0.847721094262328,-1.4029747963686403,-0.049674,1.0592459040209783,-1.1976644263087564
0.47631890962739704,0.01800231840124347,0.976194,-0.34798530467121824,-1.0528092243100542,-0.1347999120196506,-1.1228634684482857,-0.002055,0.7019497470293726,-0.8138967806743638
-0.1667493101515924,0.5711993418642758,-0.392853,1.9022493030442824,0.02033759225003691,0.4577956956646707,0.19660746640402507,-0.275865,-0.6788359486912102,0.47573823010472394
0.6023469474079505,0.5436006042102809,1.285718,0.7426952799269568,-1.2653115999613735,-0.03034167239448565,1.900923216183772,1.319373,0.2571369114870779,0.9979445785861958
1.2107626044554305,-0.4228438051450353,0.595242,1.5147787917731153,-0.6298284805426557,-1.7950543087176394,-0.33473327291821253,-0.561579,-0.529235796043209,0.9712134169273148
-0.802212120277314,0.8694909788515909,-0.666663,0.3946982389503336,-0.8925195903309479,-0.8425505590281539,-0.34976246188132976,-0.740151,0.6878574264532772,-1.6886258044044065
0.08797936428631904,-0.6084073485789325,-1.238092,-0.5807896640533203,0.143546634605315,-0.809448414641524,-0.9625875386509316,-0.549674,0.0303944531140329,1.1767169802502506
0.8717024149781386,0.7169415608995845,0.642861,-1.3414523899429744,1.8237756230090063,-0.8952948834865222,2.0255822179334633,1.045564,0.4427203169250364,0.8438345696600442
1.2581530448608425,-0.6125181560329507,0.428575,0.45790823129352226,-1.6936003339998222,-0.7490350040035255,-1.9888467195294848,-0.061579,0.10777588724362153,-1.4148409376756308
-0.26106284160002685,-0.8927139289787288,0.583337,0.1317323708027853,0.48813429572439954,0.3421528724954717,0.10412390977007334,0.831278,1.55199858484968,0.06685127378084767
0.22290606999398277,-0.8148952621414541,1.154766,1.2052260861729835,0.9507739638677076,-0.500618482607806,0.3245263874990767,1.021754,1.2883601670414124,1.1195651251212373
1.8649509142371756,-1.498624633641649,0.476194,-0.08259720875557679,1.2664846664553129,0.10940020606359552,-0.398929059752626,-0.704436,0.9582609992387204,-0.16588092480520103
1.2639858463923554,-0.43349375473217666,0.488099,-0.24041785918512532,1.195133282385159,0.0750409488265654,-0.970395809308745,1.259849,-1.018658289363102,1.9680499541543623
0.8465562064288203,-0.8547092656450908,0.785718,-0.616216151690004,-0.973886498576134,-1.5586646175605374,1.930185738551034,-0.347293,0.12422831354634936,0.3447217880925155
0.8491512705247825,0.8033756085419635,0.761908,-0.7745896139463107,0.572232415074691,0.13840550407934116,1.1527832541354903,-0.275865,2.7582178275200055,0.47428594243379274
0.5048751494188403,0.6528593718373198,-0.261901,0.928299448765567,-1.164355260704773,-0.4745085207127764,-0.5053814193127193,0.557468,-0.5263508287835454,0.23902733626139624
1.078192359645983,-0.9306375213816116,0.523813,-0.1561331225238389,0.8529309993622853,-0.5571829464258918,-0.6160321901614642,0.343183,1.5872054109657272,-1.7431376888953738
2.3106981039428707,-0.8449731169273524,0.797623,0.05813399958376213,-1.6986494381365842,-0.6874905086429783,0.16115756734370054,0.664611,-1.3292930214698415,-0.543435589454728
-1.010555559497511,-0.5902627143283228,-0.58333,0.8721819636794665,0.9432843911193352,-0.2952450077285941,0.13972084141726954,0.152707,1.6411203950292974,-0.11653002662226064
0.22397769667953468,0.9742628486794176,-0.30952,-0.6532424925778714,1.005840400118867,0.29865761534781615,0.16725381393395888,0.390802,-0.18735077726489097,0.10778521078980724
0.17063412826736804,-0.12000746474330246,-0.821425,1.0981228179079996,-0.17199561879979822,-0.02834704806379114,0.6831270746230215,-0.347293,1.5280640458990034,0.15663905605083758
1.9118770196955108,0.9244538361860806,-0.642853,-1.2549594964808537,1.358969216845479,1.320517571717918,-0.5223582958323801,-1.144913,-0.9017202829456046,-0.8069088599442004
-0.2207202500820729,0.2402625675034669,0.559527,1.2035544978195027,1.478385456168526,0.3048418297563522,-1.5179988287769877,0.21223,-1.1991089931084231,0.4002547840217361
0.38673512014178985,0.27255486742738305,0.988099,1.5638437420296545,0.62925733560053565,-0.6038061867008704,0.3793607442280519,0.009849,-0.3074103231735454,-2.074503171177407
0.8952442978312647,-0.1915802735696981,-0.642853,2.436753407634745,1.3717062826593731,-0.2865988863666531,0.30673861152679066,0.045564,0.4318721200083525,-0.33657534501113007
0.7567262166347585,-0.33377033108624665,0.654766,-0.16655127637604936,2.361668269786374,-0.6523547430884148,-0.07066689852786887,-1.109198,1.2783314038370452,0.671286773027377
-1.017769070248309,0.05567933063745444,0.178575,0.2509586466830526,0.21859813742785328,0.4236949044616626,-0.7073243346403958,-0.133008,0.5835533914441136,0.5981301921704217
-0.5221996954889538,-0.8809388851286337,0.607147,-0.7773073526792201,-1.0889981777301814,1.1134699888082846,1.1328013665711054,1.009849,-2.3995607971271,1.7367625348253823
-1.5504820195552174,-0.46453825039619995,-0.880949,0.49146156175572325,-0.4236740323012189,0.08070040872835027,-2.8050896630596123,0.200326,-1.1102115402395225,1.1207634143751548
-0.2451866455635777,1.6936642205558563,-0.095234,1.471502224999791,1.3009461072913322,-0.23300706775912725,-1.3729685517347132,0.188421,-0.9616083241847396,-0.10700441519971796
-0.4455129021115127,1.6468303348538638,-2.999996,-1.580282420922581,-0.29406025818911113,1.8746036794808123,-0.32830528194903164,-0.740151,0.2035754093250469,0.3835455366981824
0.6223617179932618,0.0823272325468367,-0.30952,0.090964811005932,-0.4966382765300809,0.2794894021823333,2.236730432979085,-0.240151,-2.1560782208052296,0.9851515653009724
-0.04255525526915044,0.00177843566291898,-0.154758,0.49654393893591625,-0.5156836125680726,0.5809735414440929,0.22599991765555075,-0.383008,-0.5774198635600335,-0.5954236290878283
-0.115812685570362,-0.00283161411707478,0.630956,0.6322909705628695,-1.7332543479521012,0.3013207842819067,0.22995542132849583,0.295564,-1.0222055763290905,-0.27829398623279367
-0.6898951282650796,0.6155909557070716,0.619051,-1.270798721725018,0.9002662709264907,0.36218938247441296,-0.07360927984636804,-0.990151,-0.42433231655265985,0.12031882834253473
-0.5759726073000421,0.8872437206785474,0.738099,-3.0763093528048686,0.24631431000660808,-0.10319681821079166,0.06699896905781537,-0.085389,0.9172306556624072,-0.09106820529739595
-1.4120798472252702,0.48587916607200954,-2.345234,-2.9906685670889592,1.0526870452171972,-1.2591445480410428,-1.55475614864048,-0.930627,0.3950916134690021,1.7238525824927595
0.9072530015181264,-0.2826547309010493,0.023813,1.851099419021424,-0.08147790104754574,-0.9112633725369248,0.05108470931597978,-0.275865,-1.0472912831545114,-0.00495368681478592
-1.0342230919253377,-0.43581026384903976,0.488099,-1.7098365516684366,-0.8263238465315553,-1.4383443738374435,0.7873300278067351,1.128897,0.3192092295692682,-0.6150851269954892
-0.5326606792999303,0.6572069846723299,0.285718,0.9389089998012272,0.341801492547381,-0.8684969370379647,1.7748203861692973,0.116992,0.2975030840625787,1.278863690587569
0.07072039209199725,0.2861448844548722,0.035718,0.4585597675968438,1.1439265341032625,-0.03015875927826696,-1.8959339173750311,-0.085389,0.890702388780361,0.2775995281149801
1.1530929487549002,0.7121279016853178,0.94048,0.5731222644965048,0.2166503685865066,-1.355223067137783,-1.0761016076469696,-1.121103,-0.11387607767983211,-1.5023028961503977
-1.117985793683331,-1.158115162214476,-1.690473,-1.337144833019022,-1.072582164493696,0.9499800998897068,-0.766210357935171,-0.668722,-0.2980333737870769,-0.8173440525947493
-2.40160971879368,-0.880442968207072,-3.011901,0.40946002221441663,0.4237415529845842,-0.4356091751254868,-0.36313810707785166,-0.704436,0.30771185529377615,-0.7455852628382235
-0.5521876116190152,1.0853107830236857,-2.952377,-1.5725520697826685,1.2027765913286126,2.1938002687860005,1.89471850405288,-0.871103,0.8797602047322777,-0.9204521158329076
-0.43268262932541773,0.8662550409091727,-0.619044,0.761945294758068,1.1637889798940677,-0.826810266878837,0.18172933354947665,-0.823484,0.5933236151498956,0.4053599982186943
-0.02736675667995707,-1.2079905223016218,0.154766,0.02176101250829506,-0.4049713401240889,-0.0010027427458078,0.4475605684506403,-0.192532,0.4322715522096078,-1.811623494042088
0.4003485207206609,1.2826731620072478,-0.55952,0.21255159212761104,0.739137764586837,-0.9406709960080604,-1.1675330463142863,0.48604,-1.301900289989138,0.8737224253399255
-0.3022762088532378,-0.28234071579100545,-2.880949,-1.2056507813126487,-1.3824956813143934,-0.9742842547009124,0.5096520237326878,-0.871103,-1.5279913716987463,-1.2843783184919086
-0.23545417736886473,-0.12806314532552215,-2.523806,0.06541796897108104,0.8104181544945258,-0.4741075144854268,0.6702793873652604,-1.085389,1.0055239405981882,-0.6105755557850431
0.7132782629477271,-1.9736973972081109,1.095242,0.3167721576390388,-0.8898088271999216,-1.2338072268156912,1.2028362294848898,0.378897,-1.0025249306485982,0.8393995756399498
-1.7441695525262635,-0.08423240757160567,-0.380949,0.8518096438787187,1.2604265580731466,0.16246018046381402,-1.1052157620781176,-0.668722,-0.01099534125716758,-1.6761170365750389
1.2044747564790026,2.526214817839256,-2.166663,-0.1421199202474865,-0.69421143243357,0.1729482979384032,-0.6075960128052474,-1.01396,0.5188057468830101,-0.21578090961392885
-0.08797527806419296,0.21665449165352113,0.738099,-1.8290522688731428,0.04969113843304601,-0.4316836066488432,1.1782626905536755,-1.109198,-0.2713846345164678,0.13857884285745392
-0.33770693588621004,-1.2158157617595329,1.309527,-1.7322145397964877,-0.12714863050742475,2.611266712912476,0.6656463292525316,-0.073484,-1.0529357300798603,-0.37586843088828537
-0.5740542957267928,-0.4961088934851182,-0.785711,0.0590626891049987,-0.5451386910390533,-0.8524874344081713,-0.00697124663127885,-0.906817,0.7330638857076326,-0.31575140191928813
1.1160175962510317,0.2066969307285277,-2.952377,1.34510086764525,-0.5519626891649411,0.02162716000560547,-0.8299150939405295,-0.728246,0.19947273595435663,-0.10938586081919086
-1.3182320526976905,-1.628712258053736,-0.440473,-0.45929536843909513,-2.3358690538579836,1.9335920610480857,1.2093720317315866,0.200326,-2.585767909762244,-2.3804676423211433
-0.5849900619286073,-0.1433935131629351,1.202385,-0.05535665705668754,-0.6739513958231108,-0.03763491649901335,1.1621420055733436,1.366992,-0.095527141896213,1.4973450144753515
0.5366916302281484,0.04178801850509461,1.071432,0.9517017734008542,-1.4034573465045677,-1.1283336606610237,-0.5406591510393651,0.450326,1.1679568926307695,1.0718517216521437
-1.5616963154448469,0.7239077322680735,0.583337,-0.7285221205529537,-0.7269452784554528,-0.14406462981418247,-0.00327649451837316,-0.335389,0.5367705146725557,-0.1508495350229119
0.9816636147107124,-0.21519371027614395,-0.261901,-0.6152470555538578,-0.2415080961535568,0.3459554321147983,0.8982845413285293,-0.680627,0.49740598170617384,0.4517863661337557
-0.8245097520196646,-0.6035691662787983,-0.321425,0.4320142890383512,-1.9469473241632351,0.2603747051561128,0.2276975547083652,-0.466341,-0.3548125513089134,1.3840207971065206
0.8590077856012752,0.5240105894974729,1.392861,-0.05944621617775674,3.3378084085283892,1.0316976304850063,0.7502153693361223,0.057468,-1.123622687317417,0.2187005985094079
1.1268104307358486,-2.53765090147924,0.678575,1.2400084714504198,-0.6393892370809762,0.6173929033265755,-0.3110931166072518,-0.525865,0.6726205995853162,-0.5427208704304104
0.0598588554393224,0.5235686843242969,0.928575,1.1150487792227426,0.37908336007779,0.1332903490326622,-1.0461455344240207,0.283659,-0.3415541243138702,-0.4789005319010276
-0.2448402073604224,-0.5173141609085944,-0.666663,-0.06937913921880796,-0.2122439065055648,1.0476674056880997,-1.129418726385142,-0.656817,-0.7457620638366901,-0.9623893447126496
-0.02019752132426924,0.30131683215239685,-0.30952,0.22085482473157872,-0.6847369160465674,0.3883760219688206,0.5115718095237454,-0.716341,1.3080323151322015,-0.7206440830232639
0.5471884330856183,0.20129994946516713,-0.452377,-0.4180804752646071,0.01864364250437665,-1.632561017934133,1.7955479931358391,0.283659,-0.23882897005389375,-0.653576797920184
0.9316341087331116,-0.44952251794367054,1.392861,-0.5317327836934481,-1.09869907537806,0.3110990414461517,0.6805337897735922,1.557468,1.6176824444539175,0.5554536706065105
-0.02154339255243766,1.4188970772396032,0.321432,-0.673249484721417,-0.10334282859129693,0.3074542210648503,0.5131381484586373,0.450326,-2.6258293282498,0.9600756074056932
-0.8914558292732327,-1.132640907664222,-0.202377,-0.6444238607273697,-1.234143039316326,-1.2868345826785843,0.200321014823995,0.581278,0.03004502964000376,0.9405550013594386
0.8296116413607055,0.32050633873441786,0.452385,0.7141228610398146,0.9412005456376734,-0.3265189653195537,-1.18709949682411,0.152707,0.4218243058351682,-0.5524731198723615
0.776171189727544,0.45392597752524383,0.107147,-0.27327309886641377,0.5738588897400423,-2.6898166679086772,-0.43256218529788454,-0.51396,0.9683167590934062,0.14869938572540356
0.28460995360390223,-0.12629673886780823,1.619051,-0.02445382933612891,-1.121462396728412,-0.7042292977026358,-1.4622762043124231,-0.025865,-0.2381474747127121,-0.3866819627185596
-0.4184151187112188,1.8211460477012344,0.845242,-1.0637413274832608,-0.2743110727868347,-0.463820828249731,1.6399444761728663,0.402707,1.2464423041134705,-0.10546497061149342
0.994202446016593,0.3547846395772811,0.464289,-0.09758248734968827,1.038297228328814,-0.6615937229817661,-0.6963938833364242,-0.561579,0.8963718889135359,0.3632372493136023
-1.3997847275640758,-0.40588579654690105,-1.357139,-2.5665228794713433,-0.635430170392418,-1.1502016838179718,-0.640921953084786,-0.454436,-0.6827770966121358,0.5868899120922385
2.0848203474314824,-0.07806387735285389,0.583337,-4.8509598922821e-4,-0.8369608389881988,0.3768709181746263,0.9270570090532866,-0.799674,-1.2769627434295348,-0.3618509781460541
-1.1403855114516197,1.2772136259703113,1.488099,-0.7009298596617266,0.43789524266518265,-0.31797847484625663,1.266177313342015,1.343183,-0.5419489631390803,0.5863019401759543
-0.42785632577616256,-0.04566291652499001,1.000004,-0.06634613454444055,0.8509264533853764,-1.338467531357095,-1.227991331515149,-0.228246,-2.5111603317629867,-0.6395500818860547
-0.7294187999201602,0.09276070276783643,-2.892853,2.320569849929304,-0.1910156066886736,0.3144660444679113,-2.0539498663695386,-0.811579,0.6922208923103388,0.14635562958495876
1.199406529398315,-0.6647738761206262,0.214289,1.2147633513669684,0.49879225915056064,0.5995036296613309,1.3636238502761482,-0.383008,0.48085653897264047,1.5011579592961182
-0.6364104152444876,-0.00520397290665758,0.833337,0.7235856615104465,-1.00117733850485,-0.01507757307557644,-0.48722003031518146,-1.121103,-0.8627062752686081,1.3389900016706404
0.03930775102640624,-0.6322739627700771,0.785718,1.269944897208092,-0.8546445260564532,0.13007924217929495,0.22293204130192584,-1.204436,-1.005206475991998,1.0500555290841307
-0.07429751897340102,0.9250187404541792,-0.773806,0.7838026106843554,0.91690345277859,1.0535352114268708,0.28056373694822545,-0.644913,-0.422521404919759,1.4397205135197026
-0.32236728884237664,-0.5769947454488763,-0.30952,-0.17974796336208074,-0.7163029065288139,0.6752622098889508,-0.099480569943852,0.474135,0.20662290009098172,1.2657695528944266
-0.670160196310648,0.6415337023004362,0.345242,0.02978272523169711,-0.7468609638369754,0.8523717946058962,-0.32412418892464273,-0.061579,1.5154994734920435,-0.6600012141764378
0.7652787422643068,0.5145710982697594,-0.678568,-0.10596481044957529,0.253610604802737,-0.06932875349394145,-0.3062011280527404,-0.728246,0.05205798535711289,-2.149564197759205
-0.8024584091242737,1.7928371364225473,0.69048,-1.9034461539693253,-0.35982970878285775,0.21012133689985713,-1.3363140473413202,1.200326,1.3200206667575975,-0.3243022486671519
-0.926270434941354,-0.6788114599211492,1.309527,0.9703325552184487,0.04579093670195589,0.14014959780150424,0.02668391604129502,0.438421,-0.14561518999503242,-1.6505044565247005
-0.472292149085217,0.7033684116916394,-0.976187,-0.6070498289033108,-0.4699027199690465,-1.170019030237366,-0.8051012854112813,-0.490151,-2.601438973490033,-0.7397520648207923
1.5881651769397729,-1.2636044141843723,-0.630949,1.236947707120268,-1.8457714489232828,1.4672866366248e-4,-1.6117063991753136,-0.53777,-1.9153459291016717,-0.12614105936409864
-1.1495004180898578,-0.8824148861226778,1.095242,0.47742545028202904,1.232581569741257,-0.06770570762204937,2.5349163684927154,0.616992,1.0059251745482394,0.2657227231916427
-0.02091048402948689,-0.36442427902459906,-0.964282,-2.2361749159539457,0.122993781387383,0.9396946034930066,-0.36310861893891977,-0.109198,-1.5672560067175605,-0.6624983440158784
-1.927347074469871,1.0723604678878265,0.845242,-0.9333910110274948,-0.8176250676639601,-0.6363037327970146,-0.02454652054902183,0.521754,-0.4248082539816539,-1.411566930977823
1.2646610062889967,-0.5767848307594611,-0.499996,0.5965173604630164,1.224144497762704,0.8768772276034151,-0.46839543661995153,0.009849,0.45546950462903807,0.6378217584436849
1.0418539475711734,-0.8619175572871376,1.071432,-1.7011415970631032,0.6178298643605027,-0.5961038399707339,1.029586119657664,0.48604,0.7860842957681783,-0.21131114160952977
-0.8128335227930178,-0.8130550417482441,-0.142853,-0.909625043397631,-0.5598320862627146,0.4203404209490401,0.24058503198613512,0.390802,-0.8518492418123859,-0.5073065986399738
-1.6819317405967964,-0.21012490147936097,0.500004,0.8041438843316515,0.5608746218373281,-1.2825177662424068,-0.6557585608871183,1.188421,-0.2891548753102589,1.1696929438362862
0.6105520279111911,1.436624876873903,-0.821425,0.6476042290578424,-1.3293601249591114,1.127145333944114,0.7319658565547084,-0.847293,0.944761381663871,-0.6896878016631239
-0.3525426127592442,-1.3526555148963633,-0.238092,1.2877526356326263,0.6257492293132473,-0.9676033975900696,-0.977985533747414,0.509849,0.874863998994703,1.58292497661625
0.14212684307772783,0.22563023048579176,1.214289,-0.9801099802421782,-0.526393861438325,0.5354679889441712,-0.7560978056565087,0.974135,-0.8740975061834717,-0.12469861969076128
1.333989053374341,-1.8667484077773424,-1.261901,-1.1789264410607465,0.3973481065046463,0.555497903287183,2.574379332170221,-0.430627,-0.4881529846960117,-1.1620914027062776
1.694844109841827,-0.9012361155167466,0.202385,-0.32657137523037866,0.9298070314812572,0.9743994241265472,-0.4786331081406136,0.140802,-2.1960231306112186,1.105689626725478
-1.5663102640528217,-0.01624850612003801,0.630956,0.8298356931191077,-0.7031681100186954,-0.3583407724348693,0.5056864539590751,0.914611,-0.1842759458107931,-0.57539230124905
2.9164823091418004,-0.6441199552103978,0.797623,0.9038023419205422,1.0679041802775395,-0.8021767851317486,0.27402091630625636,0.497945,-0.708812302085474,1.2282340334548894
-0.0532239130008927,-0.2058388289987881,-1.619044,-0.02449408053624042,-0.7770602361299418,-1.8141214855467351,-0.0337285053377444,-0.561579,0.619801286328498,-0.40302661537637346
1.3534152440497305,-0.9259416228369723,0.797623,-0.7234311803151985,1.0219096438698754,-0.16581781158044687,-1.5322458473404317,-0.906817,-0.9067890174769936,0.9712167276863112
-0.07826066335183343,0.2872071116999788,-0.511901,0.22966097906106905,-0.4348698165092389,-0.12148706555775728,-0.3743325308083376,-0.156817,-1.3566669221784933,0.3865008486991649
-2.0064667279453356,0.9446504005813972,-0.119044,0.10103458875363576,-0.03262113911947049,2.108364908105515,-0.2252613425867759,0.378897,0.8661276659380236,-1.9379481558401144
0.42945661994876366,1.11379940777161,-0.535711,-0.1290340032724017,1.145850293230879,-0.43177251167914144,-0.6488951972967971,0.164611,0.9243269489694214,-1.4478809874982157
-0.3278676159619533,1.2661248955672275,1.309527,-1.2992354253609983,1.0195936684747138,-1.64157751430459,-1.3106721529630614,1.176516,0.242244278840977,1.052257840148345
-0.25355012347177863,0.4050535478948083,0.761908,-0.04879808170556288,0.5506212044322264,0.7277264332839843,0.4593005415087897,-1.204436,0.7624511310955678,-1.0979973781528052
-1.7805363225242687,-1.1407316924638864,-2.797615,0.5482586704317475,0.5679446940029297,0.5271320778926281,-0.7871205542427909,-0.799674,-0.7531292691641943,-0.07001878130663003
-0.3000491011933274,-0.8531842739389114,1.273813,-0.19297518782509876,0.4022590156320007,-0.12623940641736758,-0.6448476097293877,1.093183,0.08371795347470164,0.02649216606117249
0.5386797371289727,-0.22273535261349975,-0.452377,-1.7304596012847693,0.5604446622982039,1.0543878215191744,-0.6863084367854319,-0.204436,-2.3979861968561496,0.2880986886997056
-1.0469974040561174,-1.0881032738978271,1.488099,0.1199297475828291,-1.894274917871748,-1.2273409949954104,-1.031927537794879,0.105087,-0.2751174253325046,-1.4694316724354632
-1.3571124313308038,-0.12588770115186887,-0.440473,-0.0882915584909374,1.0421239553194606,0.827258543672598,-0.6105892351960991,-0.668722,1.1095004306377556,2.726405801204701
-0.4782703411009538,-0.749011666120687,-0.857139,-1.883199010672436,1.0929513016477137,1.051930140353463,-0.5447567708644251,-0.109198,-0.8352324031031148,1.322225307754855
-1.5938920790696376,0.8538534263051025,1.178575,-0.00974701787983711,-0.2773772464577839,0.8718125215786254,-0.0751227492609671,0.259849,-0.2709313039139091,-0.49038966875760753
-0.5773270358189644,-1.0818646184746723,-2.285711,-0.16662033641334384,-2.1004638702613168,-1.4106430437291486,0.22819055227192855,-0.966341,0.6022351349673204,-0.37329484437570415
0.3174569987340369,0.26468842541886695,0.619051,-0.04746878013201689,0.757209976736214,-0.9387713927325478,1.253252114337554,0.366992,-0.9097797272028746,-0.7282178960100276
-1.991520473396078,0.11514718046667978,0.357147,-1.1286302722207242,0.600281730298725,0.86821021234554,0.04812862646428553,0.152707,-0.8825387922825098,-0.920494081715789
-1.173360375064119,0.9348797352267776,-0.523806,-0.3010134437282921,0.2357385299113043,-0.8006136422006346,0.01931038447353745,0.438421,-0.16565862558290378,0.18091319716177393
1.4386605712090663,1.76898348379736,0.44048,-1.0543452442537649,1.3105400685460815,0.6216096068685752,-0.33065184816422244,0.152707,2.742893181138363,0.5608946706818275
0.6246534676431441,-0.08645155393597462,1.250004,-1.5860586341510177,-0.17169047063630724,-1.5055557884540385,-0.0373667113770206,1.48604,0.03188659701139573,-0.4047973394059888
0.2213974756045484,-2.507346455212697,-0.547615,-0.8035323854698564,-0.9746243889425452,-1.8794797987663323,-0.1662611406503283,0.426516,0.16569827095336823,0.9733024534851378
-0.6073186959697215,-1.8065058789734425,4e-6,-1.2011114222240922,0.7296958633153674,0.0879282500836201,-1.919470756588213,0.152707,-0.8011661174086386,0.36929974749151234
1.4326605371395549,-2.1089568451929677,0.785718,0.2698388013007934,0.822026557085129,-0.2960468505469901,0.34051200228918965,-1.216341,-0.26414662379304055,0.6227300790747926
0.8252575449159328,0.6696158800446502,-0.071425,0.7662127517114055,0.3250751176444826,-0.7494158381247795,-0.6915363143673449,0.438421,-0.18942184852756697,1.650675691953474
0.4070715077118792,0.5584303684167826,0.952385,-0.7080563923117622,-0.5546156264268466,-0.0542700149137725,-1.293838749590578,-0.204436,1.2144199688536923,0.244327268668514
-0.27467187868229376,0.8003676431810953,-1.916663,1.5182654162421805,-0.5792913359320474,0.7923531412311016,-0.937173891705503,-0.811579,-0.7201997116325148,0.23541450824795845
-0.8494347750920865,1.7254765013078792,0.761908,-0.09984176300306716,-0.1988649535598511,1.7545799829232,-0.9623189108994608,-0.692532,0.7441354258962328,0.02646849653388818
-0.0011110493118613,-1.73830230045711,0.464289,-0.4581839315353507,0.13586894060233015,0.18000081887553762,-1.9780650108112376,-0.097293,0.3938586204340565,-0.24882802654606884
0.12558309294195222,-0.5620938042410878,-0.095234,-0.3429305368085646,0.4853684363623339,0.03100597753936233,1.5378951635146056,0.390802,-2.8769575749149405,-1.0922360006743583
-1.5468295945598536,0.25805609665426543,0.571432,1.7796968306544787,0.6754882178733255,0.7461634967783738,-1.8851084260043915,-0.478246,0.491733063632912,-0.6728989269526767
-2.3023688491075287,-0.5439435084670065,1.202385,0.07633048135045806,0.4021594824142249,0.0690710676894725,-0.1418182220415525,0.521754,1.691262094505683,-0.765974472415465
1.7847107409078835,-0.02631061829927624,-1.369044,0.4131610845022019,1.701909994469681,0.15617650058230403,-0.7382806232896125,-0.454436,0.3069980191940015,0.969994495044183
0.44261942479769145,1.6586043893517912,1.178575,-0.7068450353119666,-0.5681245455707687,-0.24712434859965385,-0.04902464237228819,0.96223,-0.2692910055951831,-0.03726054686871252
-0.10620527936314098,-0.8142946716111491,-2.880949,1.3592123611829774,0.8421295940000526,-0.5749091301312613,-0.8178065939944614,-0.835389,0.870374279900038,-0.217356536151666
-1.3179870673643768,-0.00921604820359697,0.738099,-0.47316559719694046,0.31167296241669035,-0.8948744689953513,-0.12245611932428031,0.771754,-1.5792986202924446,-1.3299015052743095
0.5716039997498448,0.8626521857599391,-0.738092,-0.19184458980801883,-1.4471815084323914,-2.3206257133254096,-0.4483764123658672,-0.597293,1.275137360498456,-0.1330938163417386
-0.5510679236449985,0.17096652765525733,-0.369044,-0.1484246226785211,0.3178350431081111,0.6440583539122741,-0.25310929138113114,-0.156817,0.3407393134535813,-0.6190612189245683
-0.28488311040229086,-1.2132080375475065,1.464289,0.4816114169924786,-0.44176064965871503,-0.7933499308453777,1.221485490317049,1.509849,-0.7148848053590554,0.03248776963121359
-1.0603961809319238,-1.077084961310418,-0.33333,-0.27048325085166863,-0.6366247532630274,-0.5961909163929366,-0.24027144594755823,0.378897,-0.0458591026259429,1.185249106117856
0.03431660124734064,-1.2343145511996614,0.273813,-0.299174887135877,1.1764028327782563,0.5955637890020117,-1.3236894957292489,-0.418722,-0.22604910267733117,-0.3175648287531289
1.033037998089345,0.8147768838895599,1.273813,0.235443751832032,-1.010887213233992,-1.277975122603139,2.066282626722813,0.474135,0.6614264924187132,-0.9459510557610856
2.101721349046097,0.2548014495356138,1.821432,0.9467561581711736,-0.8083076520688882,-0.33918462060593507,-0.07208913752651948,-0.192532,0.10215169874804268,-1.0507507398687983
1.604077638373763,0.09465718858340429,-1.047615,0.18686173563965555,-1.398690539575256,-0.10308508049846836,0.3870818276489406,-0.490151,-0.36553261905667617,0.8940351598761297
0.5574422384499155,1.6182416162505389,-0.440473,-1.6647725524120471,1.3769310427791777,1.761523313016927,-0.7964918169358958,0.247945,1.6695696215825575,-0.7749208316217245
-0.41304206385201053,-2.3387253173652147,-0.666663,0.673038325157597,0.6980395646469847,1.2325125396007262,0.4423119636238319,0.021754,1.3851147403990929,-0.04526618411984166
-0.18180476852825272,-0.20772909890733895,-1.202377,-1.2215202543694674,0.523141628015043,-0.8867628638197674,-1.8364955228408133,-0.442532,0.3986976846113951,-0.7380651924041615
0.0999639590714732,-0.9542079311996512,1.273813,-0.8458273357035452,-0.6989665493385627,-1.0525833189656133,1.54666384698958,0.807468,-0.8231573657520564,-0.32151125746819476
-0.3030823129499521,0.503257050812366,0.559527,-0.39817065894217185,1.7647878408206823,-0.7579765787586294,2.107272002855079,-0.704436,0.04777058463543872,1.6457456272374709
-0.33062692325505577,-0.6815259683881483,1.428575,1.709793461370298,-0.34435617116286726,-0.19728739520356264,1.4038460647446722,1.069373,0.6988855011091556,-1.578410251870826
0.33194695380347566,0.9964738698362596,-0.30952,-0.5273207944102458,-1.252751138707392,0.4654838017334695,-0.3380750908160766,-0.073484,-2.2999340874978595,-1.0121445185640483
0.6429401662096422,-0.28188241872249137,1.000004,-1.939089601109201,0.3275684827517911,-0.5715630610308572,-0.5238332065303604,-0.109198,-2.788540751383843,0.5113399931815972
-1.301573446095612,2.106170984371786,0.047623,-0.08157341841852142,0.21247613094726903,-0.3181853940402299,-0.1904314892856533,-0.442532,-0.26977775460675657,1.5629821592022095
0.6418241877231179,0.6059896506570956,-0.476187,1.686223438983492,-2.2406982922868623,0.253496471696445,0.4453132744302954,-0.133008,0.8563774843879457,-0.720050652920781
-0.4733380977736648,-0.9274818836707414,-2.940473,-1.3637504620281162,0.5026723760469355,-0.8520894093231478,0.00596807635163626,-0.859198,-0.5254989228657855,0.6602409779196385
0.5164024615220906,-0.794131165926168,-0.047615,-0.663448737504262,0.4853850859981649,-1.8172365453676689,-1.233340780048083,0.116992,0.7371132667996118,-0.7539577202976869
-0.06101514209835207,-0.1782386380175325,-0.071425,0.357885456554806,1.3870236849049795,-1.4129554758580316,-1.783928617457906,0.640802,-1.2759846050330506,0.5904667467734909
-0.91902394647966,-0.00842239930229559,-1.58333,-0.875371933984475,0.5871429915719114,1.7768538502120088,0.5419817148438723,-0.728246,1.8275446758019176,0.03818081985015439
0.8788524834082707,-1.0767671690347866,-0.166663,-0.4476549489664125,-0.4651765345432891,-0.03859744801914368,-0.6401265141491669,0.521754,1.9831497734659147,-0.6776888314489083
-1.117319661381389,-0.8836151095909143,0.678575,0.7790829355605862,0.9426995445291052,0.3663040264575611,-1.5848297377371436,-0.823484,-2.7021471996169883,-1.2508683987342863
-0.3032532863327256,-1.964510744873918,1.476194,-0.01993608079536473,-0.22213783086264985,1.470865408689107,-0.06106323186471343,0.200326,-0.6681146155300814,0.6161719793651279
0.24922721734297776,0.4577701857248619,1.44048,1.610226346497189,-0.00323769162751588,0.31474559107988626,-0.3206694949481231,0.093183,0.31533304993694006,-1.2112919369195576
-0.8268854732436048,-0.20085617550355483,0.678575,-0.0924056573568146,0.07427522111387579,0.630429440758955,1.2944111256329291,-0.53777,-0.62025004637480885,0.7765888261100515
-0.36177123791206983,0.6760718271758914,0.797623,1.9432567592126648,-0.6922745697022729,1.283176045863471,1.680185448415029,0.438421,-0.6003354177999003,-1.3434301553446788
-1.432072631136527,1.8119589209730216,0.035718,0.8570502199802756,0.42404580327401614,-1.5700709581494157,0.6518938738676239,0.307468,-0.15855694251417607,-1.893548655791649
0.06967351649277778,-0.7189103214812975,1.214289,-0.34653020406884477,-1.0154583294361432,0.7894881935956924,-0.3816936316262973,-0.049674,-0.6786326023676406,-1.6908193045871769
1.0633838153011,-0.5347091579188522,-0.452377,1.4185838175995438,0.05538248516870511,-0.08673716282412529,1.2259689454901392,0.521754,-1.4480520773666976,-1.1275172299763176
-0.4797161657061894,-0.03533491065149022,-0.999996,0.2706486375663496,1.316491935375053,1.2043836725999744,0.1724417196657958,-0.061579,0.3822099189591112,-0.1028988144596152
0.9555864360759878,-0.38233633562933,0.654766,-0.7005737854328308,1.9853089858799624,-0.2279845111488552,1.5982201627624393,-0.216341,0.5193394938617316,1.944493370234248
0.9790974387538371,-1.0385363252101016,0.392861,-0.6100348741444501,0.2572061534255869,1.1861299243926202,-1.617855709127088,1.616992,-1.3383787911429392,0.26340344712285335
0.22361231713533308,1.7603878723702715,-1.095234,-1.0428185319507737,-1.05449516245525,2.0287135226728004,-0.5781762253225436,-0.490151,-1.7064249593652374,2.479230459842514
-0.9689584817753444,0.6764243350912241,0.273813,0.4178093291869815,-2.240943891270561,-1.307986567434624,-0.3627107049358982,-0.26396,0.980030393442482,0.8812528304413323
0.6346941142215409,1.4047386873662315,-0.023806,-0.678167727872021,0.8428151592808389,-0.8724004239521191,-1.7386873119571715,0.616992,0.6612644727370937,-1.0623186749205211
0.41946866827352336,0.2080825222674482,-0.523806,-0.9306089446100824,1.4998153806455363,-0.46072360466798634,1.1316690513101657,0.295564,-0.44185040636365647,-0.28391458782754747
-0.9094763774266904,-0.929689749240482,0.892861,-1.1718505152939924,0.8004810175992888,1.6546817822742863,0.6969808066207152,-0.26396,0.8713551001973527,-0.3662105791928861
-0.7466685222218027,-0.8648858436578766,1.142861,-1.138283862089407,-0.09880370075479623,1.2565587165920389,-0.8894426514837392,0.474135,0.9735365944449628,0.99143971026024
0.4787407322273683,-1.3142380209538422,1.250004,0.672548543554952,-0.3201500606959005,0.23843798359160967,-0.4641539611705168,0.831278,-0.5202897288695648,-0.03075615426864712
0.08718659496386227,0.8703354805812602,-1.499996,0.0304492515660995,-0.6975949425290849,0.3666227795884914,0.1118936764066018,-0.466341,1.0032588355492744,-1.2779373196530504
1.728855404343789,0.7666498794463612,0.083337,0.5470216051693191,-1.548391782331234,-0.03323106874105648,0.069160422047587225,-0.383008,0.6998164285142353,-0.7128573492543823
0.5608017237132787,-0.6016774285547324,0.369051,0.7717787640658604,-0.2909165582998799,-0.7091219138735311,-1.0872426195344986,-0.168722,0.9523708674856062,1.3466688370576547
-1.0234841004258737,-1.751584746381098,-0.702377,0.00981993097929936,-0.7606847887282423,0.5602937396305699,0.9753485843193658,-0.78777,0.5321102243734425,2.032677988497978
0.8766049129579506,-1.3421210432269204,0.023813,0.18962275967310727,-0.9628642949599842,-0.9706203125208912,0.8302428372886123,-0.073484,0.15694519465312146,0.19778847688207704
0.7801386561672253,-0.05385268300668001,1.059527,0.02455251552142216,0.8009599654551647,-0.07180160329481751,0.7673051493427218,0.509849,0.852561716434743,1.5930800551161084
0.2315321592387335,-0.6431333235404363,0.250004,-0.6063054500774927,1.032996948021402,0.4295674539775078,-0.2119214485657738,0.319373,1.0679678138877322,-1.1826530995041136
-0.1363958010829056,-3.695067409175933,0.523813,-0.2981519678400932,-0.16592939077058155,0.686151256078177,0.825660568906056,1.355087,0.1008944282070599,0.9296362245295698
-0.48189664652528674,-0.2700711606949544,-0.154758,0.23261449791663028,2.104964899137705,0.5233680517183996,-1.2482369772633417,-0.252055,-0.7835906171692201,1.2447339364746244
-0.47369948720502575,-0.7302305132179246,-0.202377,0.02674416317855428,1.6375413597142232,-0.44564403579326417,2.3768266455109246,0.450326,-1.252008477535533,-0.44336882734042543
-1.0201570118375085,-0.6145537185665094,0.261908,-0.9300920782937294,-0.8466286262700814,-1.03657251800459,-0.1736253711151981,0.140802,-0.7171173849269719,-0.6909343038026213
-0.9354794649304264,0.5142914123602618,0.869051,-0.589016943578097,0.6046167087061894,0.433251068090782,0.4802259949673773,0.593183,0.4697700332600453,1.7018520878932568
-0.3231975965542719,-0.4114490984765636,-1.55952,-0.7371649688297298,-0.04737706404456044,-0.9201941951946518,-0.15433259886839074,-0.704436,-0.43456167248544736,1.5628241000261187
0.9427810115751958,0.32038042111728854,1.011908,0.14757969793742357,-0.8821249587403297,0.4810429536936446,0.5024259367584094,-0.049674,1.793372985716553,-1.0828781479967644
-0.56161753769629,0.7972423463952839,0.702385,-1.625769691638615,0.18868632663680615,0.4808348068064437,0.19975460043561744,0.331278,0.56996168146199,-0.9610060011421157
-0.48347579739584245,0.724919653114992,-2.55952,0.3438306338173767,-0.20113014116488803,-0.9351205229339236,-0.30752381896855874,-0.906817,0.37369314904524215,0.05166322436644027
-1.376578231740283,2.0694389920600536,-2.428568,-0.17025194028292256,1.4937571218946963,0.3292822958762668,-1.9547470641702305,-0.811579,-0.3833466752630885,2.353978541707207
-0.12958491721589532,-0.2597648725777252,-0.726187,-2.006277829671652,-2.104540116181514,0.3647408675114577,0.03182933396968254,-0.752055,0.12967998996655042,1.1946327907531302
0.0581520836434056,-0.02291292366695006,-1.202377,1.2893399021824212,-0.08891618354494751,-0.98515638340868406,-0.15150444724585513,-0.156817,0.6546194365317921,-0.25691620298529017
0.7805642350050198,1.2756227535034508,-1.011901,-0.7143367223732279,-0.07570011031160727,0.3648408971713216,0.9894229661585292,-0.01396,2.578364897126299,-1.0624095751227898
-0.8794474727358919,-0.5086123544174941,-0.738092,-0.2076771739804807,-0.04361765873040457,0.55420034250859,1.1739203145101549,0.033659,-1.853336230237435,-1.1612087251773449
1.389646859789971,-0.5259882751634956,-0.58333,0.32640916102564294,0.18311758922170168,0.6620114404577752,-1.022593237348281,-0.621103,-0.7095487553650615,-0.49495058628690874
0.17402401123412226,-0.5704376019317107,-0.845234,0.4988854494610534,-0.19900912682248936,0.5831055163502562,0.3467061734591355,0.152707,1.6175587323873293,-0.7292416991428955
-0.9848970307069456,0.201707579112274,0.16667,-1.642144566998456,0.6003953240271804,0.6305028205421459,0.0293538334252684,0.414611,0.5431398287113818,-0.11722277186171978
0.8016083835018473,-0.4114989313178005,0.380956,-2.0282135927624667,1.183007964241981,1.2714543973082613,0.5487167227961095,-0.299674,-0.03765078848636136,-0.14384345837479415
-1.6917702651845434,1.282484213340506,-2.535711,-0.10617847100986236,0.9209121808038878,1.7246476366755332,-0.3931717599616101,-1.03777,-0.07549615882861868,0.6142214291124658
-0.14355621938238317,-0.8283693413681747,0.952385,-0.18452629485181996,0.8686936418055528,0.41970612915625344,-0.5999048495922285,0.605087,0.6986584160465628,-0.14906568820303734
0.2216433334651839,-0.01530415869252368,-0.440473,-0.5887859905076095,2.2215798200896946,-0.04509688927598492,1.7477046555757618,-1.180627,1.257409750435866,0.501235684934412
-0.461197771809754,-2.568766940362336,0.142861,0.31506713413737225,0.7418515960463326,-1.2628716448958317,-1.054534188187844,-0.347293,1.1321004699615436,-0.910395552864748
0.5753452399696031,2.0126971806261977,-0.619044,-1.0718645509846072,0.4766137384238045,-1.0881690101691623,-0.6483389763616275,-0.275865,0.876505341295782,-0.0701450156855452
-0.8793930315895416,-0.14192500169943062,0.511908,-0.6596823519212401,0.8129047705243415,-1.7642981218508045,-1.4868659294301043,0.938421,-1.1476023099941253,0.0735870133184016
-1.1003964181994017,0.6416134232902775,-0.761901,-0.12159022077102465,-0.1983187226637328,0.2933025381197436,0.03590815861220105,-0.835389,-2.176178775334425,-1.5067684291966954
-2.1179997192178024,0.03456531875888191,1.345242,-0.25822123940842356,-1.43358912192075,0.4264331546619987,-0.14851866655648055,-0.156817,-0.8402718392223759,0.3404426499956456
-0.858598999517067,0.16494865953811463,-2.202377,-0.13135698886733446,1.2714218159873618,-0.08838739735554911,0.24411885561479388,-1.049674,-0.46181604358141937,1.5754869055892189
-1.1074348792272064,0.2855211176941077,-0.535711,0.18446913986682129,-0.4826782181460965,-0.7003501069212178,-0.6759164831535639,-1.133008,-0.03364772372773401,1.2689555829501356
-1.9014159248775948,1.0889161389726687,0.535718,1.572976747510859,1.4200566553165164,-1.7431766256017858,-0.545491653762008,0.926516,-0.7737485078638316,-0.00110049538512847
-1.3081978260413691,-0.36266416177996025,0.297623,-0.07661871888018254,-2.5037754172379083,0.4546710629631187,-0.8253207886514586,0.164611,1.8571427323227256,-0.8966276301910208
-0.9332233078700172,1.0399361674880871,-1.095234,-0.05498676016043397,-1.524091155764769,-1.277896197377147,-0.16726626535789518,-0.192532,0.07532895765331747,-0.6003659015201324
0.24267190301635091,-0.603518410713714,0.66667,-0.1878373895346329,1.4859278596620575,0.26400496806623236,0.24773598797478544,-0.704436,0.7490700282816011,-0.05664930052470741
1.1779561064590558,1.299590168187551,1.44048,1.160395006760791,-0.3216903112742892,-0.2833274463486481,-1.0314247086213446,1.616992,0.5413716131024796,0.16290683187149282
-0.43241342377413206,0.7934100673174903,0.952385,-2.0157760452288573,0.03493299998446694,-1.450637732344206,-1.617627114361063,-0.28777,0.3964679523596565,0.6361377292593575
0.5387456373534613,-0.8728942280798397,-0.702377,-0.5009399648297551,0.23124450967962032,-0.6127884892980823,-1.6636828184637589,0.271754,-0.208527839925056,0.4562523907418672
0.6503354511737219,1.1922871126303995,0.559527,0.7518382370198369,1.3093453542775215,-1.5908092680237815,0.98967085359817,-0.025865,-1.448874470794563,-0.30574235400899463
1.0123212287315415,-0.4646879886395274,-0.952377,0.2753506196776037,-0.821199780870169,-0.18045969994056207,-3.0615132490463597,-0.430627,1.5235956123458916,-0.978646664265788
-0.7531745872851089,1.1492300458617055,-0.547615,-0.7630608920480442,-0.41855327833626527,-1.1176430500830896,-0.6141663298492165,-0.609198,-1.3293438493907015,-0.01588828949431707
0.3216579384464462,-0.08813075959197963,-2.940473,-0.7224287320714476,0.2648974435912487,1.159718150978256,2.1032354666985578,-0.871103,-0.05327814376400256,-1.2457139281530498
0.7882839430846345,-0.09206121696968896,0.880956,0.4031305898759535,1.2684425040650054,-0.5251016484489766,-0.05449149155415376,-1.156817,-0.9515873777130892,-0.6015374907355693
0.7076197999695245,0.24864456597292417,1.261908,-0.1062787720261918,1.7616345680478458,0.4471678661983251,1.227643172015916,0.402707,-0.28891255521475184,0.5893592397448484
0.3398732735424616,0.1804748912092309,0.69048,-0.789977438078627,-0.20891487181403268,-1.5744641973975324,-2.0088360234737386,-1.168722,-0.2071229996531565,2.0490125126988668
0.8955241672548103,-0.7413483011427969,-0.702377,-0.3081454212590382,-2.2248798498383304,0.14051554877104327,0.5082700722240299,-1.002055,-8.3013430264895e-4,0.10493582022093098
-0.26374777879675176,0.42734156029043,0.904766,-2.0096673233224145,-0.2901435010071085,-2.235116895549961,1.3749136484637203,-0.26396,0.0437223696196359,-0.8817363748263014
-0.6296942918136417,-0.6557657263753534,1.154766,-0.7747008541960421,-1.640773869446245,-1.1518436293628125,0.5021903785688033,0.21223,-1.182465398927736,0.3625645452671803
-1.5939990665712107,0.7858140632036381,-0.464282,-1.212508256216919,0.7998119479342232,0.5220442390812083,0.05693870017453385,-0.097293,-1.1784745187252894,0.6989330796056961
1.181399836214931,-0.8844929616581315,0.511908,0.627812792205778,-1.58198801930272,-1.1938967833392422,-1.2335532320085592,1.319373,-0.01916943730448865,-1.6044954744911104
0.5882888113443135,-1.3369871626492036,-0.892853,-0.4661153477299187,2.286872637130655,-0.283990154906676,-1.5028116434065444,-0.990151,-1.1100766607678878,-0.07057979350149905
0.09268484250715892,0.6182932638516994,1.369051,-0.8751785880548413,2.206327294489394,-1.361879545897152,0.05116431581081296,0.057468,0.9704344937510034,2.3137287923208505
0.20812907571912237,1.1028765066977864,-0.488092,-0.3924388314513474,-0.9134576153359746,0.08841432638439681,1.7666124085415744,-1.228246,0.24241233866199857,-1.2868519792536743
-0.17060503583960887,-1.4104324823098746,0.130956,0.959672967448058,1.128323510355533,1.6489197692021202,-0.17480813363308825,0.640802,0.26920813145888894,-0.2433873060787565
0.5700157535642948,-0.4530828315400271,0.333337,0.8272135505009978,-0.5748622802137243,-0.1883404292210704,-1.4459042471714605,1.343183,0.7364195936438589,0.30439515107294907
0.18144686987658903,-0.42649324991924664,0.297623,1.0941051827024504,0.04297605597519913,-1.753700838839034,1.5197803612862928,-0.01396,-0.737072549333958,-1.9500133355931124
-0.46011901721939374,-0.6687308350130726,1.273813,-0.3063240188884408,-0.22112384839228988,2.2575065571016433,0.8002511363589998,0.081278,1.346779791354623,0.97474732970596
-0.6266983990004519,-0.441398518550837,0.357147,0.4869395563640632,-0.4197722757241736,-0.7142282989758851,-0.7757112653636759,1.533659,1.3125809483461948,-1.439333663560761
0.2205188602929916,0.9225174298253114,0.595242,1.3738078953653547,-0.4067427495478747,-0.39972004213948464,-0.5826536466702615,1.497945,0.4027886987223492,0.01868490617943972
0.05575633016739607,1.0529017426025316,1.095242,-0.2530508004740811,0.6044963896330979,0.1680144666470597,0.4837397681405742,0.509849,0.2555457349162482,-0.613835515178199
-1.1307258932489417,-1.1250796439738746,-0.416663,1.196149629498006,-1.9581236004670344,-0.1498633701408048,1.5042303608554282,0.164611,-1.3493477304739738,1.0181556276456127
0.02688383168098395,-1.2235675893999354,0.595242,0.5727727287698863,0.6149178387801906,0.22623338745287525,0.4916550903805279,-1.002055,0.9119163366752164,1.6090380886651638
-0.8296712261838387,0.494527591327822,0.523813,-1.572819574276742,-0.2129976278581454,0.5467546963888267,1.4107285765527255,-0.728246,0.12202026108965872,-2.5218012331969972
-0.9757014005936678,-0.7070090663516602,0.226194,1.9062538822965205,-1.0152229540325095,1.7592450938214783,-1.113783083166926,-0.478246,-0.6639556519709657,-0.688443315329548
2.1010938313529213,0.10184175666312698,1.261908,-0.754809088964655,-0.4892957468661337,1.0275278423140417,-1.299874744425744,0.283659,1.3649335781527971,-0.7791904718993977
0.3332216105638698,-1.769928109534503,0.523813,0.3673048777121321,0.6077668361252874,0.8335810781039601,0.5932537091371732,0.295564,-0.8037713801222124,-0.928265534049241
-1.0610849914234783,-1.3162137301019128,0.630956,0.5979609146177198,-2.643870587074673,1.1123579732279485,0.315854182728133,0.069373,0.31446104276551895,-1.0626599516651498
-2.2779801406224927,-0.8700552709662032,1.678575,1.370774185712034,-0.2042200053165283,2.004656619255364,-0.947371452751939,-0.085389,0.8767711491134833,2.2964283653744393
-2.463926156106574,1.209801906285133,0.738099,0.7017959256861128,-1.4605654607554677,-2.2733604827359803,0.098039990154713,1.21223,-0.21177255511709947,-1.0474939345237728
-0.8708697528437311,-0.8203634964442952,0.619051,-0.8160214494579315,-1.218177996388567,-0.7591167641617856,-0.06578845386229198,0.224135,-0.00990613215109084,-1.2772748990361391
-1.3671431717950433,0.5836258108545581,-0.107139,1.3662310786153475,-0.20974410162146537,-0.987711137426312,-0.794023797216022,-0.478246,-2.7023202794350856,1.3202458787989706
0.2572599696542361,-0.34151393220600773,1.261908,1.075500765870523,0.8395323833119726,0.8116812788473243,0.20495669042890943,1.283659,0.9770777186526168,-1.1122179812076338
1.5890250602746234,0.5706584685158981,-1.035711,0.8388751411743937,-0.8150695736694025,-0.5901070098694474,0.5846836272481123,-0.478246,0.15482655120173588,1.4538622977569116
0.00991230804087539,1.1300703262601517,1.380956,-1.9227387629628552,0.6899639516773809,-0.36798275946407455,0.7794354262764672,1.164611,0.14403057428806412,-0.41091456185697794
0.4516468312983925,-1.098374559394496,1.785718,0.8359969126050443,0.8669708457304383,0.3384422161015528,-1.5349932101129715,-0.133008,-1.0671368028954669,0.5492119701281563
-0.22376423244512897,2.6269925918418737,-0.619044,0.02309171307417381,0.3058732401504643,-0.21374252681129777,1.9721695992393684,-0.133008,-0.22507533943047064,0.4168419732401499
1.0792907578847502,0.5986995562570986,0.059527,0.7784888003384736,0.6759278142322752,0.04358556102554147,-0.4213896353848624,0.390802,-1.1021444329372925,-0.1673848983264552
-1.6101057316025085,1.4269988352127114,-0.369044,-1.5212033229880422,-0.8571371561136957,-0.893520863301202,-3.1768470626819765,-0.549674,-0.4161112436773974,-0.9865574645267968
-0.4550845659045647,0.3730216016791381,1.452385,-0.09209084051094917,-1.218712172100206,-0.37923171591315463,-0.6145386595477449,1.295564,-0.4184165854241552,-0.2371913189680576
0.22994032514072343,-3.1645435279601637,-0.58333,1.825643623151029,0.717273578747216,1.0096664305010408,-1.0964506366699944,-0.740151,-0.7665841962286258,0.463152739021078
1.2052978481541017,-0.4018422472841105,-0.642853,-0.962790765993726,0.4848635066268469,2.091488087663306,0.6840682540937727,-0.442532,1.1909626700830136,0.32507393566204307
-0.4813311430755865,-0.01934904063091731,-0.107139,-0.5287492314496058,-1.2460680567311593,-0.7423865593197772,1.16481372109243,-0.359198,0.8457357122432353,1.0797583717006976
-1.1922918652664647,0.5602494105573541,-2.738092,-0.08212668623930115,1.338157403427423,-0.24676127252694155,-0.7277134479558445,-0.871103,0.05273136707501079,0.5747664832251758
0.2242607376524468,1.6529443945479352,-1.619044,-0.4819680163129762,-0.2203492355998042,1.067355164620304,1.411410566462154,-0.585389,-1.7274484252229034,0.3733107549998334
-0.5607841511716527,-1.053261498587006,-1.940473,0.7599285869176743,-0.16145644397866166,-1.1505509291919502,1.1692831040612413,-1.049674,-0.6165623675496446,0.3849128069763213
0.6882953738482968,1.6317670943548794,-2.261901,0.5825396924703578,0.7766943564910974,0.3484577266080318,0.18635467204979084,-0.954436,-0.3457984737136626,2.4451020550214304
-0.9370523980722808,0.23768155845180344,1.178575,-0.17710985889378994,1.098806073978469,0.4346651070110501,-1.52937577106034,0.807468,1.3819268300729937,-1.085278526165697
-1.270540025746291,-0.09664857027147349,-0.345234,-0.01296938065293926,-1.0820683010655143,-0.3160334049516855,0.6282372682962624,0.283659,1.4219409219226455,-0.12433104649951308
-0.12212636206852212,2.8169891063664134,1.214289,-0.24589559219269871,-0.7985184055904065,0.03040012185495482,0.09794804216059994,0.783659,0.4595609752350154,-1.466141097344147
1.556386663704818,-1.0674372995745776,0.654766,-0.1987746835253844,-0.22435673718423005,1.1391965070959036,0.3629937141976892,-0.228246,-0.2041357347705695,-0.5410403315100275
0.9171779734182174,1.4257484066062678,-2.904758,-0.03056589683342285,1.2680223570751117,-0.21492596696924535,0.3248122164709253,-0.692532,1.1255617776044424,-0.29527924817616236
-0.5239326267002823,1.4981658554208814,-0.33333,0.04585545720154741,0.28962825602386116,0.290500531619934,-0.5518371135733279,0.343183,1.1127402022247956,-0.511958091072099
-0.4447782333954655,-0.2740905306345635,-1.607139,2.0104280747283223,0.2763816482604604,0.53122048535256,0.6916136386620697,-0.871103,0.22055490177615483,-0.04234390770341181
0.14443784884603325,-1.370988309732133,-0.285711,0.5982519573428561,0.7366419356555689,-0.42448318977725735,1.5995902099825454,-0.430627,-0.541313357819194,-0.48085941406767535
-0.5297094703972405,-0.20803518254531397,0.309527,-0.17333081183278387,-0.16088927561266397,0.01187594548420188,0.35129063459431525,0.450326,2.3302432880328987,2.2719975034219826
-0.5673878779210969,0.09297804488471643,-2.797615,-0.33612532784330945,-0.1066058910444394,0.18848133259651131,1.1037708701062192,-0.871103,0.413252730838117,0.3670287771546786
1.1849853167992197,0.9354009280561894,0.488099,1.1405458654783938,-0.5449272058432838,-0.05448275242902539,-0.07806500054902848,-0.240151,0.19179169079395608,0.5466510374718605
-0.23135539168873956,-0.10478120301816464,1.214289,1.2808010817203197,0.6925656863081321,-0.9728934639319856,-1.2291746468524078,1.093183,-0.4704673247006585,0.2381215126071393
0.5733403841271487,-0.9913238213849884,-1.238092,-2.1310316490948216,0.8449430979693302,0.2082496060229848,0.1136523521647326,-0.299674,0.02022296438698638,-2.1630820057442555
-2.4988529197045932,1.712606457082697,-0.547615,0.6174453652979465,1.4672830477564742,-1.0682559746070954,1.094467361508619,0.414611,-0.4760337725908588,1.52170449694019
-0.6642181575882196,0.9827604309284816,0.357147,1.1327056049894295,-1.270759458843835,0.9429675136669796,0.01682019249057016,-0.061579,0.5990060588202469,-1.6857815945729748
0.5944519540159662,0.3120707917386542,-2.857139,-1.4491665891396006,0.19732131559889227,-2.3375374527476813,0.2893168003090798,-0.716341,-0.4770434269124724,0.521963693623972
1.1808925884596206,0.4085212634382613,0.607147,-0.26076770407259026,0.3865024060653019,-0.5259239299233422,-0.8153505681723263,1.23604,0.8547350201583797,-0.557022351096872
0.2623446508625164,-0.06145453734429977,0.119051,-0.8368930809627332,0.4625055581050003,0.579214619909525,-0.09530490772668676,-0.03777,-0.26286141257479484,0.4812537825159172
-1.1244260384469815,0.8590566761540801,1.428575,0.5683296735520343,-1.162647610696413,-1.1852172912372274,-0.4911034175557141,1.414611,-1.3994097477331031,0.0847445554023721
0.04530169740681644,0.3068491332046997,0.511908,0.2196141996097017,-0.3534120365827709,1.497405289016145,-0.39552538590200464,0.96223,-0.8409191293449666,-0.5619349190518625
0.9407493711554226,-0.05203675738025196,-2.654758,0.2122162025459763,0.8242363280878809,-0.24171396691425773,0.4051665933829812,-0.871103,0.19127912522935744,1.1699981516892883
-1.2315438394075962,-0.3162147560459909,0.642861,0.05816229788226113,-1.1295427519287915,-1.1422183932959518,-0.19879324656511976,-1.109198,-1.5692999584869485,2.008961816301279
-0.32458254986717827,0.4007263947710791,0.583337,-1.3542679881349453,0.6976580242836365,0.5619565866872346,-0.4953165422418804,-0.025865,0.5414462815150006,1.4197842670395362
1.2871645868954142,-0.04103313363392104,4e-6,1.0357244496068203,0.11386216061684504,0.10823727847031618,-1.548691831940772,-0.073484,-0.09333816793676816,0.4991949353772123
1.1508269670333475,-0.0773588482624857,0.726194,-0.2906704251378685,-0.920784275661148,-0.6636007240120229,0.7381127658802782,0.045564,-0.834342614002554,0.01412444218906893
-1.991425683898033,-0.6305995008931499,0.488099,-0.04622843476573862,-0.24730504575660076,0.5858062284784986,-0.5817242261778102,1.247945,-0.5854420325022469,0.13499800554789196
-0.7641347697883876,1.4902024717094902,-0.214282,1.427192058294554,0.0068263476447749,-0.5903160282178216,1.3686947356930723,0.438421,1.1529839292688306,-1.4186075175096082
-0.7411245814524677,0.5443589446809145,1.011908,0.10159931359752328,-0.3476684848495482,2.0635315613607723,-0.550518236833114,0.688421,-0.346693518921099,2.173973682437065
1.8711385648999952,-0.6218207341875599,1.380956,1.5456539741461777,0.8982149010974829,0.37525942948533897,-0.4816906806585902,1.283659,0.5356475338863338,0.6189346134684668
0.6249912444994615,0.3758796174855451,1.19048,0.5858785372037654,0.9000319084139933,-1.6422741006974946,2.1365750315143153,1.200326,1.8527823424444112,-0.8158943876964593
0.20572791994290143,0.24560933891042025,0.226194,0.04021507064379533,-0.2471282149207168,-1.337362808042406,0.09941153787760168,0.593183,-0.37473143416214433,0.8042312810325181
-0.6121220502508878,-0.4025144589512742,0.369051,-0.8977734908439378,-0.890122375525887,-1.5489043659431982,-0.5228307566352967,0.045564,0.24189714895723513,0.4417294405516633
-0.08169345092421762,-1.490195460115387,0.892861,-0.04468172909311284,1.2587802520932772,0.883069327314916,-1.6140990265257658,0.652707,-1.4484020996192173,-0.6686637915556184
0.5437829120211503,-0.8093893026703693,-2.714282,2.002303687171339,1.203243456412912,0.6357579996528387,0.6092711246847202,-0.823484,0.8491830640854362,-0.5070875515251891
0.4882141468460889,-0.2670213498177951,-3.035711,1.6705309419313357,-0.04833754542007465,-1.4069516434359088,0.0720308965972722,-0.656817,-0.9856581386003184,0.9316566634825868
2.469701848231771,0.945048688118118,-0.059520000000000003,-2.7553796574096014,-0.8678083295787674,-0.8447378870558482,0.8669642756181783,0.450326,0.5282275814783459,0.3009504705387216
2.0797211420112673,-1.8093186015244411,-1.166663,-0.758253768065155,0.2609712732022261,-0.5695739630251815,1.235911502276528,-0.192532,0.5731602901124424,1.1238783322459818
-0.4755379676578089,-0.867457600863097,0.845242,-0.883088872007493,2.2160700638849473,-1.2120445004234393,0.7830311361254675,1.045564,0.7022724200203464,-0.08904046718118255
0.6389912556375579,1.0782629439655878,0.869051,-0.9764073796537748,0.32931218507232035,0.2635885654338133,-0.6853977726727114,1.093183,-0.6286811350441812,1.3628263353038677
1.095850688450288,0.5595634807438696,-1.011901,0.6607393633522534,-1.0567930640125396,-0.00688055573879832,-0.22295084943324833,-0.371103,-0.8395942629692367,1.8058870670222245
-0.2917113445781031,0.35220205528558624,0.202385,-0.6855083549527796,2.8198637898818117,0.6129987078043756,-0.93579672107611,-0.371103,-0.12940394741250535,0.9519999480441098
-1.1681694947080954,0.25056467771184765,-2.33333,-0.35267830791103966,-0.4047359106754898,0.27485296873873666,0.1347918469943021,-0.871103,0.651497354427204,1.185631273664241
-0.24368400017208272,-2.9058358819956345,-2.107139,-0.01691270343080852,2.512286186779224,0.8371584805827575,0.16583523105155384,-0.871103,1.333629161833744,-0.4059866072000819
1.4735828616172844,-0.6098326084640631,0.773813,-0.954974144808655,-1.1624647034578088,2.283193832098721,-1.2895935821600275,0.21223,0.645084964420673,0.35438721915024535
-0.5506990282100581,-0.368453293197338,1.19048,1.4238573448414809,0.05117458831627699,-1.5920651570246722,0.7199924744905674,0.700326,-1.2248309028961224,0.8197844219857432
0.20015349100634464,0.9399947156679416,0.095242,0.18222278727388863,1.374726688315197,0.35940335420611724,-0.7865877390812738,0.616992,0.14421850234145134,-1.2117707278562733
0.29114976239715934,-0.5493477726492271,-0.202377,-0.31555550826043627,-0.8996567645881287,1.017606720562191,-0.9311268233518306,-1.228246,-1.8635160536931832,1.1668856323976715
0.8769773686936216,-1.2496165220837352,0.714289,2.145292637830361,-0.09917164922885728,-0.4014368373656531,-0.7529024159554525,-0.03777,0.596395065174733,-0.6944389091714274
1.0261204298510809,2.7850846220157504,1.214289,1.1548423466343771,0.11005815871306958,1.8319156121518752,0.25484734731649905,-0.002055,0.9251349615511388,-0.5026473495544355
-0.3604369044101134,-0.0041341172662964,0.642861,-1.2765218115985617,0.3617457152772593,0.19580174411825152,1.060550171789957,1.402707,-0.5897484147719895,-0.1349904230361626
-1.093339184153482,1.1672432760396343,0.035718,-0.03272469088570173,1.2466003798457514,0.3189944933174125,-1.3866443007004474,0.188421,0.06143986144924348,0.6046138943799215
0.9043217232960707,-0.04285171026092709,0.773813,-1.3451524830922876,-0.9277879719136808,1.002968347348883,-0.90916358246815,-0.228246,-0.7520877516217838,-1.038151376839526
0.678009775249167,0.7891114752796975,0.41667,0.7114409006681491,-0.8884508826175552,0.6439840232839718,-1.464016431608725,1.247945,-0.8922368129423887,-0.646510461192621
-1.8934667275078056,-0.35764891003568655,1.142861,-1.421552930056083,1.5878970947189943,0.7219978480801119,0.45392881590532863,0.73604,0.30219795745589434,0.2314426169304174
-1.467553304750128,1.1435442490228285,0.69048,-0.3587032405284898,0.12644003915761526,0.9294975274852748,1.658923440327122,-0.51396,0.967942576158359,1.1606114291828171
1.3707182830571751,0.24346022781493704,-1.095234,0.7758276072866093,-0.3987294547117814,-1.2694921333135558,-1.6988884521461272,-0.01396,-1.718477902324733,-1.318812013411248
0.15596937718307738,-0.720929998983677,1.095242,-2.2063575273326217,-1.0192804814086858,-0.47551876377677504,-1.8098693277271043,0.438421,0.7636125041751285,0.8957735163603864
0.5284606189013636,0.12297203930985837,-2.428568,0.4435945983798076,-0.4328746862699579,-1.5840656095399976,-0.0855812446173235,-0.954436,-0.7372753685608298,-1.8920662615352275
0.6444702358628632,0.2464568860578731,1.452385,0.7211485200930099,-2.0246228695943476,0.6774818137150869,-0.1249334885887102,1.593183,-0.1684464582756924,-0.35710281176897296
-0.6225050610353526,1.3150107245974196,-0.702377,0.34073580275936527,1.335151542305521,0.6500798166173749,1.0243289564666225,0.426516,-0.35267781087617694,0.21565041584328876
-0.6815637791262714,1.1913789722343358,-0.154758,0.00213560428100434,-1.4016548036898366,0.1265667966928216,1.65146892440925,-0.53777,0.01442472523756669,0.217656961610961
-1.3301434508548764,-0.7258921982528089,0.928575,1.3975957168309108,1.5461975310841205,-1.1736593215812343,-0.5170292034343331,0.390802,-0.8291312688522705,-0.00871734916352037
-1.151886636551816,-0.7196330043268115,0.952385,0.1500640901649972,0.5350656232111162,0.20802486697813108,-0.8938228036814074,0.926516,-0.1565415178770185,0.12447536028241028
1.1273784487407532,-0.4373264946353367,0.607147,0.4055004455109936,0.6287718625841758,0.9984223581072558,-1.143288721832202,0.450326,-0.08414609463845972,-0.4269272737976106
1.7094488383740551,-2.4650810724096472,-0.511901,1.7139024905205085,-0.3994888167727371,-1.5128553105476403,-0.19712768640880943,0.307468,0.7090750012126856,-1.7308119127741788
1.1241279861025952,1.1159531245380938,-0.58333,-1.0334428554100834,0.8852938503423666,1.6877258612105774,0.656167097109972,-1.156817,-0.5089372268037761,0.22781478903345817
-0.7583377680450912,-0.4402416815319518,-0.761901,-0.5899668384342712,-0.9488178383429098,1.2772587432219824,-0.29624320185585307,-0.918722,0.6742332097476127,0.6282157463195601
1.063780735011822,0.23130630487820755,0.547623,0.27948047306612045,0.5798482057619967,-0.5282688619366015,1.6745480273250253,-0.418722,-1.35503804534114,0.6879607736576753
-0.11891536258073498,-0.14639506191038754,-0.535711,0.10296589967524349,-0.4510077064734495,2.0179252219791013,-0.19700021811879245,0.438421,-0.6851921485221532,-0.950381287058291
-0.27072928076420905,-1.5095586201923117,0.630956,-0.6291682249793527,-0.8308118876969549,0.43688631040118847,1.126582614489899,1.307468,-1.9073979234176752,0.19746002139245503
1.3302082081651063,0.930233332280896,-0.30952,-1.5013109154282906,-0.09743302075251796,-1.3874724065773305,0.28994497173502387,-0.097293,-1.4875260396642542,-1.3210560409219363
1.8260002495778789,-1.0768395331967746,-0.047615,-0.4635276644745233,0.13500854517917582,-0.929995651329112,1.6246523838956075,-0.478246,-0.8710144135821969,0.9916425481977872
-0.03815675450251959,-1.1541084074085322,-1.08333,0.7906546015753252,1.681962682251073,-0.5420630771615855,-0.29901998136062286,-0.28777,-1.1180406116430934,-1.3199760340390203
-0.7230232661381315,0.9930769421778262,0.833337,-1.5606778575624196,-1.3994938102678074,0.7704543612015131,1.627599412283398,-0.347293,0.19095486774989345,0.11190926861956528
-0.129952797823077,0.13532772059636783,-0.166663,-0.790123066042227,-0.3875868038555362,2.0402510633521747,-1.467476125726923,-0.371103,-0.4327714856664934,-1.14624626941678
-0.3161398955179947,-1.2086501422058034,-0.416663,-1.1940196381553243,0.7571172812899759,-1.7034708020392264,-0.25438540056796477,-0.502055,0.8733397104595925,-0.31362165592048924
-3.005160259285032,-1.3394400699291422,1.321432,-0.31397346985380326,-0.26832391766628094,0.738644995179189,2.0575094872780393,0.176516,-0.45594990295871,2.3301263871349596
1.7561070290737806,1.1911732137848667,0.619051,-1.7851441114470843,0.5224803576735856,1.112166803409695,-0.8529905870686432,0.23604,0.6193826257518021,0.02986701795437017
-0.6206761273978783,0.7543899733478868,1.250004,-0.668298952398339,1.119903118107924,0.7460800682204903,0.00248120256899471,0.450326,-0.9994537288674014,0.5652304976993916
-0.15868807867177365,-0.4151348481911529,-0.392853,1.0434173304443128,0.09504601778297746,1.8677375164717855,0.6325172241894921,0.616992,1.9477765862348275,0.7446295972955228
0.60932984949755,-0.916188973815231,0.452385,1.5928891423064535,-0.16244595554817962,1.3683254537696936,0.8118604238081564,1.200326,2.0672420696763427,1.410308823512819
0.8995261550889754,0.478524508361887,-1.154758,0.8448714305868392,-0.8442332720702773,-0.5908544344514405,-1.5863848823180622,-0.442532,-1.4039112763977522,-1.190469915576428
0.01877935228680453,0.9715312161755524,-2.321425,-0.1721830442295827,-1.324305617781891,1.0906600935513906,0.3968327509761743,-1.061579,0.29560192588932005,-3.0783009537539505
0.8885973350980729,0.26637786771296934,1.619051,-0.01820062614207208,-1.3859275780821685,0.424929325502086,-0.13974512718486928,-0.240151,-0.18362429809190103,1.3856997594312672
-0.11743287919528592,-0.6423543002676722,-2.369044,0.7633599826716511,0.2245343087939024,0.0025963656764487,-0.06164627529160249,-0.954436,-0.8678356171695074,-0.2848177933698683
0.4132555990384328,0.9523498595460068,0.178575,-1.3440855698799823,-0.656618318525805,0.13584584794946702,0.09832576330024316,0.140802,1.0316663842188287,0.8538020681882421
-1.2523918689183755,-1.224212680397916,-0.83333,-0.04958667571402162,-0.71787028573955,-0.08413842179472342,0.21524753670713867,-1.002055,-0.7540978486599684,-1.2119189335149052
-2.5627068822865327,-0.7259992817611627,-0.964282,1.1662824623229158,1.2662971506358849,-1.4001577832019698,0.07264460108609333,-0.394913,-0.535459998979977,0.45005318858622184
1.6055223150200042,1.771341882720106,0.511908,-0.10186784675968212,-1.530244585703162,0.8611942402263989,-2.187025372501084,-0.454436,-0.28494140806937635,1.123754829126162
0.6784265399626543,-0.6036850260984667,-0.535711,-1.9287562971394845,-1.2414024897602918,-1.313697811828438,0.7256985243930787,0.033659,-0.42180025872032045,0.587293916648511
1.1036210499955934,2.8301593579287094,0.833337,0.8256913186242447,-0.7831069141964361,-0.20756031426155172,0.5825393710965933,0.652707,0.34166288255768124,0.05661114902254161
0.5667302120826246,1.43162521622171,-0.83333,-0.5904155701609626,-1.4020426820885474,1.6619873063286446,-0.10109019618347018,-0.228246,0.20304154946858033,-0.6550144618020398
-0.21476029094366617,1.8689631657627803,0.797623,0.15740166413788204,-0.45106334215123495,-0.05200626302186836,0.16621613127027052,-0.525865,-2.074997954727091,2.010260115121728
-0.9193674990192148,-1.3538840316481238,1.297623,-1.038907282278808,0.04698982890013289,1.764521037476852,-1.5358312026040772,0.045564,0.03471821950121555,1.428096449901501
-1.91605180906525,0.5499697804876459,0.571432,-0.8205518555368356,0.2860618350513565,0.05685678937592543,1.7951837205152394,1.545564,-0.8990630079237243,0.3921571641395275
0.0762638824375883,-0.28798083543896125,-1.80952,0.9770947843924934,0.684461842974782,0.5156463508780368,-0.8139287453284887,-0.871103,-0.41499249491410933,0.17888796099827162
-0.9702324037982264,1.8734163108566644,0.511908,-0.9346895386256588,0.5331161971039321,0.6843443396374816,1.2701008010577404,-0.156817,0.3339354247156711,-0.8143507572502322
-0.6425115556820022,-0.5349283986900649,1.238099,-1.2695429745543398,0.23458037433265297,1.4663586795323915,1.8776705619810337,0.069373,-0.41820348659300344,-0.13292694758031118
0.17238632887579144,0.43315024853306505,-0.749996,-0.9842484513961652,0.7676937169875374,0.8498486552742514,0.1226336884887984,-0.085389,-0.3091036683689521,1.5319929341224383
0.1853839788837733,-0.14164827446193856,-2.535711,0.13687879928844449,0.5528677298651047,-1.1793179398133598,-0.4611191824499613,-0.966341,0.5161330922906376,0.9768976173526288
0.9101788564063222,0.31238411726491466,-0.511901,-0.6056261707295569,-0.5921325044843989,-0.673481996301512,2.12642966103318,-1.180627,0.04683344627873978,1.6156555767254062
-0.5795704819220843,0.7294068610191947,0.785718,2.250352225331117,0.4240042945557964,-0.367942874095476,-1.0004536890398292,0.509849,-0.2694502768041032,0.2740638792326384
0.4950474566745127,0.3786323079231387,-0.55952,-1.3978923295448138,-1.1414924711961194,0.8035698586002742,-0.9154782850711932,-0.799674,1.2937394561129325,1.0053308087443262
0.8217071250747295,-1.1513894152899886,-0.404758,-0.2790523816169829,0.00453863160441298,-0.25267396104051293,-0.1933820778215589,0.497945,-0.34725386379694567,-0.4559847826924111
0.17828134481310912,0.34283469747163103,-0.273806,-0.6658908446712195,-0.58679970693547,0.35962267341538623,-0.6056085787678346,0.366992,0.153471835423767,1.0029088010091465
1.4867932950638605,-0.9919358129082724,-2.702377,-1.3272365066536709,-0.776829620889262,0.0674751642997996,-0.11870886162534083,-0.906817,-0.19720525884804305,0.2904687200059489
1.4225298635076815,-0.357777387880187,0.095242,0.3864734250545586,0.6010019040136755,0.9626454742400312,-0.5874144906114095,0.188421,0.5894773408492703,1.5224741991644
0.7714840031489251,-0.24178987692801973,-2.166663,0.16946421364992756,-0.17450841808494197,0.4356265423935076,0.3960555886142222,-0.918722,0.00947315797813293,-0.8988885997584878
1.0288906378803129,-2.1671351770208487,1.130956,-0.2260347349791348,-0.5764934466035457,-0.00551416158431544,-1.691888306227893,0.116992,-0.7225695815575058,0.35853732369913566
1.4090722476236903,0.0516563338533025,1.630956,-0.6583137694155876,-0.4740466464690968,-0.6073183170166355,-0.23303065455451963,-0.109198,0.25983533386257374,0.4727501732977336
-0.07470199652150177,-1.4293119301708621,1.380956,0.7063817541958319,-0.754580542058294,-0.33530048853282524,-1.2194993543555317,1.188421,-0.7599392552355587,1.2430160817245648
-0.33712217226846986,-0.07050788100148568,-0.476187,0.3888055466838139,0.3572745688079811,-0.7457597067735373,-0.45584568866961706,0.557468,-1.373629566410647,0.2205689963022212
0.13908430343478723,1.1723778781548777,0.821432,0.0627877411643741,-0.980720488391662,-0.5249668402169644,-1.3672384918447162,0.366992,0.2746041829187244,1.9605320239460515
-0.7087391187348439,0.7961263693799466,0.797623,-0.03009898466598923,-1.1937201226566845,1.7783599838967852,-0.4506833412836884,0.128897,-0.2532286506735927,-1.544344724009127
0.1328451693336396,0.886187302318919,-1.357139,-0.09341528414533808,-0.506177365911443,0.7721166662391322,1.059534039453078,-0.621103,0.9198779532871983,0.8386253964785891
0.0884491332400052,1.0850094317146286,0.785718,-0.479068559184362,1.648473945674164,-1.2338085887235788,-0.5557885651987273,0.23604,-0.7210209546160354,-1.173831423232912
0.15797001127739177,-1.0000486948705636,1.678575,0.13395246609932265,1.6148638845512433,-0.6336251640948363,0.6999078804293206,-0.192532,-0.7646967128508508,1.0502148668149485
0.1738198147013801,0.9548260478861732,0.428575,-0.13030556845339453,0.7686478235116174,0.6012371343905153,-1.4889272379060925,-0.549674,-0.6703588851476594,-0.3194187391209537
1.055514811548624,-0.2607404911088611,-0.821425,0.9427530212665808,1.475044993730971,-2.0270674644672813,0.21859746279560663,-0.466341,-0.2176336373107241,-1.0024814122885044
-0.5385587510592765,0.8387535053900614,1.202385,-1.2001900764577893,0.06750251241961143,-0.4080435060733372,-0.2937946045678107,0.843183,-0.5705873599685686,0.6800913678652217
0.5582915519326205,0.2042179266551,-0.55952,0.9818800084420806,1.4918251194264087,1.6807471492250994,0.328084674805818,0.23604,-0.3364251541261384,1.0955653861864325
0.23760873218430997,0.10602242409670548,0.988099,-1.670991482392732,-0.3698969655772551,-0.8959786750242501,0.9745338398984812,0.533659,-0.8624275521202273,0.4345814999212557
0.0930825931679224,0.8336076011556437,-2.869044,1.5063068411811171,-0.5849087665404038,0.7217261269272727,0.15500885422976415,-0.740151,0.6838326820125035,1.2165236690453154
-0.25118887637226806,0.6816455293176087,0.011908,0.45297209573929015,-0.808978066666008,0.1398336874174916,-0.31010723128091916,0.283659,-0.3700030056473702,-1.1415776355106817
0.3900955560193021,0.2091749285517557,1.380956,0.06653812530573157,-2.0896090016169144,0.23695813894303444,0.8119271885091952,0.164611,-1.0640643334317836,-1.0045119669042444
1.4817464391638977,-0.6901910750497414,-0.523806,-0.06216217899684909,-0.534259168877398,-1.4621017494391124,0.07566492428438688,0.355087,1.5298323888594072,-0.32354025910777295
-1.7824884192435335,0.08786723171264639,-0.55952,-1.410135260009719,-1.4455684010900405,0.334896456998421,0.6510268113031678,-0.811579,-1.7924492402362893,-0.24874236442541597
0.06322950919887475,-1.395922320384064,1.285718,2.2761635457407516,0.38345207781316987,-0.3727729765885835,0.8095614662758239,0.366992,-0.5482442927271857,2.0618975139266693
0.9036307823697586,-0.94053825913693,-0.845234,-0.3716594936123935,0.2152678602365056,0.8420826584494846,-0.5358286613478499,-1.01396,-0.16150630403855393,-1.3828766984948035
-1.0534849168302218,-1.5256237371989732,1.261908,-0.40173251677846855,-0.6901725520306673,0.18944364073500125,0.3240578618934609,0.926516,0.5417267504289921,0.02808369386289237
-1.2262135182577465,-0.713771178091387,-0.202377,-0.1402771922209459,-0.6235557575821148,0.46854609561084465,0.8986205190202559,-0.454436,-1.2104033630499047,0.05372825984288486
-0.06647171265105764,-1.1630251566585308,0.488099,0.3579663065162336,-0.7606318859031235,-1.562524090219959,-0.3106652807535084,1.616992,-0.13593441883535734,0.6648434193003359
1.4256112244842354,0.4351057062992529,0.107147,-0.02274596624247153,0.3311640690481191,0.18584078879302396,0.4631199379689824,0.343183,0.4198524171824091,0.17997714300332626
0.26843788569499666,0.13709786502564453,0.345242,0.845057491039795,-0.24382837327766943,0.1478403530193962,-2.2007462671888613,1.343183,0.5372018497444296,-0.8804591380774495
0.529205334244021,3.142011055079525,-0.845234,0.7155295756002853,1.396461542510406,-2.6318188564095535,-1.5693158487052388,0.21223,-0.2869480886235958,-0.2017838646477509
0.06098825493614181,2.363380018131157,-1.726187,-1.3213717138962908,-0.767514686770214,-0.5198091778754266,0.6282642630479676,-0.76396,0.6501523165989345,-1.748290530326805
1.2886200403491528,-1.0610879324814595,-0.035711,0.07070515941768926,0.05964936903486258,1.1670901919298216,0.23317630031785672,-0.03777,-0.4859349654514485,0.5251927453754842
0.2717084732183163,0.7506826269854645,-0.880949,1.9913755078551605,0.5594433820527467,2.5669476711451513,0.7563980402411609,-0.049674,1.968190070771232,0.6330663187801361
1.2254505987409134,-0.8710916155848338,0.976194,-0.7352918926976874,0.234066867118445,-0.9638698978548722,0.7038475501652602,-0.121103,0.5565583935704984,-0.5234185749261664
0.846028860565859,1.9520356183997567,1.119051,-0.6155399376411548,0.895712436216963,0.2804325069389267,-0.6745754915794947,-0.144913,1.1180702725792202,1.5664955576528592
0.05832685182076667,-0.733647032987596,-0.80952,0.0818086818664152,-1.1516646838298688,0.02702350706471275,0.44979778333047127,-0.097293,-2.2064809206029454,0.44632571233311713
1.0037095058922836,-0.8801886261857642,-1.761901,0.983243209952128,-0.6723857813476165,-0.3788655663297071,0.9499215633222108,-0.930627,0.10555144445710136,0.25370655856155583
1.3713829851455237,0.2984131908477543,-0.440473,-0.29713118266019783,-0.3681221013096892,-0.4058524643569036,-1.0209215399023823,-1.192532,0.11225868758303036,-0.968118396786175
-0.6405655275049983,-1.456226658612081,0.702385,-0.8432878369462065,0.46361686973301414,0.14101804632800718,-1.1294108621902916,-0.490151,0.4502690608664321,1.0454538345736597
-1.858901510538394,1.0904066272410622,0.523813,0.7186099375752848,-0.1035747998299774,-1.098481931984054,-1.1560282018879326,-0.835389,0.02402812741625891,0.16128888409795974
0.1854934844246204,1.3397191494522431,1.273813,-1.1558591101874969,0.2465875262286815,-1.106236681899888,-0.6145648131917111,1.045564,-1.040920228524474,-1.2249820823158954
-1.250071606262206,-0.9547225035430308,-0.80952,-0.2529479612301564,2.0675396364801695,-1.256953242894714,0.3129339074854752,0.164611,0.5135455002990293,0.2157650608066492
-1.4655997962234488,-0.4212289153228077,-1.892853,-0.7511879757310015,1.277045753675239,0.711254290856996,1.3567548092811077,-0.918722,1.18593108608404,0.7614797370070867
-0.498204751638448,0.2311677716153012,0.511908,0.21986821449686408,1.3532902229812185,0.6225476771718119,2.2698787430631095,0.116992,-0.7469991512431228,-0.2430438093313364
-0.16666167932779313,0.18991955278734607,-0.238092,1.0906826692021896,0.15621650608722495,1.5794370238633753,1.9584822676998912,-0.561579,-0.5402353411518116,-1.2168740610827633
2.0841825972314885,1.0640934991247049,-0.845234,-0.18456028806055153,0.5504221692678705,0.5022409542731886,0.8252127130159417,-0.073484,-0.44895771164078074,1.1513505471346988
1.0076933321510908,0.5506216168894518,-1.095234,0.9113564178985144,1.6847414254088566,-0.14489545856142638,-0.6260888415569204,-0.454436,0.06617626787223892,-0.7789634419693056
-0.2036743871448226,0.32233822805364554,-0.761901,0.00644820626699748,0.44688435378377306,-1.704700041065183,0.6795960060677316,-0.442532,0.6332338326312837,0.25647708930345425
0.8049125653947846,-0.06078428758008146,1.571432,1.61250454079146,-0.1285013896890319,-1.681915165389806,-0.2708954774118346,0.033659,0.4715078298359589,-0.7266085823409224
-1.4400035567049887,1.6542264093345902,0.333337,-1.232182353168412,-0.13445764918518363,1.8215346953316207,-1.25717072805502,0.116992,-0.5714612980267879,-0.29592404922127524
-0.10885202226939338,0.04712027473418113,0.619051,0.8116380600133913,-0.7381694732393231,0.26264289693346476,-0.3465895969472258,0.057468,-0.2609057133247128,-0.2798488550566726
-1.9836147596969056,-0.8447919573564653,0.583337,-0.6006933266076917,0.6903606207057544,-1.305677325999022,-0.5348385236279815,-0.323484,1.1685010257434696,-0.15137178587830458
-1.0256308410530015,-0.7077324982182415,0.928575,0.17559721837127495,0.831491566395375,0.6020953913839722,0.8478993536664097,-0.133008,0.23375127103309876,-2.5106811206448074
1.876723358605111,0.46559836769301616,0.976194,-0.8887624044674887,2.3161818224636432,2.020030734448835,-0.5929774308946496,0.509849,-1.827854008598979,1.0748876180838915
1.8896568312261044,0.6960819269517898,-1.428568,-0.2475934796291782,-0.6273594886349846,-1.1140280449012547,-0.34570325658604056,-0.585389,-0.9422842110393648,-0.23281168191925236
-0.7044378352521329,1.576292778604725,1.226194,-0.8083016698405137,-2.4506700946282267,-0.1680412785924335,-1.2710540773819263,-0.061579,-0.1492930530190293,-0.8988787702091109
0.5119934597841435,-0.5424718909417288,0.630956,1.1723922708457566,-0.8877310568103421,-0.9543834559715492,-0.8133096662982439,1.176516,-0.136887147472459,-0.6255146753206771
1.430049908243951,-0.9162028851105748,-0.797615,0.07139936663171,0.26610347057405304,0.6441593098196929,-1.883602353635776,-0.906817,-0.18830217079242187,-0.7392225474728504
0.46853854253192584,0.03425556942219289,1.154766,-0.1342283456225211,0.03682989365040892,-0.03123631280314751,1.3484018798838773,0.831278,0.07285851612819856,0.9467886349616929
-0.3303739595038243,-1.183256783385314,-1.035711,-0.7103867232107067,0.04250095648410521,0.8884815759575911,-0.8323246634235283,-0.097293,-0.6610058036573455,-1.298444182266283
-1.1383527278493084,-0.9958233256664611,-1.249996,-1.0963195316776653,-0.7700683279765073,1.8178600154686164,-1.6523549309213637,-0.597293,1.0463278057817322,1.100649254639818
1.238936464675615,1.287612048594614,1.142861,-0.5713404837530478,-1.0406462027164691,0.6954015978333542,-1.1154587346005287,0.974135,0.40247856781846064,-0.01505276107998122
1.1364011932377809,0.2395507905216009,1.464289,1.3403558575288437,0.2328038237795582,0.20966385730321516,-0.6794458747039945,0.355087,-0.14013689623051337,0.719454445158991
-0.4177043701468372,-0.235486520153178,-2.83333,-2.1604379915181307,0.1937458718150057,-0.7278987920416001,-0.1230517479006238,-0.680627,1.3028437979189122,-1.017365608661747
-0.1982096928279803,0.8162155378884228,-0.821425,0.7117744120219032,-0.7996181197213418,-0.5401079946394748,0.03655486134043952,0.176516,0.12293182065211332,0.6013644149905406
1.593096857120956,-0.2794462945691724,-0.107139,1.0714322733262789,-0.35946118972677993,2.2714399297771903,-1.368118776260706,-0.168722,-1.40742825321897,0.7408881890667062
-0.2470507251398795,-1.1770020703166015,0.16667,-0.5822355982891959,1.3134677403426498,-0.0997510793172313,-0.34881485977816723,-0.442532,-0.4254299612608906,1.6615551548203644
-0.3225781558645542,-0.6737786851944498,0.761908,-0.8597470537893336,-1.1685200947119685,-0.6254565057020421,1.3750395755774687,-1.156817,-0.4697363033611221,0.07828286019610071
-0.8218284537931749,-1.249899996857908,0.69048,-0.24727943823872933,0.8262438586795896,-0.701670633500981,-0.22666333767644473,-0.490151,-1.4002823155307431,1.0010713732636731
2.0962825371681366,1.702519497384224,0.261908,-0.9817376137273588,0.5118408688213066,-0.21413843927139445,-0.8745114673287891,-0.025865,0.17576664106708387,0.31638763079354293
1.1174770889313292,-0.08596660005846177,-1.571425,2.444156209595209,-0.4302840928763536,0.6246957452179461,0.12189058364993444,-0.78777,-1.7562390621246349,-0.8672638305659256
1.8484923102925956,2.3535151942229096,0.809527,-0.3238694014899311,0.10156013772276289,0.6850462293702687,1.4861901163573663,0.71223,-0.7382112050312405,0.5577875436167928
-0.11276697733743064,0.04176725181169876,1.16667,-0.4685543405398645,0.4820634913073053,-1.6911590021681395,-0.1433461936015397,0.843183,1.0103516165005355,-1.4807869241390643
-0.9856126636669869,0.7823365257216761,1.369051,0.40229165488385304,0.145662051436694,0.6127123820640186,-0.6900012566048438,0.331278,-1.3511680422987693,0.895580589197837
-0.05962743708314225,-0.6850399149365544,1.321432,-0.8418761561650109,-0.3474552504843185,-1.1151565988705487,0.6531033380911593,0.307468,-0.9426644586057514,0.21165299921897668
-0.24993775114386063,-1.0553258870066122,-0.035711,0.09278100185671556,-1.0288679990794838,0.10909116576357236,0.7930576043340629,0.676516,0.8307694011562731,-2.911770239860661
-0.6993777933427343,1.241177653518193,1.107147,0.808757434879083,0.16052450492773326,-0.05317861214914743,-0.37302996056708193,0.307468,-0.10720657017143584,-0.20814564951978323
0.2855233545811382,1.5866123414834483,-1.33333,0.4251931717329314,0.7717403706292694,-1.7224946017895233,0.1901210756981717,-0.490151,1.6361108689522494,-1.0794900778462655
1.446482975428184,0.40041021328431575,-1.011901,-2.4316805717500887,-0.01860242140472166,-0.4514141115398211,-0.8728415296074656,0.033659,0.279579520133514,-0.4728675172018939
0.16227118085550143,1.5329883836728957,0.619051,-0.3695286121993088,-0.5881847857461876,0.8218519631793125,-1.4015648686090707,0.807468,1.637544296660238,1.3980160149563718
-0.23602363290639425,-1.65869188560286,-3.035711,-1.5308988733229691,-0.1553399883218614,0.5246284843203854,-1.289365459587088,-0.692532,1.9480153255614512,-1.416994611986554
0.6875695183485988,-1.545287351894599,-0.55952,-0.01338935946000038,0.6436557979340473,-1.3300782920740326,0.4352934386341108,-0.775865,0.170049658180902,0.22396837062167055
1.2506750831588496,-0.4030298855463399,0.011908,-0.2865744070688488,-0.0739030970642897,-0.9822699203410222,0.07127456091189428,-0.26396,0.7896453624800942,1.4290133299419954
0.08687954644075128,0.03668157422652308,0.66667,-0.6474330476676271,-0.8079643045363528,1.4184148895108502,-0.17849478975465655,-1.192532,-0.6544045263736401,0.9283109968297418
-0.08680741423383241,0.5511931642572746,0.428575,-0.3244095788906355,-0.07304103215620741,-0.1229609434995715,-1.8892500788513165,0.009849,-0.9050059963341084,1.4196340308674051
-2.7385055616326417,0.978046026844583,0.833337,-0.06020029829484147,-0.2181042266229188,0.8566172510330824,0.9857740144239924,0.140802,-0.07353930149391903,-1.3390383238160717
-0.12522192399705218,0.6365609121476746,-1.440473,-0.24801063529413053,0.8026477719455098,0.7687479800427356,-0.14571703960191704,-0.466341,-0.93277926156979,0.1253362286897041
0.5099314173496964,-0.4641747645014168,0.583337,-2.2702465876149067,-0.22307574004041456,0.4192639234427587,1.7204336522304289,1.045564,0.2523853461050261,0.8069849804676249
-0.6331366405236412,-2.459817450839527,0.761908,1.129736826007116,-0.6142381181631268,0.24638308795516617,1.5489165491931305,-1.03777,-1.0042767391511391,1.2086450028085227
1.2059717574006288,1.374392972292278,0.880956,1.5131347832064277,-0.9621859868621264,-0.2941193128043245,0.6484978107779832,0.997945,0.4817836954874478,-0.4086074936897445
0.3283323615501393,-2.1749673510023255,0.345242,0.200190871002432,-1.177740268126347,-0.7453003020862339,1.2935580366547312,1.450326,-0.639302990359792,0.19268707394043436
-0.1501097007293247,-0.6029210947249704,1.488099,0.3688410354731575,0.3767795148013714,-0.4433590906012459,-0.5021808149900528,1.23604,-0.9702793986081129,0.32310074200589833
0.00733862149909149,-1.3691609528554047,1.845242,-0.4083190826111648,-0.32511519446869197,0.1902680152619273,0.9286347241934548,-0.156817,0.1729673921895969,-0.4028597078651503
2.1156454345055806,-0.4563632134452165,0.321432,0.6887157363130706,0.02393971862184582,-1.3626918095618774,1.0424628763481458,-0.418722,-1.158264715295206,2.046970870636445
1.8036957201273105,-0.23553093398772904,-0.666663,-1.0685199606884563,-0.5999640148353093,0.1621372393643593,-0.8906454475115845,-0.144913,-0.3682029038924617,-0.9803584933080078
-0.667312065877481,0.32265986310592276,0.130956,0.5109434507545758,-0.377989876346149,0.31158889887035124,-0.02624956034622025,0.474135,-0.21176134854061976,-1.1679498982008274
-0.750598257638764,0.2024449145845296,0.214289,1.173758671873507,-0.6306312851063975,-0.39505415406683486,0.48670387287385575,-0.418722,2.4590536947566894,1.406418853920759
0.49962956825606886,-0.39801244578776696,-0.249996,0.34263645421065864,0.21741994944203605,0.4273130024485915,-1.149569677552812,-0.275865,1.1873348771194592,0.2361306085024102
-0.05229044681349503,1.6593011144097556,-2.011901,0.05480981652568616,0.12713395600254776,2.9081109638816884,-0.35197795349346755,-1.025865,1.3950694586919108,-0.42282578996040177
-1.370527577899791,2.6543881753840832,1.66667,0.4697431576345343,1.4320065591990936,-0.7131207873062219,0.8175159440110847,-0.228246,-1.0663829760532768,0.4155528095467712
0.5127157481294927,0.39957930879360176,-0.273806,0.3247009384060484,0.7292172534614996,-0.3104089702399856,0.497055199971401,-1.204436,1.1683712459454776,-0.9692402156941976
0.09532580501770632,-0.549486101326187,-0.130949,0.8787443463728661,-0.4342009243148968,1.282217809749136,-0.917381631666876,-0.383008,-0.4738289031593036,0.2438667114413208
-1.9023178551950264,-0.7081496818516272,1.202385,-0.13672775925069408,0.42364688540442735,0.6650055481164581,-0.1840928938331233,-0.061579,0.6850152277131433,-0.12590174160321646
-0.8347611786744912,-0.6465327251587449,1.238099,-1.9454217541583745,0.4281473254992294,-0.777715746120129,1.0673824800011886,1.259849,-0.5792913128312859,-1.2177418315933994
-1.8105736837206627,-0.4532861038229819,0.309527,-1.0684808938652488,0.6983810083937716,1.1321970834463946,0.1814982328367649,-0.025865,-0.11175673682916028,-1.0415441519579502
-0.8426150978719729,-0.48669319333920097,-0.714282,-0.7148957001551144,1.4014581094369891,-0.7240067248797458,-0.09649717290126528,-0.76396,-1.7377889965225368,-0.9766741373131392
-1.4717398651487177,0.5671131002427571,0.535718,1.4535509498151689,0.4472705178787359,0.2637843956549874,0.9571494205547102,-0.490151,0.5827318860995647,-0.07851728807862693
0.4730465823206411,-0.22260525746087664,1.238099,-0.5546694801219174,-0.34751489224462256,1.3528992870288643,0.7415579726154189,0.307468,-0.917596964983328,1.451910708215005
-0.7496340973667411,0.7088814775529911,1.059527,1.3464356763564789,-0.287357664609411,-0.11649093183205736,-0.5017007745659829,-0.073484,-0.02571577999711606,1.2304650897995932
-2.490861237060039,0.356700044118416,0.154766,0.7054932674726339,-0.569177084384248,1.5807876275853046,0.42745826045095103,0.259849,0.2628061266659209,0.4900906723046181
-1.2883159590311046,1.1380858145733632,0.702385,-0.1712634970930038,-0.3584483136070018,0.6183664799367673,1.7211939143872417,0.73604,-1.4859119921462185,0.08766198041070686
-1.6362448800480396,-0.9601757852564292,1.285718,0.9441339171728406,-1.8496089149010595,1.1845652242279374,1.2278099273192598,0.331278,0.15629958762399598,-0.4277122388308102
1.848024392260178,-2.511743424548114,0.488099,-0.4557603735775278,-1.1983590414540892,-0.1172297981797704,0.12925713760101032,-0.502055,-0.1423345914974403,-1.965933413576508
0.10931479631972092,0.29959510519018906,1.083337,-0.15860851449341215,0.15254800585545114,-0.5425876751023632,2.056779166392875,0.616992,0.9723066511357654,0.348203061631478
-0.6062971703008341,-0.20771389247393787,0.511908,0.05244869431275233,-0.5432269351959443,-0.7641226063424267,0.737383099463298,1.152707,0.8684576991119513,-0.17584400130648167
0.8114564668758968,1.4018114819146326,1.16667,-0.5679228999358467,-0.170762015558635,0.5851561602862592,-0.5173561701783588,1.188421,0.4514754263703798,0.555729266168739
1.6969841867686062,-1.0129140110443875,1.380956,0.01816471509749361,-0.42837824161608745,-0.2702800673828219,-0.5184730654767111,1.450326,-1.84902090717298,1.6416824886698764
-0.41516601821002735,0.8269932191147521,1.428575,2.142314811954203,0.0611712203483127,0.2808616757162635,1.2182598959587585,1.081278,0.6631209184491039,-1.106653546291381
-0.2502746400176066,-0.5428291415680764,0.095242,0.6876224072962707,-1.1008686806213552,-0.6477584346024136,-0.28252425293770106,0.402707,-0.1514125063906399,0.9117632505689912
0.4175406468254873,-0.37285322734268106,-0.226187,0.27145223592330314,-0.08934952508730505,-2.6780281098027494,-0.01528223619625561,-0.406817,1.0298790376249631,1.3942004723219237
0.8541874153080107,-0.1477254917193809,-0.523806,1.7129855108953818,0.29442006608747723,0.8057693193069321,-1.3175430039175002,0.057468,1.3714061091449123,-2.6250114141548626
1.2409035962888242,-0.20947189103423233,-0.464282,-0.2380486784945319,0.07532051933758056,0.26636728084695227,1.4138164382690932,0.319373,-0.00539712871481881,1.758156294039373
0.8571178248277009,0.6527524359548743,-0.202377,0.24706406675290535,3.2080807284620754,-0.8993158421454651,-0.05405068665981812,0.616992,0.8483575792316026,1.0161355784282329
-1.4753036816290463,-0.17986301245205835,0.91667,-0.5011978507733986,-0.8085032982887229,1.2606083037757598,-0.9073630377842788,0.140802,1.21206515710852,-0.17466663861276227
0.5312334928799934,0.276685646207542,-0.380949,-0.43613172651898535,-0.03467530373220968,2.0347194750137083,-0.3812552569716977,0.247945,0.8857682734366388,0.3773627521899812
0.8954620768235086,-1.3911004633420634,-0.857139,1.6511533828230691,-2.4581437706869274,-0.9683900139975684,-0.4989957628789946,0.128897,-0.8092814059701399,1.2138961306055396
-1.0559367773022863,-0.3873085860562151,-0.416663,0.4137468995148897,-0.29605675815812377,-0.02869152962387544,-0.7699665339303345,-0.26396,1.1902386053272127,0.34948589105503786
0.8759440610821104,0.10028124991892982,0.321432,-0.39324119781786737,2.094161349249558,0.932173928652152,1.7652370469489589,-0.442532,0.3187779781725042,-1.4339735868813508
-1.258410711015977,-0.992820493850322,-1.80952,-0.08773533388024353,0.26493761554827766,-0.2684803918358205,0.8291607426874114,-0.656817,-3.0589956208767934,-0.7101240678923644
-0.7627412356461932,0.22066612825673393,0.142861,-1.1199578852551435,0.17244845156032376,0.25797511297951875,-0.49958173622061175,-0.121103,0.8867275216409116,0.02453047325429761
-1.3950341793247705,-0.6102848656155749,1.309527,-0.27394239412974514,-0.7600577877860705,1.5601458606380514,-0.6983320605251879,1.295564,1.1081167844874178,-0.2761117433712417
-0.6803662709494034,0.49413442915816064,0.797623,0.5418335268858978,0.2752694723549472,0.02019358852117218,-0.306607764324466,-0.01396,-1.436151723279054,-1.0072191090946598
1.0014859599959165,0.8695869543419659,-2.83333,-0.8327392589713741,-0.22958482470987265,-2.193482245520313,-0.40509067742520544,-0.78777,-0.7444378936887573,-0.0938570505381932
0.7153045966115995,-0.25996613388858225,-0.30952,0.6226301281070603,0.1333409137786318,-1.329286328690356,0.8822129484154321,-0.192532,-0.4146883553309475,-0.6070806268183754
0.37473481338414066,-1.4676945589647263,0.630956,-0.311677283154084,-0.9262330233929827,-2.0818853507202824,-0.948944246231768,-0.371103,-0.602235459203171,0.7509299336790486
0.66862894952136,0.09325700327072946,0.904766,-0.7083439796588819,-0.1321674339738271,-1.1244587269793882,-0.06786652642393924,-1.216341,-1.689591368548661,-1.032442526481098
0.6182232777647872,-0.0694003565923757,-0.297615,-1.236862361002231,-0.03612185959973385,0.8687957215966551,0.6046145846967141,-0.121103,-2.1624177156596933,0.1070980631344842
0.06146245268357424,1.002372057325963,-1.499996,-0.7516207966921631,-0.21199877692164515,-0.8100993696456896,0.7573026804249204,-0.668722,-1.7234284717808162,0.7958089599316582
-0.5539623073871465,3.4480809711826943,0.809527,-1.3024361362493002,-1.8617895501846824,0.4390089800137328,2.203252828756319,-0.823484,-0.23497212990270372,0.1916081045561583
0.21090069308766393,0.03199520335791889,1.726194,-1.3361359734868077,0.11498489142989256,0.02148665716236167,-0.2284636628411559,-0.133008,-0.7712223800776712,0.5483283584398325
-0.8814791530634473,1.7760458901940297,-0.83333,0.8616464741858157,-0.5895368266500616,-0.17919732889683615,0.21504134917778456,0.164611,0.8533214546319221,-0.12282210558540706
0.3570952205243313,-1.9166900403003808,0.142861,-0.4643530864326857,-0.689136914231788,-0.00803712516400565,-0.24774449011544983,0.533659,0.48773839134690233,-0.4700922151534297
-1.2184870735659978,-0.9331534036650496,-1.047615,2.671583608998047,1.1622843669455694,-0.7526840644988461,1.028179869228549,0.105087,1.2926122776204598,-1.4432905121033288
2.073810828687789,0.114586191025149,0.571432,-0.48913375487923955,1.825282108806649,0.03656842995380947,-0.2522847008654723,1.021754,-0.4123218444668247,0.900962638276979
-1.334374243701732,0.35057191727525355,-0.880949,-0.390942649997908,-0.843942554260738,1.0005744505193688,-3.0160073211530145,0.164611,0.6622108697925192,-0.06015850706928481
-1.1718556356447911,-1.3609183639941245,-0.511901,0.8170223216923241,0.31268138157369657,-0.3397896455223737,-0.4476960219581782,0.605087,0.4538418831029684,0.8071129758188975
-0.5955441503457749,0.2855374132502536,0.845242,0.5371534422353561,-1.3840890889197952,1.1134992834288815,-1.0386707526168677,-1.03777,0.8255560263498032,0.3149904298781022
0.5252006866704828,-0.8459299084364982,0.630956,-0.4170027439314627,1.849511250159228,0.33373882898684254,-1.054446426064226,-0.633008,-1.4922894887961442,-0.479768136063468
0.48686118794393846,-0.31872946337243035,0.500004,-0.8479745577985528,-1.4044561870086871,0.6285996532044154,-1.8090143677450787,-0.061579,-0.4562494233618388,-0.5646053281533492
-0.6775573179104626,-0.5503318604100066,1.250004,2.0116670575836504,-0.25007309999208777,0.7271936062164147,0.01706167454885276,0.771754,-0.26991412706366325,-1.6249079055031777
-0.7764652613609812,-0.7190940924902303,-0.571425,0.2771520918955098,-1.5918776586554335,0.16371942101362916,-0.720651052372027,0.366992,0.7683300555416824,0.334083351690813
0.18722029806190013,1.11733062915164,0.583337,-0.4208108613635652,0.6664412695986817,0.9117654106044524,0.18634922107492735,-0.930627,0.31681237566590925,0.29144932490142134
0.2697924653946436,-1.2838684139855028,1.321432,1.3092170063932391,-0.00482467890421885,-0.7792844059504197,-0.8001552423495162,0.497945,1.302586386407066,-0.9242647690216568
1.907463478213015,1.08127588616429,0.500004,-0.1430274857055387,0.3964531246929726,-1.27094503960838,0.23958036012435707,-0.192532,0.18127404404321823,1.2895102476268403
2.375132859432776,0.15935774763497018,0.94048,-0.14709523014839404,-0.8141922716469844,1.4842558879528875,1.196333745924485,-0.28777,-1.4019948340197796,2.375940175379854
-0.6125054441801094,0.2717101607632634,-0.30952,0.2371274182958865,1.0665905106614375,0.994965067405236,-0.8436627246276804,0.152707,-0.42735458577430474,-2.139817964559334
-0.06206050031769993,1.301495493303182,-0.119044,0.26755458183093983,-0.05310406945946111,0.5729955556359225,-0.4601099970416599,0.224135,1.005980974986973,1.0994339941497893
-0.6945239811617626,0.2440608937909967,-0.345234,0.9545347659964812,-0.13611299765551715,-0.3886251276471366,0.4067530650718688,0.033659,-1.4869226912862783,1.305990274860115
-0.9375311099719852,-1.125678602744046,-0.857139,0.08180558353417046,-0.9471131454009069,-1.0412221520424203,-0.3234229156344798,-0.894913,-0.5506927028935031,-1.5898271472503172
0.02879599288335052,-0.6331923211063979,-2.773806,-0.804890296913086,0.7588845574969374,0.9617210378768972,0.2716891481006879,-0.78777,-0.13630878714987357,-1.0958686343050468
0.968288201190182,-0.25944934082521864,0.404766,0.02199632982497929,0.8577454045224173,0.04813780211594413,-0.01599988740716198,0.093183,-1.0400025973331548,2.4405895891827134
0.23320293799771463,0.7712026747024741,1.261908,-1.2507451511999936,-1.1544412588593167,0.3795626467253848,-0.5993526187219999,0.069373,-0.1452461218592722,-0.41728773089003696
-0.02100735627829477,-0.00429099126728974,-0.58333,0.8968858485989875,-0.4561333387922967,0.239908353346714,1.4303327223237703,-0.609198,-0.23820408608295213,0.29294842406375327
1.540529502446672,-1.0546728429918102,-0.059520000000000003,-1.7677311843395385,0.3454554338663272,0.5442528743658942,1.197380752159568,0.271754,1.3473681420177637,-1.7173899941832838
0.4687545461813769,-0.8064085626207743,-0.904758,-0.922179481187182,0.4527224505916128,-0.22687542117266235,-0.00347198595642371,0.307468,1.1777536180664308,-0.2865407963375093
0.22104733360647516,-0.8897662220380691,-0.452377,-0.2522241817288542,0.48378257023037674,-0.937671511841654,0.05390382660893896,0.509849,-0.3984752755010444,-2.0125929488912964
1.613466668333733,0.2089548484863095,0.309527,0.08198590157542376,0.36016909121939955,0.2791351690629473,-0.7911094118290053,-0.26396,-0.19696146981721319,0.1302592234958148
0.07300300084696416,-0.27432466367536024,0.523813,-0.3928689039287901,-0.7135409466418169,0.4616737022052236,0.18368653924826983,0.402707,-0.7382765219673196,0.7792179529582782
0.4065248309421622,1.3286068048863144,-0.607139,1.008129047039919,-0.5120609938302234,1.009672365586146,2.1685577747830265,-0.204436,1.1150852087901828,0.6433526550002276
0.8985743509757234,-0.06290640809831562,-2.035711,1.4544835257860025,0.6739421493574543,-1.2866021781103287,0.4517831138992641,-0.930627,1.3578905654130535,-0.8690508437966425
0.5775158508077257,1.5855757929105805,-0.416663,-0.12024594310281292,1.475675873607155,-0.13628108190444382,-0.62395311155616,0.557468,0.19908766303741623,-0.7491622349189986
-2.2003931558959215,-0.08189138865631838,0.547623,-0.7124436662457645,-0.6514661183177619,-0.05988638381962616,0.8544579491021658,0.021754,-1.082544902790314,0.268341068961039
0.9298342902550396,0.6642809156438274,1.273813,2.031871951437659,-2.3854399762645113,0.9551465208693914,-0.00122046469149267,1.283659,-1.432601819271807,0.15739518171679995
0.8131086109339677,1.15489397921768,-0.404758,1.076850155193695,-0.2597768054035999,0.20654787085945983,0.5732800974288471,0.46223,-1.4338199142521426,-0.6122955630191695
-0.39098951901583806,0.25493747610926715,0.797623,0.082944299245281225,-0.8247219657242858,-0.2926341316526752,1.0746941943463568,0.402707,0.41613837225973416,0.4398215938968271
0.7208033204905282,-0.47298186315906865,-0.071425,0.8280504838555773,-1.339455863806204,-1.3195545035877263,-0.3701506103619731,0.319373,0.6823856413477174,-1.2549822956059875
0.9536882754970538,-0.7488292101757952,1.476194,1.0969341422877188,0.6759580400030084,-0.7176956568607343,0.05374673096189352,0.343183,1.1019144297472774,-0.08532784851005963
1.186277742883207,-0.5265752644925565,-0.999996,0.5157437543097914,1.1353339989612556,1.0991297500878228,0.06190295963829609,-0.275865,1.0864050897492674,0.47985873856542544
-0.9687733877429896,1.1645883387753655,0.214289,0.08950647803858823,-1.150480637389101,-0.5474618877621324,1.032462230067554,-0.311579,0.19688059040258116,0.03857152308804766
0.772303915533449,-1.6419720766891297,1.44048,0.6385616284601717,1.19855719644979,0.6743951704099436,-1.1109907149788454,1.390802,0.2578074496882169,1.532865851602644
-0.3041313169789414,-0.6531012189441571,-1.904758,0.7453659090602149,-0.2203083735677145,-0.9971300522086736,-0.1675671841370578,-0.978246,0.5799283605318852,-0.2586906323825724
1.248197005655746,-0.3566088046003276,-0.297615,0.12137137262241963,0.8254949633608857,1.7405565656963216,1.6481820535489065,0.676516,-0.7816153080276076,-0.7125597892102719
0.33248635802148835,-0.6049118505234976,-0.821425,-0.4123023208743212,0.873838403156742,0.4682614016952461,-2.1578046737786343,-0.359198,0.34515329093741953,-0.48570876481856246
-0.5656247518240002,-1.4082686801790982,0.880956,0.5759559714049071,1.4866715178066e-4,0.6945830403719091,-0.44595487858544586,0.307468,0.34270828352487426,-1.4356863995134783
0.00201342214674728,0.49048692451787423,-0.595234,-0.5818733997755402,-0.01813716116746633,1.1931101140910456,0.09765719438206076,0.21223,0.9596076311071072,-0.6642041013937998
1.6734952213557033,-0.4119976802205877,-0.095234,-1.7159264312821436,0.8086032035915394,0.9528737223816988,0.6279604291558382,0.021754,-0.8761176811613702,-0.05894181670980696
-0.4219692188147263,1.0307422099474142,-0.357139,-0.9321313612544196,-0.04691309429301456,0.1685227409651928,0.47527709430369425,-0.51396,0.6852055419982105,1.3088448148806606
1.9453562211500528,0.8625357480168504,-0.535711,0.8957676002505829,-0.6339473821123048,-0.11200939313673482,-1.3647768207835045,0.509849,-1.660625392236592,-1.4865065245562317
0.5683739145431134,0.4259288879391248,1.142861,1.6519557538553364,1.4268725431598388,0.37084523249286944,1.2168678125128771,1.224135,-1.6775594314108409,0.3937548218539752
-0.17566555292209532,0.2576744410742229,1.488099,-0.2297588647187852,-1.1313693468739483,-1.7183446390171884,0.2730584658588981,1.497945,-0.5225845224177516,-0.6910734442141689
0.15700850259090834,-1.823214518024392,0.880956,2.0074800616904165,-1.269136888533206,2.4892893891823125,-0.38723528167673166,0.128897,1.0529272597053052,-1.044358676074678
-0.9044433648153548,-1.0066959594827063,-0.369044,-0.22710767611258423,-0.2633165104120484,0.33895929126694196,0.5925656235001885,-0.644913,0.43900836960012773,2.4435060705833016
-1.6823123622826448,-0.6803062736573599,-0.452377,0.1455626556902776,-1.1957081617838743,0.2749463069660526,0.12022028625928652,-0.371103,0.12617942540115523,0.8139514754773041
-0.9560511059702114,0.6163415822753603,1.238099,1.5598524121402122,0.06209168709844276,1.2503630198936182,-0.6366210297051623,-0.061579,1.1006163442567358,1.2729261649859924
0.11733908845529556,-0.389706901475632,1.059527,-0.00317241784937487,-1.8433924160301576,1.0371536195183302,-0.5969530216126825,0.390802,-0.6890586214728228,-0.36011491265758294
0.8617100501410024,-0.8426710820975082,1.273813,0.5334324099056942,-0.6388956874867397,-0.28521408077691107,-0.43008140325879746,0.48604,-0.600110126663638,-0.2389646978240829
0.3927881876576065,-0.4364747768200585,1.261908,-0.04243661048534979,0.10849266183799798,0.2709018717952502,1.4194435894076245,1.200326,0.7447021691190712,0.8436682891478788
0.6279044685742962,-0.25689529562877583,0.107147,-1.2955262183636116,-1.374426333045193,-1.0196686190586437,-0.04061197693462762,-0.240151,-0.20942236477034332,1.7569526945612537
-0.9863229687683284,0.3604408942828786,-1.166663,-0.4377889031177328,-0.8125347981789842,0.3529337054266029,-0.967897416369213,-0.383008,0.9684675541441388,-1.2536072926975983
0.7411184136961333,1.722361948960039,1.297623,-0.4902269226621334,-2.304674286922276,0.564544228572249,-0.4163734393605763,0.081278,0.3567678446006318,0.2928028317986687
0.02739993289305979,-0.03365600146221355,1.500004,0.06197359246422142,-0.4655298716470608,0.35221960413953646,2.2821713186021126,1.283659,0.3825410606941316,0.32419655569430017
2.3376182965601253,-1.9369091425873917,0.952385,-0.8448013623686488,0.8392131710825051,-0.841901380786341,-0.7895978351708244,-0.26396,0.06845690884906484,-0.05691041557035332
-0.5898742542194277,1.8601280468989072,1.642861,0.19047438289292148,0.2271601625706109,-0.02316780312461823,-0.736291017610625,0.009849,-0.5139192141607208,0.1617963115051931
0.9201021516530558,-0.4745064763363562,0.952385,-1.534571947355837,-0.24478633827773455,0.48850495397800303,-0.3701967835207216,0.688421,1.5318178837678935,0.8815249179606383
0.5280766128850188,-0.1227221791341099,-0.392853,0.37936612596135894,0.46082424449976434,0.4615438567325027,-0.6129500840796913,-0.144913,-0.01388458762998897,-1.6864717528216049
-0.09460540216623312,-0.1675998870863199,-0.666663,0.48819566784657986,-1.0883202031524222,0.02735457586716647,1.1703482046638514,0.402707,2.0934175369922103,-0.7698972896788278
-1.7265710761796138,0.6316861899614528,1.119051,0.8272449790764166,0.724597305973847,1.9615397802167267,0.1483666297474686,0.747945,-0.508110306679822,-0.3337715463285814
-0.16191463190188102,0.5227143757030338,0.654766,1.5787907182280063,-1.3201254087324217,-1.185765394750622,-0.02115883682235452,-0.525865,1.6291307888279305,-0.420878444577213
2.729161905709505,-0.5831320691745469,0.511908,0.3563851266112765,-2.3827455310523726,-0.11405371622222826,0.6516251278343694,-0.525865,0.32166180847852355,-0.7245680401625484
-1.004331838157381,0.5094745598895922,0.142861,-0.39455033922709853,1.1667395833771537,1.652216262425792,-0.7822308399819141,-0.418722,-2.001141625357739,-0.5394104765906121
0.03715383888497765,-0.04049931061851517,0.964289,2.6967247377694736,-1.2261774289555871,-1.5621289574917996,0.27993157199265095,0.938421,-0.4148874585702844,-0.7085622417084204
0.9962522866177852,-0.3538691703865683,0.678575,0.32931331061279484,-0.3481113946421677,0.699198346983244,-0.3933253291514006,-0.847293,-0.04095833573062173,1.4400880310862785
-1.5767282831575922,-0.46071694254361967,-1.702377,1.0325868260140023,-1.951666738844236,0.5270306847515952,-1.4244111938237711,-0.752055,0.6275177402102385,1.4280817444236935
-1.7359028328173582,-0.5430085008788155,0.523813,-0.9888634478319226,0.38531697282496624,0.8263447907255407,0.14858329204567325,-0.466341,-1.2616832989675877,-1.4507552209159953
0.886044882150222,2.0262681068589754,0.523813,-0.7268936083323753,-0.8649047853826607,-1.1753323262532671,-0.28302795274346276,-0.359198,0.8766188022787079,-0.8493542910635946
-1.0555339106633244,-1.5073460073061904,-0.749996,-0.15214834651149778,1.8643299440296437,-2.066243006256406,0.20063009495274364,0.21223,0.2834588093329907,2.0985321177450555
0.6120875481026393,1.1931688149906876,1.452385,-0.973637307093254,1.6580675532005638,1.35307020019202,0.8792013736980644,1.616992,0.3690413426883641,-0.8977729376811028
-0.9068491225077938,-1.163971889046167,0.821432,0.2336497075146863,-0.4905391159123845,0.0681080019411387,2.335452103435519,-0.144913,-0.0957283775029174,0.34015699666078164
0.13505108658445128,0.09240180694020853,-2.904758,1.380986981448333,-0.3291582936523748,0.7939053389873496,0.6826104489284094,-0.752055,-0.29527731397031615,-0.1977154526100792
0.30183776079234703,1.626626552608931,0.785718,0.47190005507670874,1.511568360484954,0.4414340015698675,1.678133175719097,1.152707,1.1528732295725213,-0.20310459236893172
1.1918265281669589,-1.0330264661551831,0.452385,-0.4088180485944542,1.494315156570314,0.140424695317902,-0.9441117505762716,-0.383008,-1.9302053882159615,0.43617709519684583
-0.16983865125123057,-0.9540940975268494,-0.440473,0.3050505061196574,-0.7600606897606638,0.8116248187872012,1.0326752321114856,0.271754,0.2800402740141263,1.4481718594600057
-0.05381466249394096,-0.4873466290383517,-0.619044,-0.07816274993571877,0.8796523073533826,-0.00905631958981922,-1.1953966151086202,-1.144913,-0.5250357242576507,0.6800722453011667
-1.2695427214555302,-0.9748587470936818,1.750004,-0.10300702508502928,0.3382462351810466,-0.999462016580076,-1.1789877401235973,-0.275865,-1.3758261714166742,-1.2605256553612758
0.42676647042848814,0.5444214017171359,1.357147,0.5410537784971616,0.7984156973795618,-0.02791842458259571,-0.997400423593276,0.200326,-0.19471387728067455,0.5041519735557346
0.906364649536186,0.21759426865713427,0.44048,0.63572828123191,2.3932857161389904,-1.258904179423081,0.5329880155687664,0.48604,-0.395167168390589,0.31633686303409475
-0.1916031857675017,-0.18523391137886705,0.952385,0.3041099579432184,-0.7511890073486105,0.08692784474904815,-1.1622361333921234,-0.311579,-0.2427851698437217,1.0009735935104616
-0.29802056797002585,0.2226010052599529,-0.261901,0.6810556743554276,0.6588016082549761,-0.9160541644615978,-0.41027290023743507,0.640802,-1.8272471954983511,-0.5251729181774977
-0.03740016388833255,2.704296732091272,1.380956,-1.852305287091128,-0.9968677396366492,1.772915710776704,1.008521740756377,0.140802,0.319481762876757,-0.780092079685671
1.0159871153801672,0.03524986939643478,1.178575,-0.424422770877432,-1.4439496751767005,-0.5172748225965774,0.9368534965798582,1.021754,-1.385767331164995,0.02062339116547347
-0.7766556145030113,1.0696525418926357,0.452385,0.07748941623564438,0.49447182122644906,0.9536486159664734,-0.03834521130877542,1.23604,-0.59564369954722,0.7277420927861143
-0.8697190755214339,0.23865918497514504,-0.357139,0.3186226302567167,-1.3308400686447763,0.5964295384569087,0.16934565983398392,0.426516,1.1538873305797386,0.5539835589973847
-0.12445081363142374,-1.2410936218358095,1.642861,1.4888879309003258,0.6310470637813774,1.3259595784392073,1.3360818318019965,0.069373,0.05540918678035661,0.696897946814032
0.39209466139877136,-0.5517894123998784,0.69048,3.2895785309200516,-1.1122258872690691,-0.6268927502118288,-1.1537605561002406,-0.03777,-1.287067637460022,0.5147214885530396
-1.048555968338491,-0.90133619945333,-1.416663,-0.13487704470297682,0.4128212330123142,-1.5191324880522024,-0.21120261015754288,-0.621103,-0.4468663467765847,1.6634003296095374
0.925422966960556,-0.7930358229251422,-0.178568,-0.5921437780379065,-1.0647629813636856,0.5716272115753206,-0.7356634857176959,-0.490151,0.7842736782465277,0.6902691684568044
-1.833881481404043,0.20441231625319903,-0.357139,0.14638643538757284,-0.4336767470913496,0.6253760645608403,-1.1585839088784085,0.378897,-0.7844321788963692,-0.9244721225067932
-1.5100310690973784,0.2929404900707381,-0.773806,-0.2949716763089025,-0.18411263764277247,-0.5446273763966774,0.4088115135598412,-0.097293,-0.03397164987176871,0.08119992929005806
0.07692278806664116,-0.3166946185801376,1.16667,0.2602813010636082,0.7118092470413919,0.08091221721275133,-0.7488726257585351,0.140802,0.5632707309950551,0.37950881317374136
-1.2667059700165808,-0.00243956896913857,-0.845234,0.521089360471341,0.9093512659244196,-0.21019108693777763,1.250748437161536,-0.406817,0.07483619753791726,0.14717956689080564
-0.7413288010546493,0.3806446870986936,-0.273806,0.48107650484139586,0.1010889971916008,-1.2513501069477446,-0.2956217699473657,0.295564,-0.07034557756939036,-1.6897704344013729
-0.4950175856629158,0.3333270958454845,-2.30952,-0.6122985584875483,-1.6405268053168929,0.5969165953086761,-0.2728124787211163,-1.097293,-0.5656669440823326,-1.375363266994576
0.2733535338324456,0.0818350925414498,0.761908,-1.148994614559904,0.3593626395627523,1.1126147025263475,-0.9791817599538524,0.831278,-0.571435788974123,0.8368613534222635
-0.36196360038729647,-0.07408206605221884,0.16667,1.1250289455088784,-0.23855943926073692,-1.01385986798785,-1.2199160396071884,-0.240151,0.718136528194992,1.7408300601287796
-0.6049884605559674,-0.6300123178203122,-0.226187,1.031066488287242,-0.44137969805490984,0.0205410442399623,1.547699690931047,0.081278,0.13278441011426304,1.8474724159552829
-0.4264427232112531,-0.8946017393363166,1.285718,-0.27456112121089143,2.002755581464106,0.4502827398147189,-0.4852014590633367,0.569373,0.06987761221802248,-0.972654522224655
-1.284258603894675,-0.915667136256254,0.464289,-0.528575216446805,0.553789808642819,-1.8610021242453936,0.46123986674465345,1.247945,-0.8629917276745899,-0.8937594187858899
-0.02747862620552567,1.5934823457940115,0.464289,0.1701470942121553,1.1426831524354506,0.4407271384076975,1.9487481192153877,-0.121103,0.6137038352766616,0.15813050335880818
0.28303342462754943,-1.840398608249296,-1.011901,1.4072970709192372,-0.5130418400571046,1.0008283299711551,-0.6243847555174548,-0.085389,0.3409530105464459,0.16233439905910987
0.3062777973700276,-1.931084529837269,0.428575,1.44838632171504,0.3246393890169561,0.7262277376274087,1.938838871910583,1.390802,0.09857657087797247,-0.5767267833332028
0.29713768373536914,-1.550943298232501,-0.654758,0.6324454857032306,-0.31257898724182537,0.6974971879043242,-0.40335458314966954,0.081278,0.9289054118064468,-0.38384588037934786
-0.9413414391045446,1.223948171399781,-0.440473,0.9190557399485602,0.8087934619108513,-1.1753773028146366,-0.5706614559157698,-1.252055,-0.08913610845443147,-0.33979393743080016
1.6438348515023726,-1.0454072265147274,0.285718,0.6060448887958767,-0.03218203780912802,0.1342466194028582,0.2624756077344482,0.378897,-0.23610870991270613,0.15247571093571888
-0.7705561073904161,-0.966058848818002,-1.071425,1.2833209882832528,0.3490079089138772,1.3078019417743236,-0.983328498090205,-0.335389,1.7200814913043403,0.6857503399816705
1.1028180614325738,-0.4375235475651479,-0.749996,2.322857270199557,-0.3591457750740651,0.631330717909226,-0.2903737069345609,-0.002055,0.6451106048379927,1.2348619113083283
-0.4624759282983412,0.11769055555441184,-0.226187,-0.4382754696742228,0.46109900400376713,-1.5559187021070309,0.1981359699122564,-0.371103,-1.7511038310349236,-1.1592364474593564
-1.752643595802163,-0.4207401498750787,1.142861,0.7065962435133746,-0.7867452934403033,-1.2007807360151197,-1.166251524626071,0.605087,1.475170852028046,-0.6883794568484317
1.482031038274339,-1.6012081551899842,-0.654758,-1.9850880525737653,-0.5240485162624146,-1.830420001739506,0.01531566336789336,-1.085389,0.3444099441846466,-0.9794085318257624
-0.01146444003486871,-0.02652105019254429,1.226194,-0.14732148524301578,-0.9531885773454072,0.41099484312330753,-1.9245215398940807,0.105087,0.42460773392719425,0.8587135103389282
1.1891781947461124,-0.4142934947588021,-0.535711,-0.6871446578271037,-0.46333789210327264,1.005662529208653,-0.01316986226986875,-0.01396,-0.6174838787385707,2.694265081803912
-0.09776007562034852,0.46910334897604544,1.547623,1.5729302196429256,-0.8228143812724187,-0.47938703272185446,0.7940582950456034,-0.144913,0.18664177497032697,0.3432558523800417
-0.6289630416039212,1.163081914121466,-2.80952,-0.7192345462213362,-1.1768399178402076,0.5635150498625471,-0.4655736443681706,-0.883008,0.13668227286535214,0.45621441145228153
-0.8998682631322132,0.4586204973914294,-1.011901,1.1668713999395814,-0.07447734990917083,0.22280020149111832,0.6177890750061453,-0.275865,-0.8042032439182061,0.8698104721649662
-1.9336154095503972,0.9925623770073378,-0.392853,1.0371511961207582,0.3183093639467696,1.547743904236915,-0.10789225583251189,-0.740151,-0.5483959722208833,-0.565180663446758
1.9046786381616676,0.8244307212470173,-0.654758,-0.7598236549436459,-0.31957892064290877,0.3686955405159316,-0.1701627461930242,-0.76396,0.993873053223252,-0.6314021302929151
-0.7895125448902444,-1.434115087575879,0.226194,1.1601735382210736,-0.7538254229035725,-1.0872817117861109,0.21946615489484003,0.247945,-0.07894910872101386,0.15435421542603658
0.7807786488102489,1.1210706205063932,0.059527,-0.42419816260033943,-1.900251043140904,-0.7356101058985793,0.0130591549403222,-0.335389,1.1682337674957564,-1.0475922182755302
0.11925851454712189,0.8010348943015798,1.535718,1.1458266886521735,-0.9214783735046528,-2.439768339610122,-0.9824740477243662,0.271754,2.0672445629297025,0.03012736122889085
-0.7414329022994955,-0.30461239589649447,0.571432,-0.20235244479284553,0.690952612020083,-0.7343468210438875,0.4887368303605363,-0.418722,-0.1434533738166255,-0.9183897427238528
0.20612469716044363,-1.3721415996961912,0.66667,-0.8268343771255389,-1.0762123549130092,1.052288219365118,1.5200917347261134,-1.216341,0.40780632257297605,-0.00675925762991985
-0.02856850393725864,-0.6892008107420853,-2.535711,0.6848222505040542,-1.0473368122098097,0.5766469426526903,0.4418340252043276,-1.073484,-0.6903872279412668,-0.11257437333491337
0.0941674860909968,1.1179692563158952,1.404766,-0.5519612915307751,-0.5275341611389522,0.8297358448639865,1.191967561562474,0.343183,0.7089236212077756,-2.517052762278835
0.24409063672775808,0.5434319398158934,0.202385,1.0425309706081944,0.9317905500133826,-0.8836768985899424,0.8321320551245834,0.545564,0.8349115115478978,0.41360750386765743
0.6714846275520185,0.7406930359156821,-0.845234,0.946079838143799,-0.26007275662559876,-0.44373119578372183,-0.46272409496433525,0.021754,2.14636577700887,-1.8502855291107112
-0.5000733075142063,-0.19650519796403712,0.702385,0.6125712122611602,-0.5856967029499461,0.833987281110922,0.6855531414269641,1.224135,2.3248524081452286,1.198222893479929
1.633795489515504,0.19117955017474184,-0.511901,0.3892648945628187,-0.3491030522921598,-0.6889574143945137,-0.7575052343075652,-0.133008,-0.9171023677729964,1.6615249198204436
-0.2576689136605441,-0.6354240299682395,0.750004,0.23748103117967032,0.31903744199223794,-1.305043468921602,1.1414228985804145,0.914611,-0.6203587957719994,0.09326980131959092
-2.528761890705763,0.3910866800444545,-2.297615,-0.45393815544648425,0.9595933801379618,-1.1525243316293143,-1.2717185012460783,-0.906817,-1.1173868077308722,-1.4046285751434409
-0.4512429050940209,-0.3107595401017352,1.369051,0.320225352562136,1.2648205824947008,-0.4780678735214902,-0.4016256226836847,1.188421,-1.414428716971714,-0.1305739827519073
0.3562579098582221,-1.6738197492132756,0.130956,-1.197667510305898,6.4613585465573e-4,0.5767097773740157,-0.06848731439072009,-0.109198,-0.23144071022343143,1.0416653824453357
-0.02280542135248842,-0.9635095308188856,-0.666663,0.3665519412889453,-2.089915256861522,0.7541056569556019,-0.08844948736676586,0.247945,1.8707882644683125,1.2149015709801858
0.5643701252824246,0.7032487860369822,0.964289,-0.5004277839995063,0.6638376707427447,1.0357486235928854,-1.6463730114160413,0.140802,0.5572877335808567,0.9041063969505344
-1.0671119829963287,0.4675270490443963,-1.857139,0.2945646365426525,-0.7682231653165664,1.521924954300936,1.3536905302416924,-0.78777,-0.5801192717618693,0.9994060320170616
-0.26688056817951505,0.629559033567728,-1.380949,-0.6541696757188347,-0.5129007629581415,0.9338761457818934,-0.5325039121273979,-0.668722,0.15285895228758695,-0.19419105626979155
-0.2529793168975632,0.8979590398504642,0.523813,0.05736113362762061,1.5113250244063798,1.6858793222870667,0.28561393642055366,-0.383008,-1.0804736646583153,-2.087025473684177
0.7295372359959359,-0.13273734967057998,-0.857139,0.2203963625015596,-0.7287515552450871,0.5282688122869066,-0.4402195864239195,0.378897,0.8424365948959495,-0.02879401070312483
-1.0846081950463196,-0.16543313735384357,-0.178568,-1.089376424092577,-0.3062792983672138,0.4459851716746605,-0.13723646688860694,-0.109198,-0.2652821516560389,-0.6092392919203427
-1.2835009873218528,-0.8930954117555161,0.821432,-1.1664537843664595,-0.12654357701054236,0.09813967935295274,0.6887856316398934,1.021754,1.3545935963228697,-1.1364385190067816
-0.5177176028583017,-0.9694845275936868,-0.797615,-1.8709918630236704,-0.6530134858752423,-0.3778380025730744,2.6901489506936014,-0.76396,-0.16370960364965428,-0.6747415849333647
0.13134561973047382,-1.4532010857317272,0.964289,0.2281714722080264,-0.27413406144738445,-0.5440287760762182,0.9137210143699644,0.652707,-0.7508354135650008,-1.0899477695698316
0.15060259249706998,-1.5632184159711249,0.571432,-0.41307975540741354,0.7490452485648621,0.8647455500245377,0.9366716556688008,0.807468,1.9733147691021324,0.5726375661174243
-0.07024865804325439,-0.20838349714992987,-0.845234,-0.5292417660314389,-1.710473154710887,1.332081661023247,2.5168861311419155,0.224135,1.3100634569863403,-2.5513113619040406
0.7840970842485199,0.2319109971547318,1.035718,0.7624961847473802,0.17142032587628406,-0.9091385208535168,-0.03206215594345552,-0.097293,-1.9381292396083551,0.26463322140375867
1.5918139910582343,-0.1301397014234825,1.261908,-1.4737353461769649,-2.1350378196389053,-1.0156234366738963,0.04305703846769085,0.807468,-0.7507061253359314,-1.010967802584126
0.5516736323399917,0.22736354738398065,0.678575,0.46745182277343944,-0.21380216420943143,0.4782270349892703,0.02793059287060454,0.259849,-0.35214205408883487,0.5800694485308948
-0.7483576275312919,0.22438832207608067,-2.511901,0.14897318209670443,-1.278317228790914,-0.9045915965621764,-0.584712233764051,-0.942532,-0.7285507308095437,-0.10154393664250182
0.8620588458500907,-0.19141332368742064,0.559527,-2.3864565510959976,1.4614674770682703,-2.8361167632692026,0.5844556103588837,0.188421,-0.9942842855355416,-0.3856478457250086
-0.1369494614958258,0.7035526476676365,1.321432,-0.0640006777796385,0.1504262715536828,-0.16963484385464447,-1.2721395909030622,1.283659,0.5656535988181127,-0.09440685843999122
-0.9911631837789664,0.9149803419413044,0.523813,-0.5393626127117572,-0.06098728467488773,0.35964454812659685,-0.3633293380033323,1.057468,1.01585209420024,-0.3438864179834472
-1.193413842883317,-3.226765387962406,0.583337,-0.9196109021139134,0.4411037307151418,-0.36286082417634247,-0.3820550661015686,0.402707,-1.174270272248134,1.592607608258762
-1.3056400619523485,-0.7427372681643195,0.785718,0.6140440852993472,2.018568190455794,-0.7054441435522719,0.00568864084147202,0.616992,0.8796311891100518,-0.8160712493390697
-0.8215865785832615,-0.3056708985081309,0.142861,-1.881565821953332,1.152097209884982,-0.12931756052280938,0.7170175942863203,0.474135,0.28163993339895355,0.7581418475117649
-1.5501527538431428,1.821998510382548,-0.476187,0.5564780560953244,1.6582142675432203,-2.647855224987602,-0.8034638228583757,-0.406817,1.1141730107307644,0.00105064372210052
0.8104817642297842,1.7152816978460923,-0.535711,1.2420581303223992,0.9451977846837908,0.7417807864495639,0.473462625518869,0.569373,-1.0657354505262044,-0.7383184660626971
-0.4561349938241943,-1.711165306363224,0.154766,0.4554032736456224,0.5648344924486661,0.3836008276664285,0.5178450039459982,-0.442532,-1.4256515511131809,0.4314543632979274
-0.1380382232867321,0.8758011000872293,-0.797615,-0.43541054001974344,-1.1914231945103844,1.6003318593161486,-0.9856339783743476,-0.597293,-1.2850434865688114,-1.4062497539629142
-0.25998735090808,-2.5713610708204264,1.44048,1.174452824094031,-0.04180223857468383,1.4417263232556317,0.4926220083464664,0.081278,0.7210418419789798,1.2293183717325322
-0.910701385278688,0.11400896779335994,-0.33333,-1.5209054521704706,1.106674580917907,0.3027867847949588,-0.2729908581990293,-0.01396,-1.1497202230279058,-0.17845366169977642
-1.1615900929136165,-1.1346034160527048,-0.773806,0.12686158046352072,-0.22340766853748653,-1.7092387627393335,1.9768764051640757,0.057468,-0.09275072335479569,-1.0607245169676824
-0.35495988874391177,0.01764662865452969,-2.238092,0.32954869037454565,0.6024841657573532,0.2845581182949205,0.5741601924426118,-1.025865,0.07556805883271236,1.9272034190168936
-0.6780175858216155,0.5825096295460845,1.333337,-1.3742382969670812,0.04721377720804372,0.1716361173459096,-0.38897780508082225,0.259849,1.0196177244726858,1.7551618830173796
1.9373539510370268,0.8027015206349357,-0.630949,-0.3852524158585971,-0.3389287829296264,0.18454318990012297,0.29054898675455493,-0.51396,-0.34603106834834035,-2.288795001011564
-0.8911200863715398,1.4460128908519223,-1.952377,-2.0372432559589986,-1.1588677783827728,-1.7463994246770385,-0.9511289541047324,-0.894913,-1.1663581937766574,-0.30209345460018705
0.5551156627968726,-0.7757167893985375,-2.107139,-0.02403525201727812,1.9995928516347228,0.5024422192539634,-0.47684254596826864,-1.01396,-0.26721524523741985,0.612312610892543
1.0915678051773618,-0.462484788101005,-0.452377,-0.06144803136833247,-1.1314557625954889,-0.6375298683720272,-0.2212175867929439,0.378897,1.8259826528387637,-0.2689016842926279
0.6790463082712686,-0.9149144362560808,4e-6,-0.1440910429070831,-0.5695505798905274,-0.4340184510435307,-0.23434729331954665,0.593183,0.4644142462346786,0.5047988000215186
0.9926998325241254,1.7362291223751567,-0.297615,2.5281734821230737,-0.29594014135594665,0.49957902394864134,0.4433474849925693,0.295564,0.26403992483442623,-0.1153171329872118
-2.6856994023687544,-1.5090972820520976,-1.964282,-0.608806001295964,1.18451500037303,-0.27321080485859595,0.35403714497554817,-0.823484,-0.00924363853692341,0.2717525641946616
-1.2787951869859702,-0.3528623873273216,-1.952377,-1.592296555709798,0.21995790902940457,-1.3097722018868114,0.69627435380638,-0.811579,-1.4177400466731576,0.5137057467570763
-0.9970830595440624,0.7652282145768688,-0.678568,-1.1107604399143045,1.247638941414615,0.3141810670033926,0.7996612244020002,-0.585389,0.4336575939916377,0.15184426219467403
-0.4611440564849306,-0.6403112064227616,1.202385,-0.21660187057115643,-1.3733860460093434,0.753377650572781,0.26862720594563266,0.343183,-1.0265083849225325,-0.1886814895098759
1.9964512549381637,0.3200590347931612,0.357147,-0.7950554337771589,1.112872739302297,-0.5561781943799893,1.7927358835548752,-0.03777,-0.8553235264919833,-1.0047735921258605
-0.2130470145375577,0.2779042790803991,0.380956,-0.3793474201707427,0.8498763052823037,0.5941919168990599,-0.9985378163083658,1.319373,-1.0625259354233874,1.265302342993294
1.233651873043091,1.6768871922979234,1.095242,0.5163908461780423,0.9003190230871835,0.5375193915773936,0.3785511755745918,0.081278,0.31634458319029984,-2.1531690005140587
-0.92054859026409,-1.6066662492588015,1.345242,0.5210135683020631,-0.3712950405685385,0.12386089151393694,1.4582113047610954,-0.025865,-0.6580298040765867,-0.5718856857172895
-0.08992382713194289,0.7819637314172216,1.44048,-0.4277117437097356,-1.0147689285048829,-1.37832487107534,2.7501454502585005,0.355087,-0.7579286633439254,0.7812837264071283
0.8084548407610381,1.1616742330394725,-1.404758,-0.2726403805929205,-0.2879849957797254,-1.8888372283737231,0.4262070419687306,-0.549674,-1.0515486156348677,1.8088450255211448
-1.010484168321654,2.207240337933483,-0.166663,0.07775139937032309,0.3188634080251244,-0.05144182374155228,-0.8656369296297497,-0.168722,-0.8697934728660833,-1.0030414986302016
1.1800530093020978,-0.5883774073580321,1.214289,0.45986042997514065,-0.6467390751256203,-1.1724363549926011,0.3633410203323747,0.164611,-0.3309272203578288,-0.4069828523513582
-0.01804098831896884,-0.01104672311743871,-0.214282,1.8160771973667025,-0.30513957526218594,-1.1376526441289114,0.24478877387361692,-1.168722,0.607428513230756,-0.03865999997215007
-1.1186745901142965,-1.7117352440109328,-2.55952,-0.19519219481792255,0.6623933449087429,0.5667792516148831,0.0610408610045643,-0.954436,0.8865013836999454,-0.2581445135873932
-0.630713440435652,-0.2707950017259536,0.428575,0.32798726502340303,0.8335812458779743,-0.3322304714935441,-0.34173388987465,1.46223,-0.7702194434630056,-2.6858103631475054
2.1628340700116913,0.47659330469544114,-0.714282,2.259284655842289,-0.9180272532421976,0.9763647902662164,-0.7725244088858333,-0.01396,-0.15644677791396963,0.3419811438938127
0.6404358402544271,-0.8016541126055031,0.571432,0.2899745037956447,-0.7952845725090281,0.5377974412797234,-1.1291017067381337,-0.01396,2.92803839046423,-0.972216750336276
-1.0451620189757445,0.7553587438955778,1.535718,0.7635370654850367,1.6389497823418642,-0.3781319367075075,-0.3540639973500643,-0.192532,1.4516135409187332,0.3428755578128849
0.043939398479729,0.7876174974329305,0.392861,-1.1840776564654554,-0.11745222616733073,-0.30374158036559984,0.8227763360998804,0.188421,1.087356155676653,0.5531447462243458
0.02578879434234788,-0.45850589077669535,-1.047615,-0.5112017926707186,2.004475498162723,-0.7110848181836797,-0.593355915732368,-0.478246,-1.2375809032593674,-0.06749727989117849
-0.19536446075871103,-0.5709512260220195,0.595242,0.04515347196625224,-0.9353146878428392,0.5717553122247301,-2.056980267328871,1.283659,0.5469804486847223,-0.4184052387050449
-0.70171324235216,-0.7074867298945299,0.41667,0.8175027578540079,-1.948088870699324,0.3889442996071817,-0.6698477313020489,-0.478246,-1.3966353231429105,-0.12464155348799132
-0.6788108782410313,0.987095737139076,0.773813,0.6147331947625673,0.6093456038211799,0.6643168877365113,1.3056162216486678,1.319373,-1.010095929912347,2.1687393392195187
-0.18380703213696337,-0.05540444272872241,0.91667,1.0400226460207729,0.00543196364329503,0.8073314525756575,-0.4255915460661476,0.771754,-0.11585355419827488,-0.4189542295236888
-0.03749337246798393,1.0405998414572375,-0.011901,-1.3916299276695605,1.672357488004503,0.1674033506137751,0.6047744438026627,0.402707,0.00851279938361481,0.06116386947287031
-0.8980094247979057,0.529755037010818,-1.011901,-0.2747566091036131,0.6208364046854361,-0.6734072646120635,-1.8257792352222024,0.105087,-1.4974020910331682,-1.134539768856346
0.36007058611883475,-0.5682814569205971,-2.249996,0.07484712151450611,0.464165589039628,0.38461631036176225,1.2884111692946263,-0.847293,1.6459053054420851,-0.5438725766976513
0.23721619319456583,2.350832404574541,-1.440473,-0.30624810711319506,-0.8163608670455228,-2.150638916791123,-0.3483824382766325,-0.502055,0.5925415849826916,-0.6876119593378692
0.00837200283229456,0.693299281205202,0.011908,1.8664242426190565,-1.3204934058306526,0.1779997846720082,-0.32664047260790097,-0.049674,-0.6600209703250938,0.47246767394353567
-0.4847470856152331,-0.08952472742638679,-0.214282,0.01621408261149113,0.16249119952463567,-0.9306345597668,-0.6465721912894223,-0.644913,-0.27279121501410347,0.305777384696868
-0.48052279718475366,-0.1739817326088855,0.500004,-0.5984057566973864,0.4911919823797611,0.17261743358132337,0.32658033870496594,-0.561579,-0.5270620597230812,0.32174601664664115
2.183450146245916,-0.32810081355507503,1.226194,1.0358220560099534,-0.7762121818803722,1.0478994089117926,-1.370405552750121,1.188421,-0.12128761634005406,-0.11950595059160796
0.01688250885627736,0.41693997077774103,0.41667,1.1158704490177067,1.568042249735423,1.2827555189619904,-1.4772522917827675,0.224135,0.4616977191530631,1.072353368990245
-1.529287466148546,-0.8807895609389084,1.273813,1.0595080153465948,0.05789735080482509,0.09545078917810149,0.1782620361118315,0.71223,-0.6126589645963154,-1.852821720751074
1.0784799127177442,0.5585569264779935,0.488099,-0.3817053221996268,0.5260609110891568,-0.6680425958184671,-0.38539891854382446,0.414611,-0.04917244283225031,-1.612190833677797
-0.7619391496380644,-2.3417201425009835,0.369051,1.3851011005873477,-2.4281733261293015,-1.682758696684215,-0.4891200801596799,1.21223,0.8633459589939968,1.2824433212632227
-1.0738182270522698,-1.3949993386580617,-0.940473,0.31381045865791,-0.7602097340842481,-0.8701709586852974,0.9645487463637352,0.081278,0.5433212258180976,0.0041975884212646
-0.09207400164685098,-0.48182090296543145,0.16667,0.6821505321115058,1.5193556747425152,-1.1980355288033688,0.4465078708614689,-0.466341,-0.18751258234971052,-0.6267882961658037
1.862746748916022,2.3232288142296853,-0.702377,0.05064567910661173,-0.06496316842080249,-2.4907860060906657,0.7734093864970737,-1.144913,-0.42988077139029446,-0.637379207455807
-1.4368338526232989,0.01142035643016796,0.583337,-0.5575333633633541,0.0760154749567488,0.7041765861096807,1.191529200505111,1.474135,0.7840041453901341,-2.5117487471284563
-0.6038087976445,-1.530690040216028,0.44048,-1.84345355627688,-0.47245550516999774,-0.04450199143234863,0.2427315326209286,-0.561579,-0.584745832129378,1.0598260824446215
-0.516907575264583,0.8004119594721057,0.297623,-0.1767585017365576,0.4175806815699039,-1.1149456516945326,-1.0143003799486354,0.569373,-0.8706992909774012,-0.9483974297366474
0.09908545888019622,-1.1266025625147351,0.66667,-1.37522341205145,-2.498089523019999,-0.5395432528553984,0.6800245939643664,-0.180627,-0.4956247393206965,-1.325242581023255
-1.8060252542055433,0.4409042197159359,-0.654758,-0.3228626693003194,1.4040729699314576,0.4487743928204121,-0.3835959636080541,0.247945,1.3999670364213332,0.4654458024069772
0.6067968798218221,1.0669905598732117,0.773813,-0.6545345775416337,1.5534294085738407,-0.5671918592519796,-0.15972098878356245,-0.978246,0.791427542726326,-0.19862058508304423
0.21854150250515303,-1.1416974766345114,0.630956,0.2539154100995319,0.1943915237472968,1.6624136027006418,-1.136536785362804,1.200326,-1.003570902599524,-1.3861320991286723
1.6188392924321582,-0.6686941966662846,-0.202377,-0.18724810319033225,0.4936762715389131,-0.8565444584823738,-0.19606077276033304,0.474135,-1.427917615687564,-0.866555611106596
1.5252230906786328,0.6657122101641438,-0.392853,-0.6449574559717361,-0.43038189918782344,1.8209913761408285,-0.4771239867667882,-0.28777,-0.20979596769474637,-0.9884646578058636
0.16111808447788248,1.589474903357973,0.44048,1.322946535627029,-1.0959818173070557,0.4941534940095742,0.13275876471008022,-0.621103,-0.19836753607689123,0.5191813691672673
0.9634084111722306,-0.44279256283364427,-0.642853,-0.2518019732935555,-1.619069781666503,1.104380620023295,-1.2363139704384043,-0.144913,0.03684943311885425,-0.2044710623100044
0.5387813555250828,1.6574264921414077,-0.58333,-1.0168631549535283,1.4482217841796037,1.4312333910302744,0.9004583645038232,-0.204436,-0.953262426965908,-0.415966737127667
-2.1570830244945376,-0.5471033264453005,0.16667,0.8942784259329633,1.279560196690826,1.2193553264605954,0.37056262997118544,0.628897,-1.350053809027873,0.89802123764628
0.3342963051025552,0.36980030873407393,1.047623,0.38262365459936015,0.07823021674445854,-0.8281310877138971,-0.2821944319453448,0.426516,0.6719338452681779,1.2436739138451405
-2.2758531406648386,-0.36798400280523386,-0.261901,-0.00776117684834241,-1.0190726703204478,0.2850975680405093,0.4236129934360744,-0.668722,0.17708275749144348,0.6272987532557386
-0.6474711609070934,0.07206593657448315,1.595242,-0.3285072683233222,-0.458211609673737,-2.0746757875641233,-0.6883325959194093,-0.216341,0.19728715651137196,1.1744989850491052
0.5109967159082169,-0.17398907052097595,0.809527,-0.7069927604538085,1.6187119859029158,-0.4175042627666968,1.8286781805873051,1.069373,0.097768093579532,1.737534938477383
-1.2920943225980173,-1.4671136820838024,-0.011901,1.4323282863265991,-0.9844688185134832,-0.29182317693701554,0.33358244388479646,0.045564,-0.32938614468477595,0.9550862193609752
0.11344854795356923,1.439350721877995,0.785718,-0.5282590343850412,-0.3939221026296198,1.092001654523718,0.962310415685964,-0.692532,0.6775177520056906,-0.39277235636604896
0.5435950528654563,1.8226722639135595,0.66667,1.4160669483458133,-0.4446916656819265,0.6208897108347277,0.25010537661893667,-0.811579,0.1044869943702842,-0.4386500248169994
0.2378360782699221,-0.5413448525925003,0.702385,1.1623990684652932,0.9010086906219013,-0.5798859717978498,1.0005753162796038,-1.133008,0.3207201784612885,-0.9232485714922588
1.297806911706377,2.279571727375109,0.678575,-0.44729969937842834,-0.48323325650500737,-0.37422397232231847,-0.25153175973373865,0.366992,0.6891180281599887,0.3888473000123422
0.5986179344711234,0.6488596748247066,1.369051,1.4938497057198392,-0.13317793377959927,0.20004388005802692,0.48041328622871454,1.355087,-0.20944073522567147,0.23867807224958845
0.00179457947737547,1.9335347524980695,-2.58333,-2.3601382608907993,-1.6129683641830723,-0.23664069581830707,0.0999499597115766,-0.799674,-2.125441993789489,-0.5664282338849832
-1.2513200803003124,-1.050430547850637,-1.095234,1.3078079071004671,-0.8046423337982599,-0.1115457342054756,2.0491942083031067,-0.025865,0.30311764159914556,-0.07542515497611182
1.0593030831542458,-2.46278738258342,0.726194,0.5170378591692968,0.5038721061077159,-0.7989977296277135,2.396165269299203,-1.192532,-1.7898106506967535,0.265423194275003
-0.5881767500098782,-0.825287852788382,0.464289,-0.9361067796712456,0.9248285228497124,0.3266699120183164,-1.363699960160267,0.295564,0.3856830023076732,-2.0700632049353924
0.6105536210532949,-2.0030215848806985,-1.404758,-1.6220241321100457,1.8189516622864463,1.323681980820617,-0.2897808953408963,-0.644913,-2.4941940664331756,1.5618684025897656
-0.9288020575150948,-0.9242652787938102,0.809527,0.5143213261250149,-0.8180027158496257,1.7726403642919124,0.3271855960057231,0.700326,0.6355179851572822,-0.921743904792221
1.9764387728258157,0.7712141470563196,-0.535711,-0.3613998164231603,0.7568018338314917,-1.5014479490612018,-1.2337464311848692,-0.156817,-0.5453926973897114,0.4597855419542109
-0.4631585885575979,0.7394297125757457,-0.630949,0.06214607135065096,-0.9168519830901012,0.04434090050341581,-1.6594781423878069,-0.573484,0.45709781691496654,-1.194238474593441
0.4063693121210197,-0.48020721833143953,0.630956,-0.1980136298179045,-2.205186624401062,-0.37934699361179736,-2.1574831956053027,0.283659,-1.4600994743063542,-0.7760775377663115
-0.3126451734935136,-0.436314043674027,-0.30952,0.5975549372104206,-0.8743477099664363,-0.635926299440707,0.28758806280119686,0.366992,0.14944344540465912,0.13909234411977814
-0.23699338661859812,-1.211688869134401,0.66667,-0.4943797901589049,-1.2057196598183275,0.07341113347272538,-0.3208587245190524,0.331278,-0.9899675810167778,0.08394525589758563
-0.8942560466248582,2.3579747085880567,0.809527,1.2409871114209547,-0.20650838938248536,-0.2872827101083328,-0.2437827927693247,1.21223,-0.9997464249030352,0.5525192207257453
0.05671609120919679,0.9037729633583372,0.059527,1.0026169711516435,0.4213357082817155,0.7713559628804129,-0.14115564911150938,-0.478246,1.345749228505742,0.1623903605743521
-0.19963448791764352,-1.7407285565449877,-1.08333,-0.6840040926754921,-0.6262665803629466,1.5408920932572043,-0.649427159379107,-0.156817,0.5403108608550455,-0.28666847906264054
-0.6330255231696337,0.28941918187657983,-0.821425,0.32601610790660357,-0.9663421011023552,-0.7058670071831853,-0.611273747739976,0.283659,0.15436442096415576,-0.8568151208889379
-0.36664348522670087,0.7563605497251547,1.142861,0.04991000956356974,1.0329355494248338,1.0503869997292246,0.9141844759566092,0.831278,0.6722075847517429,0.63939083194585
-0.346978014473486,1.5489492989925004,-1.464282,0.5782851070562363,-0.2575197144643375,0.8902283830142178,0.07230420046078333,-0.549674,-1.357708098749994,0.4663855679967104
-1.1444322654361334,-1.5822572971258355,-0.607139,0.8590215860885814,-0.5756385205082202,-3.187102428690375,-0.15906433085763966,-1.168722,-0.19092671771246308,0.5293021491264133
-2.028976620263956,-0.42967236058312513,-0.761901,-1.1265064506733276,0.18323473172676497,-0.4252504718171634,1.0242897909814044,0.033659,0.662731458604774,-1.5811206184803677
-1.6528244627452124,-0.04894523752801484,0.714289,0.5774780639263887,-1.8845329760222735,1.3766732374713848,0.4885341967021928,-0.121103,-0.16708119732155005,-0.8684545196118689
0.5834495090717932,-0.2213224361271484,1.059527,0.3612839650312084,0.9656579282562996,0.00825416985301475,0.2706960740841523,-0.192532,0.16840623819274678,-0.2713457459316914
-0.6625069140341372,-0.4627532648889134,-0.904758,0.36894716463061145,0.48693819311128433,-2.0101455931618033,-0.11452485855079296,0.164611,-0.2988472781722726,-0.7210976614367567
-1.6777742890411098,-0.4571108875769791,-0.238092,-0.2792681203478153,0.04283037614199141,-0.3495795254129082,-0.13894732255315334,-0.03777,1.4168278049050502,-0.3821458128400048
1.5704164860895935,0.4936240394407522,-1.214282,0.45591377816212175,-2.3952866748449586,0.728808779421287,-0.13733117041855886,-0.228246,0.2460069097387637,-0.05547222263036947
-0.8443980544893106,-0.15972799452567907,-0.142853,-0.6468818524230899,-0.5875572868812611,-1.3445575148040336,-0.5297445219607537,0.128897,-0.2516502024629698,-0.5928317125496881
1.196251261084756,-0.0386698647404118,-0.249996,0.6355339499934288,0.3846870834887745,0.12474913245673865,-0.31427068910515177,-1.252055,0.05556548158219621,-0.9263384747032496
0.0692848596122884,1.022256177257141,-2.380949,0.911186297230748,-0.5989971900434191,1.801536478128425,-1.1124337428628877,-0.883008,-0.2476928477384049,1.5863975295014927
0.509213906663381,0.4467133604902388,-0.154758,-0.9758716827395812,0.39231682964169623,-0.7348190102984065,-0.6841358883522966,0.295564,0.4105256336613063,1.7710089667679252
-1.2203225472719883,-0.5832506938905412,-1.999996,0.3191523290112871,-1.7456487432374328,1.5159364267422464,1.2294674114097015,-0.811579,-1.0261015269460707,0.30430292811399967
0.7647074361803861,-1.3645485693420043,-0.30952,0.6857489413338985,0.860273656634915,-1.5292759276966326,1.5573252886536535,-1.192532,-0.04096725021795277,0.7293825468194101
-0.02393064075554138,-0.25232271916597143,-0.488092,-1.3600495753843909,0.05389952684826217,1.9947575263525137,0.2512916288327892,-0.430627,0.3673438151955613,1.3840903912927238
-0.8515835128377786,-0.6655448271116703,0.750004,-0.6530771902145948,-0.6091463878786006,-1.3385177186920736,0.2683772633286181,-0.073484,-1.3886070159489503,0.08158815711451717
0.43616348626486695,-0.00417131796229918,1.66667,-0.096117128790975,1.4420576813867576,-0.9645831815426016,0.188322656230223,-0.180627,0.8787487064405205,-2.2341125888321893
0.5073551149255153,0.7015316408435346,4e-6,1.2796409078139428,-0.825578766808184,-0.7009650362550038,0.6311453473576292,0.664611,0.8065027232103303,-1.1736318643114738
-0.405909991482148,-0.21222581184085523,1.369051,0.12823720641390066,-0.00299372263324544,0.32774797928476934,1.4508968769119603,0.997945,-0.7720566261163802,0.4199016594364321
-0.20665133486461615,0.8866184180551936,1.309527,-1.0141056516264102,-0.1359730940379817,0.02706169852097408,-0.1331476588266377,1.343183,-1.1013124713874023,0.03768832857576258
0.939474796113794,2.4869089765283703,0.892861,1.110811570591762,0.18633591496485977,-0.06681149103579792,0.7104503234958233,-1.097293,-0.05524101326672446,0.5500805759378976
-0.24339369554229123,-1.107964712381024,0.297623,-2.04509957302879,-0.2625047965202035,-0.2964181736115164,0.32828863425323934,0.224135,0.24672300188411503,1.6635577835385171
1.0420160084166,-2.3858478057101906,-1.702377,0.8428177102832589,0.08665184171787255,1.7677139829949349,0.5151492473940745,-0.728246,-0.2854124675082848,0.19813781981537687
-1.3255211493521608,0.3715495870008528,0.726194,0.874882265943601,0.05964191617666937,-0.7724417262037911,-0.6044827788741332,1.128897,0.7555991400771195,0.8092857997573459
-1.7309494946897677,0.3334240174263373,-1.630949,0.6084667432084767,-0.9440855841521784,-1.658807542061475,-2.1887080177365648,-0.692532,0.9301078810171848,-1.238443726657445
0.0773939038376875,-2.024424069563887,0.130956,0.28174534686815766,0.23412037910668795,0.5818439352716079,1.0791830822100548,0.093183,-0.6972882945464731,0.3699026720475276
-0.34002962974094025,-1.6918176133474343,-0.130949,1.0315283038130318,0.6753356658023144,1.9177032285178703,-2.1252159983814045,-0.311579,-2.5707540079296622,0.8712347266449094
-0.3426271554870177,-2.24062486497743,-0.690473,2.4522675090942085,-0.8458193163953719,-0.6985893283736095,-0.3174743663222497,-0.621103,-1.947051067005959,0.6598329113135082
-1.030455102157876,2.6011320173307326,0.821432,1.2565440084648456,0.4849756016271318,-0.8903919477993009,-0.3374600211741348,0.105087,-0.828607713970048,0.6820832129304927
-0.905837545920004,0.05680745495915031,0.404766,0.00553711481735863,0.8801661374649642,1.1592284427400066,2.106861313531062,0.414611,1.0181454867645927,-1.3066570267292112
-1.5551338468367728,-0.08961053478608465,1.202385,0.9016145697681966,0.7013472632221479,-0.31048068427412273,0.8052149633057096,1.21223,-0.3206921130996685,-1.0065419378576246
0.15607187296517308,-0.1306248753413065,1.488099,1.108738335425007,0.4192527880237714,-1.185190199190603,-1.3287203682510709,0.081278,-0.31865189444821146,-0.5718203322984224
0.23521616796192776,0.4560630989709483,1.69048,0.399516674934639,0.6560634676007651,-0.6595102559949031,0.02457106478055832,-0.156817,-0.04181921345345361,0.01667302040971162
0.5318614544684623,0.8142491864107775,0.511908,0.02498300424494762,-0.31087271989209103,0.0168894976810873,1.131774021598058,1.450326,0.5672905723774634,-0.8762901028382946
-0.4783551778839733,1.3015837616584969,1.452385,-0.8050689808191995,-1.0272496259277255,0.06726930534767324,1.4941667474402645,0.116992,0.3835786940291583,0.5565891008874985
1.4446450810560256,0.34623358602301757,0.785718,0.16800714349820425,0.07119582760882129,-0.37916319402648896,0.2919074849796308,1.021754,0.4365329930336954,-0.6993731408858848
0.43891948091897376,0.16006645916545367,-0.642853,0.21908404131336515,0.6494118785705076,0.20278451012051155,-1.2922893828565916,0.295564,0.49984470097283734,0.19365392761651545
-1.0985934875435837,-0.5758091966544979,0.392861,-0.6739462270602138,0.17351418271034208,-0.6082737938475783,-0.7327800603013662,-0.28777,1.0049930619423044,-1.4255001528467648
0.02815635857480538,-1.326615698603705,0.595242,-0.6571837759045039,2.072673150897612,-1.1194458305282746,-1.4595201478855395,0.247945,-1.757973530430044,-1.306298702936349
1.122844722352132,-0.42108275117906496,1.047623,0.5711309089825679,1.7353952093871057,-0.8509917174208209,0.9368504453639396,0.319373,-1.8531012417267223,-0.5817302052951738
-0.2900073811289176,-0.6038769099975781,0.464289,-0.1945854447720415,-0.40868830624369057,0.6368356023399749,1.262223501662543,0.009849,-0.03763179990697853,0.8626618553206631
2.4326510584656384,0.404080164043639,-0.404758,1.4862277295122663,-1.1956256913745185,-0.4951798354431875,0.6682805160327729,-1.216341,-0.8838161002793544,-1.6141871522840423
-0.8135290480244979,-1.2615255418049327,0.011908,-0.8014065518867108,0.6265147473328331,0.5956093793697214,-1.190680396171322,-0.204436,0.05239362709939226,-1.3770446142921102
-1.661844830353318,-0.10774650269630888,-0.285711,1.876791223682968,1.617736092094996,-1.311525372407082,-1.442753913346054,-0.240151,-0.06783033322468354,-0.3350267721924419
-0.5876250909759433,1.6259141598264062,0.476194,1.5548526471643196,-0.06000126908015876,0.12499858575220243,-0.8196180818686939,-0.275865,0.4550192794684661,0.36515905434982177
-0.7608166685238684,-1.29642745707157,0.035718,1.0363067249315256,2.209810755253734,2.0523546080967967,0.897513173675236,0.450326,2.366502238931869,-0.27476349279583445
0.32161865968978626,-0.611483701699721,-0.702377,-1.008127984392616,-0.16607610455343808,0.17623457834357495,1.6732039352763288,-1.156817,-0.5115163809640049,-1.2861413346553632
-1.205344482085108,-0.8360500563605573,-1.154758,-1.289150066550543,-1.47485712252636,0.4892019550791149,1.8826980752940643,-0.478246,1.044153917811458,1.7264405084667025
0.4850526743779822,-0.4980919934354156,-0.476187,-0.42255484887618455,-0.20889319622677133,1.7413705336782963,-0.44894376276300446,0.224135,0.316512967805757,1.729983059186185
0.6701379032440795,0.44062297853579296,0.880956,0.05084429333710694,0.17358752358063154,0.32437304187933114,-1.342827403974996,-0.168722,0.4429376470618172,0.5189475302615866
0.4098965480748568,-0.485508711840256,0.726194,0.4255964644126259,-1.4975529214114698,0.8606911672969985,0.3830341625320306,-0.918722,0.8939271678580151,-0.537975809633362
-1.592243534314864,0.5048630483319577,1.702385,-0.20563490702602097,0.24448542272564455,-0.05676795247842185,0.387700178690024,-0.144913,1.4792266874075937,1.2730066339617572
0.3669406390995337,0.5536132800763536,-1.321425,0.22395933812102323,-1.0807714344401853,0.13146882176246827,-0.05130343629405114,-0.644913,1.1020443908762336,-0.5262897655350501
0.2405769297934256,-1.0698090941204446,-0.119044,-0.09599710045354884,-0.7172860149716916,0.1657111736599209,-0.4147618523316516,0.521754,0.8363102779284121,-0.49042310267527395
-0.6475430249633463,-1.877974745065416,0.642861,0.0738776845641986,0.14195391761347895,0.5257782070038008,-0.020085901327581,1.366992,-0.2892397118433335,-0.4980017553332375
0.02844896908833587,-0.07652182729200929,-0.416663,-0.98170156078692306,0.9079056963481824,0.5069600313553868,0.06435312229236889,-1.240151,0.16853298230204883,0.2515200414761241
-0.4506563883345144,2.107292466766225,0.714289,-0.00181278541093156,0.5488987331311833,-0.7797902101773146,-0.5761564073326041,-0.299674,-0.602516370062497,-0.550686838043486
0.13414907103618037,1.1625352631903072,-1.095234,1.2566398072944611,-0.22148308747086137,-0.3354016570679854,0.05516698559203244,-0.347293,0.6788116012454859,-2.619696941233653
0.3554584631598725,-2.774600924408542,0.083337,0.5170427161447081,-0.611513931285182,0.03365380208674173,0.33623575422082674,-0.121103,-0.05890935052887381,0.19775870639571688
0.064494054444919,0.10515007384440632,-0.488092,-0.5893845561214,0.10425515696153458,1.6238886327445474,0.05054652436430917,-0.073484,1.4136812322330747,0.1567246145015621
-0.4220001644882342,0.6005989825624499,-0.047615,0.829094091525368,1.0405687244120911,-1.3110094831744823,-0.2420047058604803,-0.371103,0.7416975091062498,0.04030125084134901
0.7505711530186201,0.16496034779997965,0.738099,-0.04625066263143285,1.3860234786349168,-1.3540244210235337,-1.1742021444036324,-0.454436,-0.44941519557979753,0.1835713690329679
-0.9644087945444756,-0.49526413800844216,0.023813,0.7850568152847149,-0.8684184102273197,-0.4113174547310533,-1.88279426373929,0.343183,-0.4158857350248097,1.9782449861978015
1.3013222990100164,1.1348705458880628,0.202385,2.162213359267678,1.5464078948882314,-0.5980707171220261,0.8061533985426544,-0.275865,-0.9316172794883008,1.9681071335232267
-0.065550523627764,0.15479412990881766,0.892861,2.0528459586283407,0.43955868809557375,-0.06652983283309642,0.935320832797506,1.140802,-0.32376014466972736,-1.080536192502695
-0.3176814104819743,-0.7849541822534027,-0.928568,0.149917149311966,-0.47586802850024634,0.8352469345712316,0.12753078093141235,-0.561579,0.390248130543748,-0.00842466829745525
0.55743300123323,-1.2758592338879515,-0.821425,0.09553840583019611,-0.3213616993767882,-0.26180061678070676,0.6650608172808101,-0.906817,0.8643306544593211,2.3021315864603418
-0.4294408583319077,0.5792379297161815,-2.047615,0.13862155123679362,-0.90267527329355,-0.9272975004903548,-0.31794233406016037,-0.978246,-1.2510095618402963,-0.2725407746367439
0.32585338297621874,0.5359329055570211,-0.666663,-0.7705424351807428,0.22891197696033716,-0.9150119028053614,1.1899065418143548,-1.002055,-0.9541231765702568,0.00452508975688203
-2.4261180090905974,0.32035974011806245,0.738099,0.9519828982409376,-1.5487200305405855,-0.3456541975375073,1.2541546689431289,-0.525865,0.14337378864080025,-0.04495064613178255
-0.37046725634597466,-0.28398463102290133,0.761908,-0.4391740378762906,1.6036499984317447,-1.7454859101476474,0.09975893573146076,-1.216341,0.9010723022436148,-0.07250806659433097
-1.81341834805448,-1.6398885375193988,0.773813,-1.2689118600118374,1.237420895126799,-0.2733471951739864,0.8305131902750287,0.676516,1.5994796951302497,0.5863874423867511
-0.7903707301685817,-0.6898424504023819,0.583337,0.2086124746359196,-0.3410380582807316,0.2953919317400221,0.8568979104501107,-0.406817,1.131320027167915,-0.5464760422003395
-0.4835187732781605,-0.6070967470457155,-0.714282,0.17951131298923126,0.8442418706042115,1.250973418494504,-0.600045021958411,-0.204436,-0.5172077652108764,0.41790015124288354
-0.538229165355486,-0.9039627664575718,-0.714282,-0.9638002335378952,-0.6151706314068073,0.28432335320828206,-1.4481651159400313,-0.990151,0.17239825955010352,0.1420561840224275
-1.1838300813275209,0.5450621977715105,1.059527,-1.2062734011452028,1.029802004517383,1.0034449202825677,0.22880835499108249,0.593183,0.49760737967247287,1.745679784300517
0.9875149410051036,-0.08180293035787409,-0.357139,1.367548256676534,1.417180320171943,0.15405226276886635,0.11860936384954351,-1.144913,1.8735509475286116,0.6869194022155517
-1.0028202215486324,0.5707696357598941,-0.83333,-0.11038622647500634,0.27181212953611766,1.9940537683199264,1.0611653570450112,-0.299674,0.2072875805944716,0.1817795124921392
-1.643077040002777,-1.5687497428567962,1.464289,-0.5184308078150418,-0.21936106897157137,0.5997068643551167,-2.4084036249083627,1.605087,1.7680651508349905,-0.3808077315634236
0.17236864104530022,0.738691910824175,-1.380949,-1.4426891405887614,-0.6796571525325454,-1.7645360157158143,0.3145380609663827,-0.394913,0.3976264513780473,0.4097944905413071
-0.6598005969407195,0.5854765862376583,-0.178568,-1.8233345039914863,-0.17813721255408935,-0.8217066529150167,0.8566797830685405,0.128897,0.6641346501609104,-1.481933649939689
-0.5141677013459024,-1.737030864896234,-0.607139,-0.23394146681391287,-0.5634078907575478,-1.5059448749772837,-0.31117628131373526,-1.204436,2.169198330579131,-0.5223537235877201
0.7149470943483627,0.6571912482267661,1.261908,0.5955897224163703,0.4360275713106811,0.8178426693233545,-1.281004856987333,1.48604,-0.653229910843009,0.03303561868913193
1.2994455797458464,-0.3861356106336265,-0.845234,-1.5586505810499018,-0.3644463367792302,-0.10941066843607032,0.5819541371996203,-0.53777,0.21886298360285855,-0.2589487816039063
-1.0868159492948408,1.3611144029794806,0.833337,-1.4694774964096269,0.4317617146236905,0.9148391725108792,0.8986684977874813,-0.204436,1.043280878117837,0.38116618108321026
-0.1249188736633682,-1.1001617790806903,-0.58333,0.6790253702464468,-0.553519475368721,-2.1515389387867736,0.49772912587560153,0.46223,0.4855995685625693,-0.5083234999883965
1.0869883934105993,2.069313798400367,1.404766,-0.6700104571542598,-1.4972596407256191,1.6276016674054916,-1.3151551338421208,1.188421,-0.8932936080355387,1.6233187466952683
0.5770777363258859,0.7544000635656507,0.511908,1.0049865023756546,0.3804316309202011,-0.5894681603529589,-0.07757448028039071,1.23604,2.0029763624976,-0.7810486133533613
0.6226259965664128,-0.5005010690432634,-2.33333,0.7955399459406427,1.3699691107076204,1.296040353274728,-0.8663175152156103,-1.073484,0.9089213038089572,1.5936899033621037
-0.8294421030184072,-0.543249547320855,0.91667,1.9361360237888108,0.942142191485988,0.26630322230052866,-1.2778613929568925,-0.109198,0.31697237386109567,1.6272665028086588
0.7346553562762772,-0.2924874748301989,0.607147,-1.6233176572427686,0.6895903662893004,0.9498653568674542,0.2967519601214775,1.509849,-1.9469652279534944,-0.6850678406744828
0.12552082959014357,-1.4218571470228691,0.357147,-1.1196826582029933,0.7215975464225867,0.5230975948105634,-1.4549211024534987,0.545564,-0.8539840098994674,0.08484641074354246
1.1773936769888784,-1.0360239659695765,1.214289,1.237263302247634,-1.2242056718192262,0.7959041263948343,-0.8016709122985263,0.21223,1.3569476428531866,1.7247857436944758
-1.1015061484808728,1.4551774178501298,1.16667,-0.13109318068728187,-0.5294771791036282,-0.76021725292939335,-0.06136222006918988,0.997945,-0.1503065062298888,-1.4419150725822605
0.9824855695441737,0.5235655102687232,1.369051,-0.9104206579273494,-1.1209870777832711,-0.2354343837875856,0.075595988491317,0.343183,0.21391186499950385,-2.3970913525026396
1.4617330034451994,-0.1900795479796618,0.619051,-0.1736016931130845,-0.3862967429322298,0.5092754787008912,-0.3387918436491413,-0.752055,0.4283680506384103,-0.5412149382930176
0.48133135304191144,-0.8010641279901985,1.285718,-0.3319145610151124,1.267879347075574,0.6873847004636997,-0.884993812919566,0.378897,-1.188324725214493,-0.07467908007803457
0.12471334106961617,-0.45037719478164673,0.630956,-0.47539072049252473,-0.1705723703195113,0.5263505908581401,0.43268707912907967,0.033659,-1.790959520870817,-0.534883176644257
-0.33082504407441865,-0.8218975937989437,0.809527,-1.348502315956454,-0.1908623251931343,-0.7587656329602942,-0.24388057399421237,0.009849,0.3890239194220546,1.248999600348416
2.0818125819328235,-0.01040669780805676,-0.523806,-0.13696750830823426,0.2086640658859568,0.9610234885168016,0.9042689665914188,-0.192532,1.662161429584719,0.30008169672612883
-1.9873982950622648,-1.7543473701012948,0.750004,-1.1366638536481102,-1.0587491785738403,1.8837434760641183,1.453192933402751,-1.168722,0.6923575218665944,1.1281504515479976
-0.7723163928976842,0.207264691344734,0.321432,-0.9316798311375368,0.21492253348291365,0.07062380278423232,0.7134377918035684,-0.311579,-0.6255802755840757,-0.7752013592760997
-2.3833152010008813,0.6305136428567187,0.488099,-0.2429804820696677,-0.961882082419832,-0.24798474658254543,0.2146061887778314,-0.061579,-0.9036595767493326,0.7468519122973077
-1.92531292017216,0.5729971371371562,1.261908,0.0772075157257198,0.04765728119855889,-1.8290595429445924,1.7123599467201969,1.224135,0.7318218189289152,-0.33202016198176443
2.2595461356293782,-1.478210593193516,-0.55952,1.500318637822934,0.736027593231833,1.4283374864641305,0.18246835765782893,0.21223,-0.1610411926602982,-0.14965845745001494
-0.3261809054112278,-0.8737124478849951,-0.285711,0.2629077784567279,-0.04385692234102151,1.0598749851378246,1.545757654045633,-0.03777,-0.4849874992284759,-1.0560230301937867
-2.1315424403674212,1.4550832571433707,-0.619044,0.9825023209331616,0.3428038961588861,-0.5494425820734375,0.1099723669402392,-0.442532,0.21242326106470633,-0.7952434490433457
-0.24995281458767904,0.05346042599002031,0.976194,0.00460107259985752,1.471783235605954,-0.6993844209030716,-0.8593270316788519,0.414611,-0.4269128787375141,0.5305564791142039
0.9107212246004396,1.6453897979678118,0.309527,0.35814082082228527,-0.01095293006223872,0.5857058141064306,0.5443399611625113,0.200326,-0.05450176063840584,0.5993789275746108
1.0664755296238924,-1.5420586678225878,-0.142853,0.6295727217705567,-1.0399879573757955,-0.3818272254513704,-0.3369750845469256,0.283659,2.0167700787727,0.7055207403733492
-1.22641421443585,0.8766128747813376,0.214289,1.7359588032345872,0.5252869772329873,-0.31749947188002253,-0.23631308865508807,0.021754,-0.34295627797950007,0.30923746121095874
0.6729555504539186,0.2814399121698854,0.66667,0.8272267680650726,-0.3600757890364991,-1.489452195636195,-0.1742800988081296,1.045564,-0.30307781581623305,1.5195121570963783
-0.10149878387011378,0.5754850681068523,1.321432,0.9762461050894686,-0.5942827606293525,-0.4523078848546557,2.048023509722429,0.926516,-0.7751311232115575,-0.3466930498221561
0.4088305107247108,-0.6834876555066094,1.500004,-0.5127456350477032,-1.37601406618588,-0.3979059348493313,-1.7564516370679917,0.164611,0.19210108575519785,0.03691441344728921
1.1927269857752008,0.42903578327648534,-0.142853,0.05759882368023153,0.31821652976890596,0.200861156640108,-0.43971330336576736,-0.454436,0.5489757874170544,0.5330508253580503
-0.14720498831804008,-0.5800295119271061,0.809527,0.44947554182993704,1.1082901911639775,-0.3148812509893986,1.6576838219848444,-0.073484,0.9830647758111426,1.2575044973451526
-0.502374016513657,1.305747827664134,0.66667,0.4447426895488823,-0.5511247242269918,-0.739175049695167,0.8728787955441802,1.093183,1.7674662401007246,1.4199636305043633
-1.3351820654696442,-0.9602254697388112,-1.928568,1.91675252607714,-0.4763424387264026,-0.8550496906836914,-0.4229723398751062,-1.01396,-0.30918157865344353,0.35638089011649987
-0.242155822590694,-0.8328630474019528,-1.095234,-0.7700415706230609,-0.28403888665484534,-1.4348279663507992,0.05979555480338615,-0.418722,-0.17961690676203643,-0.05387002731035714
-0.30408143327709,-1.573869821473762,0.464289,-1.654322697559896,-0.09451455514782887,-0.743358761271632,0.06182005805574673,-0.573484,0.8946785456875119,-0.31114641720091235
-0.06943975782556312,-0.7069678798236035,-1.523806,0.8287330543308068,-0.5837293271788131,1.0492537732123224,0.24629355969416547,-0.656817,0.4143805615704429,-0.868342261851475
0.03990625431325584,0.9613277863119906,-2.440473,1.15427902807352,-0.6442582579043433,-0.10089779835837416,0.44137527850210345,-0.978246,-0.5129862510110457,-1.0979596272534815
1.7965267186836928,-0.2027163058865704,-1.702377,-2.4383136133354815,-0.0748834706494593,0.8957625288163713,-1.9091346148305164,-0.609198,0.49474201952999247,0.5812409581124258
-1.1928676135883098,0.5399724437236677,-0.464282,-0.2917807819087033,-0.04413617048862885,0.15663492684296113,0.0609733775618107,0.569373,-0.22710263204025544,0.8503639031571408
0.41106480956102626,1.2294029214361804,-0.547615,0.49359299995829303,-0.6097740936912385,0.48797530138132944,0.976723631360362,-1.144913,-2.0281218919343864,0.0664380496558717
0.2978984720411497,0.0755049490945338,0.142861,1.3134613134450075,2.021478270550382,1.0458511753886413,-1.89453481442556,0.23604,-0.6996046136085381,1.2701150940965091
0.5530987707989667,0.6815415991824072,-0.190473,0.6013653537241062,1.0733336114919767,0.945530129715006,2.092824949768446,0.426516,-0.0758324283806638,0.01803279441171398
0.19639894795980337,1.7443158034887742,0.869051,-0.8136977583980435,-0.8399798759785786,0.5195896692225273,0.5847519331689823,0.96223,-1.152029397724026,-0.277451441460001
1.5726803102002782,-0.04646623702608161,0.535718,-0.00740195489284358,2.108203329297173,-1.5846565213702075,-1.921743476396401,-0.418722,0.5894516290585777,-0.249684357214945
-0.36843304714277336,-1.2906015985423052,0.678575,-0.2065461836919058,-0.9456880828462836,0.5213552543919603,0.14143399076255866,-0.502055,0.07050299646429159,-0.2164717706746618
-1.0307367506187868,-0.45221996874591913,-0.607139,-0.9959980376162104,1.4858863027642868,1.5530418190078108,0.2555894613379335,-0.76396,-0.8175261535283544,-0.03548080118498882
0.27873424511454903,0.8915316678782086,-0.154758,0.9846712322427912,0.13462492312614377,0.12702147811000009,0.5656698566880699,0.128897,-0.8306075832884803,1.6597153029389045
-1.009722128400001,1.564586544583521,-2.428568,-0.06121947498533566,-1.209394502098238,0.8380416726344303,-0.7667588755847783,-0.835389,1.5033565197736127,-0.38690256982133664
1.4133722427712712,-0.9637677920640472,-0.392853,1.6149755533415109,-1.4284539009910775,1.9651909708123776,0.6454986290591395,-1.204436,0.18825366672543975,-1.432190568735219
-0.27151226285445007,0.651620123635139,1.285718,-0.03309490762438604,0.5788501693502043,-0.7834457692006805,-1.5038911576189435,0.771754,-0.04067343421240612,-1.8995664916892827
1.4939291359444171,0.5440309932836676,-2.238092,0.2417744987073374,-0.274311601573752,-0.7673264006064808,-0.7169671276500792,-1.097293,-0.5484102058742921,1.6398382122785915
-0.1499182443974653,-0.904748721754758,0.380956,-1.828589141022226,-1.6710786725635116,0.9375297761743808,1.1367910767618252,0.48604,0.05568830827941611,-0.06292522275863258
-1.1580633220040208,-1.5000167622628693,1.238099,-0.797213221150982,0.6452669072901096,0.08609984291175804,-1.3058613406573134,0.866992,-1.1406571943359425,-0.567436194011682
-0.45185432512735463,-0.45668459690738034,0.69048,-1.8853484950710335,-0.6840553429470306,0.3638309940496509,0.954720836760404,1.152707,-0.2223950596038677,1.8920229675599116
0.13143952618011093,0.5458783937509238,-0.31865280674553736,0.7284547668278588,-0.4703426287901635,-0.04072560873807179,-1.5460762203168408,-0.9382537338824616,-0.6687989930176109,0.703047207270106
0.8763245828532227,-0.13004977022473313,-1.0013852525180889,1.4498560630382,0.4869171747819882,1.8471341657409543,0.272984401009645,1.0669836034725215,0.7873347280068235,-1.2755933740336878
1.702634827683728,-0.2838481598667395,0.9343088512471976,0.6604677315397123,0.9270004423615292,0.5626151050853785,-1.3546205931581696,-0.4969391963925241,-0.10045280130763336,0.41705015197505735
-0.9469829685347774,1.0229686814004697,-1.3111790069609917,-0.5631933065775824,0.07835295980586078,1.0040890994084033,-0.0480846470259987,-0.8349168235672012,0.4608181490101782,2.418992181962283
-0.389845785137051,-0.6139478249815999,-1.230528051818112,1.2837706077640805,1.6379909213807329,1.312633190864521,-0.8260163124764092,0.5390202780677443,0.5848085088361554,-0.01754373732339586
-0.1125769885950488,-0.381859014684425,-1.3990984896697698,2.556498546341117,-0.4246633337564053,1.0026550968528891,0.2779116774313231,-1.918491285982201,0.06075031833944187,-1.0601434464303996
-0.5808555758013891,-1.5501418331468362,1.9464249740345905,-1.0809790563610098,1.999059940475881,-0.4554056870039669,0.7102110764608258,-1.1981353936609895,0.4778556405298635,-0.01381265970772564
-0.7432088687444713,0.8529029848604406,0.2326472895239283,0.5825120383369103,-1.0125803106892914,-0.35851553107326545,2.112901523569461,0.3537509391200547,-1.495604709476137,-1.4328461076214862
-0.6229130278014998,1.9827845524282257,1.4101644249187872,-2.2007628333789255,-0.01595231651694178,0.617092672377207,-0.8794987752581845,1.857239702963163,0.48093560962640175,-0.917090012137761
1.3403208750113935,-0.4415268753794106,-0.6226071203491376,-1.4182603515175778,0.9610940768705326,2.107046901017646,2.0572060085354913,-1.029340313729478,-0.4777284814558622,-0.08494205026721896
0.26223012456390304,1.1632105798349923,0.373607842413722,0.5218450100831353,-0.7672523377744856,0.9998674082865774,-1.1633177891469235,1.2314687611690756,-0.8441597414860138,0.5157120533804669
-1.2036720388367983,-1.3412439203312785,-0.42930374801950166,-1.109315402225652,-1.7815888677277716,-1.438350510268593,3.2006544473040406,0.49320689357046255,0.9147122194332824,0.7380302145459237
1.4669093202048913,-0.5070625572362347,1.4812335675045558,-0.0866484608763263,0.00595677013160624,0.3657542750715773,-0.2212839952761557,0.6542710735270999,1.4515876909511118,0.23413951150267776
-2.2737871933956417,1.122226371166936,0.28055759297332533,1.1040380248337325,-1.7043655416320032,1.4999131955541016,-0.45930101092034775,0.7566652340354086,0.20809213055558853,0.495347118448407
0.07939358654105533,-0.40494454656521767,-0.04422653165530725,-0.5085362407832094,-0.10720723628954716,-0.5967586051642,0.8038991319781045,-1.217328705579952,-0.5202869334900221,-0.5134503651381318
0.9758129115784356,-1.2214476247335102,0.3124546733197963,-0.18838503712048577,0.4727602465942202,0.3061637400635731,0.9320656330248932,0.33454846117091863,-1.1193423084448952,-0.9385814009643522
1.003557167018235,0.43926646128796015,-1.059546631409826,-0.14135301521566498,-0.269422895447327,0.02447858463538783,1.3439241322574378,0.6620940337530885,-0.6896884447500742,-0.644077495355875
-0.9026335168300242,0.4229874446085706,0.44803899492771687,0.759421814945493,-1.3645388293927825,0.2358247991232646,0.10988413991236178,-0.29036852024930493,-0.3051839853646321,0.9539474647549708
-0.8168017369428079,0.5379311264350751,1.4270430872097055,-0.956184741125582,0.7049933033124905,1.6827204469670094,-1.707475608410615,1.9499501309193328,1.5387484873014483,-0.7836694412974612
-0.9075939535169748,-0.5290692977394368,-0.7048834063900689,-0.42797869064162336,-0.92717365782344,0.5220746010018409,-0.6840827116089152,-0.10707994673665389,-0.03411915570706405,0.0961408353190076
-0.4275632833727372,0.11224617205729572,-1.0860507981716725,-0.9491837277560982,-0.9273019220862116,0.1937823214222074,-0.00299183590580834,0.7816690232380678,-0.4765129817435764,-0.9407251827826616
1.078561302020467,-1.1216841814844876,0.2303711651465251,0.20749984204658525,-0.4988616444102309,0.4428432705980963,2.0017261739604435,-0.391452599357313,0.8303668925676111,0.6598388269071694
2.833045939399418,-0.7604621244995339,2.4094762149166637,0.13357817710181868,-0.43417535804205626,-1.8075336781703395,-0.47992959751250713,1.1235879147665766,0.5188934789268158,0.6504939055754286
0.7739110454028004,-0.29492143745807153,1.3697147347308951,0.6352514837450715,-0.8024088425162383,2.077863399815218,1.328229987125578,0.2264023440634338,-0.5525702766441901,-0.702531165708734
-0.820051620931841,-1.210106350353261,-0.733718364593314,0.29245037131092994,0.1372226711033845,0.2502507792674176,0.071553586017288,0.8013374508436054,0.4123610681451225,0.7132735287744983
0.4864724377654832,-1.177699078643452,0.3471401849335903,-0.6715900710841303,-1.092671610222976,0.27465314604308094,0.4954043010263738,2.165665393510788,-1.2599818283659885,-0.21244737290988688
-0.8087992121655376,-1.0860450796459926,1.2162973174939933,-2.90172872563331,-2.0178795361728694,-0.5311118007912035,0.23839089999159213,-1.3629685641201366,0.5916764763111766,1.6901128257377935
0.1919387267363536,0.11121772226872433,-1.7109795620510933,-2.1846051248168097,-1.046883004524848,-0.17436700905092783,0.3838285959547976,0.16926272287982724,0.32489580419261865,0.3873654851876529
-0.0380931985650298,0.9247674478769152,0.7502547496478933,-0.3760314913430928,-1.3962262876770164,1.6986660492256205,-0.6571703001831486,-1.1671815505247911,-0.8155682408708147,-0.5759249630765507
1.017508399990406,0.4534967848417152,-0.29627668783182476,0.4644720869968971,0.9491085460628912,-0.30287569939403286,-0.17937732734780648,-0.8407996176826352,0.086741732943599,-0.9325745056562252
0.27476675810305046,1.0151214637691444,-1.1864948742076933,1.2344455043476772,-0.9673513383494828,0.09911518280167916,-0.5989585579317599,-0.18657759065519655,-0.2649543851418087,0.05227000026023425
0.4817779563563913,-1.1009457713713455,-0.5455462878893189,0.3555840649429929,1.4698628056139784,-2.1215618735072335,1.0419041175197892,0.3493652760242274,0.4789106266433466,0.2168228101506348
0.07510849341705667,0.16181945077598328,1.168956634593323,2.276581362237838,0.32538640709588373,-0.6345997312918892,0.0247011320089196,-0.4227322964330882,0.3121743681779541,0.6609350320432098
-1.2694640154627623,0.10274959334025732,1.8250543317854009,0.2862177335446024,-1.0710881063674185,-2.2161064060933677,-0.9650631535311144,0.11925189187334256,0.31842730576324524,0.15640268262311102
-0.7265850110508997,-0.9196662413286232,-0.5487199746108955,1.0327557174560154,-0.9227237146049728,-0.3725858515509683,-0.2043395819939737,-0.36303908551121195,-0.45206079349284456,1.324206453165409
-0.10552374537999518,-0.6812943462842791,-0.4820934555869269,-0.6298342652845804,0.0842997820252757,-0.08314105375637047,-0.6133432340834092,-0.45420294325429394,0.2661826798484935,1.2182443851984568
-0.685057577622122,0.7656043987054134,-0.5572701131722029,-0.40752047438520617,-0.347422828647502,-1.3204471746758075,0.4715252700270718,0.3979414640632884,0.25446778218697785,-1.0970605391661534
0.18850828203369327,-0.8594219555379644,-0.7122198272652812,0.9527496733340144,-2.1429821200021877,2.1553007693448674,-1.6429483981053394,-0.8528154287448967,-1.3904499649455953,1.288555704316568
0.30380523562378403,2.326291164167542,0.408079736413773,-1.9891468203390348,-0.3530119465046253,-1.6173125810286646,0.272008967897149,1.3630477608930307,0.08515521317628283,-0.8370450770552189
-0.871382531998854,1.1688167888066718,1.0380752409685192,0.242071802693305,0.7644419952825758,-1.6984725684901123,-1.4596276449698358,-0.04508045122912638,-1.406237634967325,0.2125606157125374
-0.24002360108889392,-0.9815387276012156,-1.8114628119202536,-0.4482251491618164,0.31726168605973987,1.6667795291823964,0.8026313273520587,0.6470929712681693,1.4591404143288491,-0.8853558998008115
-0.4643433440684208,0.21287276419769105,-0.14630141584239606,0.8552625157274824,-1.9625589531040903,-1.7241401499331617,1.0089097826231543,1.814199400442641,0.2727157362288009,-1.8040158990517097
-0.06762869890129124,0.8217854655140386,-0.1850620969536198,-0.5447037143560343,-0.12768428891713138,0.9140278866076078,0.48630945380052887,0.6824347313561051,-0.8287143139100099,-0.6418482309206526
0.7587051944214409,0.3428568938729898,0.5144741813035476,0.30485781454309585,0.06011912599099967,-1.5632718555711096,-0.3410310338550424,0.26273632116269546,-0.7657479071307614,0.8768676632571455
1.1742665353717263,-0.22705599345055663,-0.2494364326759866,-0.8717612732193782,0.01799475085853024,-0.5765278518724472,-1.1962232529398096,-0.6661962178623524,0.01405985907022821,2.00810822873039
-1.1241899752390854,1.4366421102986389,1.3946733133093665,1.0661982161474155,0.9468098036338694,-0.2695362822592502,0.6792607918577948,0.9696956830448852,0.21929831040495865,0.36801916879888297
-0.6121236551426612,-0.3826774602579941,-0.8033454600695866,-0.4220438571176636,-0.6854462206373646,-1.5982988018407216,0.700747449949739,-0.16631729147463217,0.294174067655578,-0.6843868191600603
-0.382765617520069,1.4481720262620303,0.37572524464283347,1.4294909672011875,0.18571315463418753,0.8299334611413255,1.7364072997938529,-0.11360197868997096,1.0990293672061633,2.926496704882896
-0.9645190307410776,0.17030855626022104,-0.460924600378155,-1.1550001915641834,-1.2431862965338267,0.04136092909741425,-0.19457430631832529,1.5772923820357652,1.2484750437495309,1.0322141645234846
-1.0492164322904585,-0.6587360821682453,-0.13302568549346866,0.7570406604997946,-1.2538618372385584,-1.3109306473478657,-0.40754065059767736,0.9413113130955724,0.7954908147051092,0.4748531631512948
0.4845407128973167,-0.6429924873951163,1.3845799426870444,2.408685953837157,0.15536956917344047,0.9134494030452712,-2.7057729556058905,1.1385128053988722,0.7806943247158503,-1.2541260745787823
-2.1431385515710675,0.4681134780450696,0.5979529791450308,2.003616333605204,0.3074601249792102,0.08761008794804227,-0.12913403524790903,-1.099212998848039,-0.8493111562324571,1.3697171860044566
0.07426479975728961,-0.34709692502424294,-0.7966153735740156,-0.13003085928973698,0.8254922361700472,-0.4610673213670158,-0.3404042291902805,-0.3660986380330809,0.5086469053207558,0.07963035496012702
1.573890893536765,-1.3275354033978166,-0.22940615846605145,0.04089963912309893,-0.5308670524753533,0.01867402625594046,-0.08348927145609128,-0.3827099201382317,0.2227206361042297,0.7191754061719159
0.16116179742423586,-0.5266687746043762,0.9778986517596132,0.9376047955996796,0.8527036123985346,-0.3779155308344099,1.279959011215534,-0.7661379138481986,0.6836444794079792,1.9885033768613896
1.816405259309384,0.5413897717754099,0.5236896835196702,-0.5144965147255992,1.0784384705591898,1.0536585873554525,0.4521982710667409,-0.16254529982890698,-1.0677748100230426,-0.28018309744352576
0.0624982071556919,1.766540884462284,0.05501551328071337,-0.6690798045866908,1.3760388408087487,-2.266949642722066,0.2203858742534772,-1.1943752874613365,0.8704074195861004,1.160748388675035
0.9016619035500544,1.3866515590323565,0.6406464108602784,0.44388343867754054,1.1485212391043356,0.09592068771607638,0.3968949279977567,0.1436928150328734,-1.0212512449809577,0.9735300630033156
0.10552629032483388,-0.6702879668444194,0.6603067974415943,-0.5314580273181699,-1.92610768044443,-0.573054130825827,-1.5255268882478827,0.7326275528875262,1.2700334415880048,0.1937772332168857
0.2540873070874661,0.4540576133892182,-0.26104395774823136,1.2734314413641927,-0.06972424668787047,0.23002258231032544,0.3345827080662481,0.3239294930864593,-1.4403010509649383,0.49929631793059254
-0.8668552915991639,-1.1473282877630149,-0.969544935114564,0.16146042439906486,-1.8010875594291518,-2.3036383423048017,0.8648695304399119,-0.0456491764317296,0.8903167033461804,0.11138190728705248
-1.2668225350626554,-0.16838837344860152,0.26669149697018746,1.0910770935742595,0.5401020275381853,-0.1408161702362501,-1.4287560362565692,1.236297927157224,-0.1673771813518727,-1.7584469180716222
-0.17669029135864966,0.13970974755895643,-1.1569184914548003,-0.821659133996818,-1.0113030144162851,0.6237129173091692,-0.5912749354065926,-0.6139702259201439,1.3491956156260023,0.39039780600079577
1.294406062672329,2.5013618418876855,-0.5276187975708789,-0.7291026263775678,0.3329859987175187,0.590423371774405,1.8032843659653932,-0.6160056232209844,-0.12707716752014803,1.5904240409225496
-0.5961560459640299,0.8321240334208736,0.636781078728717,1.636474137274512,-2.4440286209804003,1.5726746544871884,0.10083680294623357,0.4873119322473636,-2.0240038553020745,-0.7377132816409391
0.5327531375437168,-1.1226712903897238,1.4431473570103082,0.6876282704649722,0.977290422349544,-0.2107116153978477,1.1535326821626055,-0.056678164913477,-2.0789765659447026,0.6095820146584723
0.8511617169201905,-0.4629330098264247,-0.1258179317514128,0.5476090974922025,1.6399656035498058,-0.25067331991758407,1.0196838727709794,-1.413927213482708,1.2999166656475287,-0.40122859432577407
-0.9522356779350214,-0.10680506814234286,-2.395829826389868,-0.9297850121603188,-1.6015220504191068,-2.2069633841471066,1.7589470721759866,0.30493040129006926,-0.8115140559404131,0.08488783247200181
-0.75366114429952,-0.4187267268713831,-1.4939108981049851,0.7832167612538818,-0.01838772064046103,-1.4663606809086922,1.384087759784583,2.1947680110588235,2.016547726491513,-0.56135103970452
0.04537845628189481,-0.1261728179538094,0.8518342489371693,-0.8142557897418515,0.27761772065656526,1.4390680872945956,0.539396923831266,-1.405635834937112,0.45131909845811985,1.2178253940645425
-0.09340843206519604,1.088809550844475,1.0430122140238782,1.5886360679533418,0.02559170253134585,0.8975351565265812,-0.474127152388646,-0.3824321564548066,0.5292420511338142,-0.3681581247114146
0.5412621462617812,-0.7249986265261077,-0.27506663870802783,0.02267459921329355,-0.8024188766452268,-0.9109402229687504,-1.0610877167918749,-2.3231902214145532,-0.51887077242203306,-0.8013901163860905
-1.3422124539365807,-0.7104948940488574,0.07926661352747119,0.9598841633819938,2.3778390296737455,0.29772904794065347,0.3861083560470383,-2.254600854580621,0.1640053366900661,0.12849124354685915
-0.46689817786485965,0.8111637680677437,-0.5524976110122566,-0.4691270699776179,0.07729344332324188,0.0886536713237923,-0.11219378928972376,0.5783099504922637,0.12251121068767216,-1.2123198810563376
2.963814031037753,-1.1861555589985069,-0.322153291204547,0.31573212042964544,-1.3245858309347311,0.592118436913843,0.18911559417927923,-0.03464494483871183,0.5220108606712155,1.7195148617795677
-0.6420660817977966,0.6064362319386906,0.8500851429303702,-0.4630235513498465,-0.555023258242532,-1.1755389920940025,-0.1747288031629944,0.05464009563309333,0.4800522272341938,0.5937379597674722
-1.4868485100823012,-0.6010758923350207,-2.2241686472934714,0.7164354099359628,-1.0285471726898974,-1.1268138917633723,-0.5542447035518625,0.1929474601577724,-0.8175850400378484,0.4960572273162401
-0.9500669926351856,-1.6036767136764267,-0.17413686044012552,1.341213303969513,1.5431720524960688,0.575885606381584,-0.4570745414442931,0.44339067452426606,-0.40085492571674497,-0.2183834306732714
-0.399895730952331,-0.07041836183610115,1.3642281835009062,-1.0496651322034338,-0.18313993944160803,0.8367070852702424,-0.5542393869928687,0.33474577317959214,1.4060287566056864,0.6762603431009092
-0.28156405555303804,0.2599876809056932,2.384963913599283,1.648754674459019,-1.2813256788845673,-0.16635529634796878,-1.7729127363036523,0.4525991275615904,-1.278483534893584,0.25097362971420395
-0.9503442206311864,1.2503306791717868,1.637339315218785,0.1378782146147643,0.2485165173826195,2.977845274982288,-0.3373145118327398,0.2889908948115384,-0.35409381775188503,-1.7062194713946734
1.9308102586211429,-1.5827533456985423,0.00975761990941767,-1.3231130297249305,0.9389542086924878,-0.3736532101914108,1.960030795642196,0.3696583711381438,-0.2600141201973168,0.6362809364792739
-1.4840905400619366,-0.36611036054720464,-0.2894311206962954,-2.652713638960307,0.06871635221033452,-2.334558360606321,1.1293662800921755,0.5173015855679518,-0.2599778222759012,-1.147572406863573
-0.6310773630354642,-0.22562482064560344,-0.9536931930114156,0.5628130458389523,0.5630235366187069,0.05111472999928307,-1.8263028918952835,-0.2687519291505604,-1.0089679375682283,0.2813075812156336
0.3312587865107514,0.00274175704753603,-0.08570735225613717,-2.245359899537976,0.17464978793504837,0.9853342446311874,0.5744069156688199,0.3479679818743095,-0.2262739043959273,-0.651695114729388
-0.6932105415139163,0.7304146242448556,0.953362281534232,-1.1327856129670957,-0.2987161717922124,0.1920452839868361,1.7947134159624685,-0.4828839227587085,-0.5617771899252377,-1.6308613661314824
-0.5556283402977341,0.15915692857605465,-1.2520908088022862,-0.01891757873948443,0.5808841846198614,0.00689394902152896,0.4045659091656985,-1.19781201316818,1.450376471345405,1.1318887943085825
1.027721209112014,-0.31806331467909194,0.8394413090607808,-0.11904347278795202,-0.4603937743557274,0.5209128953266318,-0.04947907426072767,-2.0466876437432315,0.7285400165690455,-0.5928358857206909
-0.2067882597237974,-0.9821267958859916,1.001112935438515,0.8666018980864507,0.1104192536832478,-0.6004308872686775,0.11590391900673495,-0.3442268377249549,1.6749570941184788,1.0953908087002322
-0.5059210264297028,0.4115200147171576,0.5962183185038249,1.8680484638682624,-1.027271255842287,0.41555809788577247,1.7049085215819153,-0.9216318028376036,-0.6402630604440779,0.21926924770748937
0.2572512822251904,-0.4117857362051934,-1.3233970972077165,0.909827036050278,-0.7225159141498612,2.4635346361210138,-0.0997891887012874,0.22885966353038495,0.1098493109609229,0.21664049107709052
-0.5873283913082501,-0.897449336504783,-0.373264405292191,-0.5288213181996679,-0.5944936382413277,-0.2077289392526424,-1.1607252588588512,-0.9602632378310572,-1.8466572468832572,1.4534576828830328
0.3241848316766288,-0.4723544657134702,0.9430550810904051,0.3482363066290642,-1.452606239344698,0.32393338220519274,-1.8861217327572424,-1.43593846414273,-0.9084466044269606,0.10024431452272922
-1.7670506949768396,-0.1884971840544871,0.5440468136784965,-1.0122951352278884,-0.33954382557095614,0.5435155783963826,-0.8219211995142425,0.8259611737602588,-0.0500842624661907,-0.37745642979240346
-0.8415329434449059,1.0185167109035316,-1.6578790607885228,-1.2909105220908836,0.7914088294326126,-0.7313477971012676,0.43536533486216217,0.4929791691912294,-1.2538078297637492,0.01230246463944436
-1.1478945049048508,-0.639515677418331,-0.16078500339238622,1.140306940589678,0.6770901528738168,0.3691558486928333,-0.6880929711133582,0.5064926533807294,-0.6236553696449768,-0.6916297531156764
-1.3015218735217813,0.5772542269311349,0.6333050200219981,-0.40356275223316823,0.06004939410113463,0.4000235662044001,0.9733142649983636,-0.7373831092577003,2.2611458729124805,-1.085231673924378
1.1024480093831943,0.8504495902415437,1.3129979533452572,-0.606740716188422,-0.5307458502785574,-0.6529754183591641,-0.3095514495103725,1.4210561040022434,1.6194710651241222,0.35840194002503106
0.9569731294163828,1.3211059575399984,-0.9444810828909244,-0.4362283281334228,1.1639710008964417,0.7528238135269639,0.6014382954256864,0.5592430436111866,0.16037180940358525,0.6414044478857156
-0.6672696567981913,1.800070862077061,0.8642257050542684,-0.5946211984613088,1.1138532950121354,0.20502382372408923,-2.350315974729875,-1.9093342925865815,0.8441318507466012,0.4132847152504482
-0.8372588014317578,2.1780202122344527,-0.46084621800582914,-1.6355566249345566,0.6873399919304058,-1.13464995269028,0.560906032189437,-1.380850681752577,-1.0623517968486496,0.08929664977357177
1.3374683166502928,1.0622389673977208,-1.5726713170300195,1.1612698492718974,-0.20285706859105407,1.8590871817098145,-0.5146798590104018,-0.2391889012738163,-1.227758175406329,1.600090896588895
0.5457514967952966,1.1249130912483,-1.3853252767159003,0.6619101410521517,0.13361858563554288,-0.6782365265968152,-0.1997870687009579,0.5971866987449377,1.3815001928569794,1.9756275144276747
-0.4573265460705443,1.560932525944993,1.1534064954861414,-0.04071718099931012,-1.0785264596007265,-1.4101253779009386,-2.1076255944511955,-0.5079461531237062,-0.7845524575698618,1.171252270271664
-0.5977356718244852,-0.5896545189679157,-0.4226504807827733,0.04579299210715536,0.5885437167858301,0.8861000051713332,-0.8789406549338256,0.7292491270221592,0.02121683406295555,-1.1024827119506009
0.07262133869954306,0.5535875912179785,-0.9252534756740394,-0.7022811490251153,0.6590267231675727,0.24337062132904833,0.42044135477206424,0.5950799131471658,-1.1411845355130794,-0.06448140438365269
-0.31370820057147525,-1.2938618594452744,1.7192965499039607,0.4416502429086997,0.42392514731623693,0.4370942689054303,1.375477172210712,-1.812226110850765,1.4483945469816026,0.3863655976779205
0.04998420583140571,-1.2877624414978297,-0.4508098599589726,0.00800379196278414,-0.19584548526900392,-0.6022365155071683,1.0043753267135007,0.607801169716051,1.3445748282336316,-0.4744010262899134
-0.824754534004001,-0.9562913350323532,1.437734004664299,0.6982552887676697,0.21809317697795516,0.9126082712900248,-0.447658174515503,1.964359887343474,0.6597412295556778,0.8594523675524111
-1.7448267765400345,1.18100718854979,0.47241013056196607,-1.9847365247288988,-0.13841780169523205,0.5198814310048179,-0.3288870488934726,0.3881791442180838,-0.6177443906793161,-1.2591234932714792
-1.1354208734712217,0.4506042444702445,-0.8437560157255413,-0.06354396337041769,0.18118009166052945,0.20839716366336464,0.2516138422761744,0.07447413570645114,-0.4946826241428799,-0.05586835883243555
-1.464291985646732,1.464136782118066,0.10082237371401637,-0.658732646240525,-1.7848218677879553,-1.3862030498060447,0.5170300759473762,0.7824777668630717,-0.4225475129898501,0.01917355398353036
0.8542215908558334,-1.7953166394198663,-1.2230697551671323,0.914719296837716,-2.097919445209109,2.7363208336060927,-0.6761334415667117,0.8093061550071334,0.422843208424936,0.1435880278266609
2.8579676498054134,-0.30814704000906096,-0.3607651015266969,-0.16865123821577943,0.14467800749476087,0.1300686633784952,-0.5654227434343202,1.7709362626601663,0.660496613449276,-2.0860381085254054
-0.2134778176207151,-0.07502558375482325,-1.0424937476439329,1.3132823693844704,0.2842430154120719,0.07952485104489596,-1.5819407973698356,0.6037573792044344,-1.208733294018348,-0.3902075634849772
-0.3629695399623592,1.6900353161879202,0.20424019965859827,1.2177865738796965,0.3381336133579162,0.6051255231513117,-1.0550167431141708,-0.2216402986906749,-0.7168179106139452,-0.086345319543453
-1.2285847154116931,1.362006145415664,-1.1455601631035552,-0.51862175113587206,1.5922116026478397,-0.6851029086610539,0.13480488969509216,0.8820829299879308,0.2272980760417898,0.15520758439609927
0.8849860404151108,-0.32603561672855574,0.24708656372595897,-0.27616963125485755,-0.78117638150478,-0.2927907035770038,-0.4302828709361269,0.9979769782196056,-1.7544725554199954,0.7516205731602065
-0.4163098045241124,0.2155444245470672,1.2605974263302042,0.9407461696494984,0.2069855947849305,0.8078489686888974,-1.39466587413115,-0.00392687262138338,-0.41139755261331734,-1.3099030692451823
-0.7490133092510264,-0.4447550524203032,0.3930257053715976,0.12067838347287076,-1.274116901789552,-1.1091030420637713,2.1500964142055796,-0.04474041170394696,-0.752724538273151,-0.5645082856149246
-0.20961296754040457,1.0246227747676144,1.5748718110156272,-1.9922309110479224,0.14717134632940831,-0.4487954253564869,1.012795360246877,0.3215267539456646,0.1276248846703839,-0.21743611910662616
-0.2128575344528809,0.37408114727222136,0.8458387615594881,0.4599970973820216,0.3344923629429172,0.6415603981610366,1.3121722023801927,1.3743041936690883,0.4911331391093764,-0.605223742223048
1.6489119099837954,1.0164887411401908,-0.6820971084606967,-0.6266251994024807,-0.5032996259448496,-1.4730076959824745,1.924626390377962,0.19692877023960367,0.4911481198204148,0.07890418520753895
-0.060307522013,1.7382902247511454,1.9132375338350112,-1.0263154911323007,-0.4879819529457859,-0.0464803663148339,0.8031558299179583,-0.3234235389367987,0.48513274415774627,-1.7037290836090664
0.01482446296075055,-0.9189075885393664,-0.9956078343229474,1.9812131930726544,-0.33632008765339283,0.7480128693163415,1.7300997068351756,0.2744990846022032,-0.8409898592659465,-1.27433687805218
1.7995655774160102,0.3981415864979052,0.8461503818585729,-0.32841684238351837,-0.3010740682645246,0.9261273895080384,0.21168890269445467,2.0002567435415908,-0.7293914341027065,0.25191164671929656
0.623646947800725,0.13475627474859322,0.8861844341150784,-0.20943865290314873,0.3113220112451602,-0.5942934094907966,0.908467316181464,-2.3242630670768905,0.5939726628623794,-0.01580747507500344
-0.6204962320724428,0.5052946574604095,-0.5554059938901967,-0.0627303068535475,1.2520283712417577,-0.2737428154723968,-1.6638268541650958,0.4732806606447707,0.3277705764034089,-0.08618533840215849
-1.0778754234350834,-0.3751084024019819,0.77862765826286,-0.9661965533079628,-1.3938651662807242,0.33424902324199196,0.7702282660693034,0.38989773838996,-1.5021029060996856,-0.8528640095657328
0.4528720753713541,-0.3164461043346041,-0.46667282583902286,-0.1407478428154762,0.5546022640944694,-1.1614113321426704,0.5206199132640864,-0.00252014385498746,1.09950987901363,-1.1319967840345049
0.817630379044629,0.8937541304809912,-0.3127527340972799,-0.18927866774842875,1.3097624937971852,-1.0205750130862596,0.524082333079857,1.950433300643329,-1.3618896951601085,-0.2620380488969601
1.3885565133022328,-0.04637269642906798,1.0310494827297596,-0.4227740828673899,0.4988970746857865,1.1763484865662346,1.0190198937922452,-1.5656346752388726,0.21638497883588867,-2.142240584548538
-1.7982996943057514,1.2692352723959128,-0.6467407234635364,2.3651542339748373,-0.2990572537894761,-0.6109972297633082,0.674791485425227,-0.2579189421850946,1.511969223553333,-0.6881440380371743
-0.11720093805576992,-0.1906895303454,0.4890293180241478,0.5692144944581745,1.7206623202603142,-0.9857986625612984,0.13439733956850278,-0.2588542933250352,-0.5389539905821842,-0.12668198091476213
0.5019853800691652,0.04671400586212611,-0.8785007240592471,0.9192853321829368,-0.8036349348508138,0.6905216785073075,0.31826332283797226,1.0341570562529665,1.6031936980373964,-0.5117974272400819
1.4110750721037215,-1.4512818178627869,1.420484084364331,-0.6315413331598001,0.9351322823757576,0.5650445002291019,-0.05013352277484061,0.9836945528750024,0.5248920363882937,2.046354161118491
-0.9347231790740612,-0.6615639651269322,1.27657585402663,0.2856903260408082,-1.0432235475552147,-0.6952063259647381,1.0632976711616144,-0.2027199324887324,0.1505856592575983,-1.2957483955638087
1.2432462019447237,-0.3154379684867468,1.092978609788498,-0.6071644680723429,0.6782392045798527,-0.04454428920434795,0.3040204325408836,-0.3836641439818595,0.8879787604546077,-0.5628399503646129
-1.3314728355401253,-0.908018059732558,-0.6629701352553864,-0.67014240642678,-0.07945696113699853,-0.19108682572369623,-0.7012850054700479,2.1107529833451406,-0.9707924724229676,-0.8506361893216831
-1.8904627035646404,-0.228524491249802,1.204313426069232,0.2549730449270837,-0.7285097392329218,-0.03075057844030488,-0.06484852612487925,0.10581524959201738,0.17874841322640475,-0.4109214270965704
2.591880176074035,-0.34655116182099355,0.3650040422399168,-0.38083679618448674,0.12288146367694427,-0.30901536501641824,-0.5227089333733087,-1.6361100181670702,0.2887511368852205,-0.1982563094289523
-0.5083107047407803,-0.5698572433740555,1.0779615881423577,-1.8944807771499304,1.106312894529006,0.8108595513095554,0.8112397148555106,-0.6792439830246924,1.388280010904464,-0.4253193284101805
-0.01739595379751042,0.1936094038103735,-0.6909749979079843,0.975248684205552,0.5855046182244761,-1.0282005888992858,-0.3143065240971683,0.3559446557119133,-0.3898862967812351,1.346625601015027
0.14187254368934454,-0.16871102387917042,0.1951013781604648,0.6183282254558425,-0.07587612170908069,-1.172394878009586,-0.3779921736771221,0.5409124660090515,-0.47966335538284666,-0.06708615725624469
0.6677389916532345,1.373441372591705,1.9283660447758697,0.7117174202500167,0.14194767792638874,0.38864723245402383,1.9899745698753772,0.33340077899180254,-0.33220443974294045,0.5400313406719456
0.4754686063486593,-0.5898061004949494,0.21675250212707353,-2.8366514624621786,-1.2321909351330296,-1.681993901143206,0.6031795345449845,-1.304426058649922,1.4514706178343697,1.1092238877877203
-0.03186038027622461,-1.4546267815848175,0.07809766485399423,-1.439848723503112,1.5622101686961565,1.3513187109754587,1.6041747263241404,1.2555135581879004,0.8584044305594136,0.21486159952926953
-1.8196193320596512,1.1591684558595363,0.2778178447750185,-0.27812502571421016,0.6604812337806921,-1.9225089012425085,-0.99383466381809,-0.7794052880404347,-1.2569749769001457,-1.625146268455251
0.7881007782771653,0.0950457573125626,0.595332156365677,0.31529912398685395,0.4437634203010642,-0.6561214514981009,1.1286212179809303,-0.731075043819008,-0.5499372914522342,-1.7401728133090033
1.5510561946546342,-1.5230109287663265,1.0575457185025192,-1.2774026275753436,-0.8607535553746763,1.7532884312766377,-1.5977521082564297,0.2158583813778143,0.8173523472376988,-0.3678587702964928
-0.09787361570123616,0.916034341646612,-0.782086921748655,-0.2524669177606338,-1.632487582020184,-0.64022479825784,-0.1339893446063821,-0.9433807981413126,0.18048905500432583,1.1180515206122514
0.2934457217241152,-0.6843993447826425,-0.5659622874713669,-1.0406304950765233,-0.890553538531103,0.7614067992592457,0.03450161771232133,0.7424723402292857,-0.49307698212968426,0.38704007038262705
0.02844806872455093,0.6983223469272563,-0.5811531303266142,-0.5615548025410455,-0.8281240445094523,1.587569676993129,0.7155063142193019,0.897615905196261,-0.6758456427443513,3.2127971539737765
0.4865857333101246,0.45837816879900234,-0.4463293731450499,-0.7101050807506172,-0.3570146312605279,-0.5363782287779915,-1.2960201122781003,1.7126080790889338,-1.065117633842265,-0.4878197228001797
0.00864968170172448,-0.22513874779658097,-0.17720355750493158,0.15955748290226257,-1.0135259728341752,1.440553140625543,1.1471668391494942,0.17806594658356636,-1.2278265258583985,1.6008999891126403
0.9292619354483362,0.9855935110166126,-1.3345207746361114,0.7097150124202131,0.1768527425219472,-0.259003179405833,-0.01267833353647908,0.24040257279514865,-0.2530486130410842,-0.9986612000616965
0.7226332631284208,-1.1988871776138936,-1.1032066603135715,-1.8276993599901492,-0.7907595252079369,0.6172003028133043,-0.6818961474335071,-0.8231831626997367,-0.619525531222904,-1.0025836492788545
0.1729192737543506,-1.4171317314304348,1.091065995984869,0.6676230351311575,-0.913733906129163,1.5175538057487643,0.3007333997911275,0.5954196465672464,-0.8276856047813542,0.498366316741981
-0.24152401239785365,0.07736728952937635,0.5293177022231919,-1.7493595882631057,0.6990916946523034,-0.5697540687637336,0.33688711595008153,0.5525054578616636,-1.3673564441649593,1.5796133567645458
1.4367305284982197,-0.3305253278832289,0.6819294393692291,-0.45275062553460055,0.5171782262014489,-0.5360469018629631,0.02976822712537336,-1.308833243376676,0.20880607692195327,-0.5760705453394782
-1.0506968860266368,0.2052340088809363,-0.03963546843685614,0.7013373195573267,-1.245567973306143,0.9994864569925676,-1.1861945845366688,0.8189061720437998,-0.1567461331564657,0.3855180102516368
0.0928811279748906,0.3604213141181948,2.0315690123353916,-0.8322077195941582,0.6092924160185248,0.01184178214265657,2.7105900791276727,0.19074780379453532,1.402806805779938,1.4932399631742796
0.13527370963496704,-1.594256292921271,-1.2465730171920686,-0.4494150755267603,-0.593046450781331,0.3343960733945971,-0.3715581291963688,-0.450716199348742,-0.3457260567022046,2.275112829733663
-0.48749064927018354,-1.8920852267363617,0.23566467095608024,-0.13481753336697735,0.5424957084579575,-1.455371452835339,-0.5846218323250717,1.353086609869187,1.148552938116229,1.068946182348105
1.1211334780484687,-0.107610016814326,-0.20217049851706595,0.3726354835247064,1.4922775520846632,-0.10605429203299958,-0.6296727974733686,1.7096844902246893,-0.5514595565998656,1.6512385146330544
0.4840332951569867,0.29914821210403214,-0.8286113675379702,-1.666473576798846,0.6355873603762026,-0.19223310043156383,-1.09843332979132,0.0482147285516251,-0.7187885745278392,1.3078359352588291
-0.6879581129498443,1.9938027017678548,0.797249549630048,-0.7561551560576798,0.00935942816869532,1.12450628327531,-0.8497499421879965,0.81098325653536,0.5387665254576434,1.3318241640491726
-1.0319635546232058,-0.4699757543085631,-0.3862238772674996,-1.5304072764997405,1.8362270102155525,-0.03429651763063743,-0.26122245092051244,0.8831645409523792,1.14227893247092,0.29712267850970847
-0.25843542796127833,0.8087849364826967,2.3203792734598654,-1.367224921028901,1.4549446076728985,-0.557335035140086,0.5076351381620764,-1.157721761902479,0.29180113442238365,1.1881106807833477
-0.10506608459651016,-0.6102041820263052,-1.0372855417751856,0.24562820390445592,-1.0553400556006127,-0.253918173820868,2.035073630492766,1.0312125905620495,1.014039416173068,-0.1145705887855903
1.2798293007398105,0.1710087191421391,0.5725770764113729,0.5276098707833944,0.804164476107991,-0.3864919902934178,0.46363201337274784,-1.3645498958990954,0.33952198254371474,-1.502592426803567
1.305892142106554,-0.30230866667309864,0.3507379321950017,-0.7979189913165999,0.12738105425116486,-1.2847128283487776,0.8323564041740896,-0.5552430921861984,-1.7539536229990014,1.8916345606904137
-0.597670923009129,-0.4406560209700193,-0.8170163143744417,-0.7352659890769813,-2.8164588861723145,0.3273169969755748,-0.12897143832222574,-2.1752454577454228,-1.0537579013038345,-1.1821817804599275
-1.828748295272956,0.14052379299432446,-0.47096600776955977,-1.0059950997978082,0.7278627238805608,-1.3195590771048802,0.23866000816067856,-1.0296598484425157,1.7587252691657853,-0.7621672426401563
-1.8572342490063691,-0.1058142359225753,-0.9345203553470685,-0.5677101107258213,-0.7137493852443075,0.02297137482609236,0.8444118687472634,-0.4705336400127737,-0.37769134259433673,0.2443161145365632
1.0662727900583988,0.7260714403445592,-1.2702514055482397,-1.2751227952117312,-0.9400368090457428,0.3191118159377858,-0.2109302665969915,-0.4102672826444476,0.35888699122444945,-0.0241434301954163
2.6397911046296474,-0.28787444343319607,-0.03447874114819256,-0.06226867577863864,-1.5919643401111276,-2.0762825701523777,1.8764885606814057,-0.1662881158400884,0.08216337977718544,1.0077103394327436
0.21173878535507001,1.1791439811758158,0.06301530732987726,0.8945713326524737,-0.4615782251286936,0.6316081212062317,-1.2385988074425616,1.3329299258918483,-1.480806828124087,-0.5026829437260381
-0.12345046061955062,-1.139826496735566,0.5697209941973885,-0.8154640226892573,-0.4205068210473271,-0.9214491360176652,-2.135420118876192,0.00915783205430722,-0.18065476017085397,0.3301437777962575
2.3753034382005693,0.7328483813520617,-0.02368147633317365,-2.2175014889353153,-0.7272430695976448,-0.402709796046966,0.3997612976338096,-0.20445870613055217,-0.9994287504813631,0.08047020976216583
-0.9818271161522516,0.9838495551195748,-0.8140212828593202,-0.5668982506496977,-0.6471092432081877,-0.6831339417601133,3.116327969027758,0.498809971163962,-1.6673677862552436,-0.6033473691539902
-0.7661585776383626,-0.6723890944113562,1.0635263878019476,0.6811582240318664,-0.3116458853034514,-1.98687240117834,0.7039528755661075,0.07978920571711606,0.09323523091578942,-0.8926114374103522
0.44664746397248223,0.8677655985896257,-1.0567300236748491,0.27246501421506575,-1.106027315663823,-1.2559008734520662,0.3996680260909159,-0.7101640773241247,-0.3277564188349374,-0.4384989052974316
-1.86961442872165,0.5123127020748254,-0.8870329182319721,0.6582794916297228,0.21906414539569305,-0.10186676372226768,1.053339098810103,1.106337556813619,-0.6117648457582696,0.3676417542209428
-0.5559958914248009,1.409282162003627,0.8501040836480138,0.7628946472159159,-0.5619841676262098,0.15148373152478736,1.1460528413523574,-0.6922442125470264,0.9985246672379506,-0.5322349864308151
0.6401440533498177,0.8602625882942525,-0.945418159914045,0.43557951199798933,-0.6978440275697625,-0.6844044429420257,0.41584094200142,0.9905499234413636,-0.32310759223452024,-2.0306073857632305
0.8624995175425234,0.4581010771975479,-1.349477435956065,1.5679437731967758,-0.302239574218779,0.281240929736982,1.4653155159650002,-1.5273334777701977,0.13532311218224352,-0.06034205819418873
-1.2407929351726583,-0.7024243565563769,-1.5424431588558225,-2.7401654272923723,0.5699802705611525,1.8428722772175097,-1.5965932618652725,-0.457852376342337,-0.6158480147142785,1.536473514925571
2.119998589803743,-0.976845093094878,-0.2763881854715605,1.498483376344513,0.01918353682205428,0.11345381516378487,-0.3477532255104747,0.6178417788198645,-1.2513020296813064,1.8046859699871132
0.6990118963889348,-2.010294820502087,1.0775382504127586,1.576214155730558,3.287060778316563,1.131907336691058,1.600145941893577,-0.879240956659254,0.5374857257456095,-0.5890933764345546
0.49107415095523366,-0.7839827144144763,0.23442231345385395,-0.3568943900784791,-0.23610397086314777,1.518893756475132,-1.492035316158224,0.05229511461136816,0.4856092728196151,-0.7585776314988082
-0.11401241823124728,-0.04341344466429871,-1.6558298178517006,-0.29373658410311687,-0.22129537729147208,1.10110410965756,-0.9069154489758438,-2.4004196632749375,0.7148887033049611,-0.5822308817818088
-1.0838864235315304,0.9948774227556544,0.46924602974520296,-0.5013283879621038,-0.5997642470022535,0.9504840277105064,0.716845193487496,-0.5171442302058089,-1.3132754988506756,0.5270103444905093
1.3891070638400462,1.8031744173441675,1.7504104402771217,-0.8297718952051025,0.9820070841231148,-0.9424862298697806,-1.588886235503984,-7.6281767373337e-4,0.21057652919346212,0.22686144209105497
-0.2406717252408845,1.1924191303142182,-0.17152637281672872,-3.040818273311338,0.17031755530254433,-0.4127575395452438,1.2893345403308518,-1.5378817391095296,-2.9474672047520847,-0.1473964600076767
-0.22449437166217004,-0.5568530371605536,1.7845624255614845,-0.7184339030101694,1.2423652418808,0.4113598519747645,0.3986596795958739,-0.2585884137202848,0.21788128581919697,-1.938424186944087
0.6632888825741156,1.1443141923636724,-0.2519930063876323,-1.903202053121572,-0.1844939815598668,0.3850741734247775,2.4409878575084267,-0.4837263983590485,-0.2033727967643546,0.41060116238321737
0.10505252013745432,0.30822330996798375,-1.227215413621571,-0.013161239300837249,-1.1532935537380054,-1.3993282845244734,-1.2820422337734927,0.3153485109918278,1.6534162357322262,0.19542189983289543
-0.741284820306907,-0.0914827525284384,0.5728286508185051,1.475295196254299,-1.8815378540969203,2.414334877655446,-1.016981727114924,-0.33963736531752536,0.9257893644707694,0.5740666064964234
-2.135392469536003,0.15046196439224516,0.5384688928864815,-1.159526103019122,1.2511311722966396,-1.2544205103874229,1.2135415252281792,-0.8530304290032658,0.35806896012506256,0.978038443704652
0.285012995639612,0.14916860338124227,-0.6670205818179955,-0.6749550292493629,0.7503888464544035,-1.4649622491212246,1.014024716064574,0.4834985812151349,-0.3308882689613664,1.0396379657324637
-1.0150463483737115,0.2799220900901715,-1.8441971776473376,0.5956552836564739,-0.18952652388256627,-0.23867499668419775,-0.5402374896234592,1.2416675081181812,-0.6206202327875039,0.5164849516996016
-1.047782542245954,1.2181934541793844,0.5957805266414317,-0.4751511731307528,0.36354848685698377,1.5516860631498155,0.3518577838672292,2.4077914370079965,-0.900797600837942,0.767275071513807
-1.1404314165120193,0.20962462719872524,0.5122496705351322,0.5114091137575119,0.6243209987402408,1.47515555298101,-0.12897925817406308,-0.1301488458759689,-0.52842505463210665,-0.48803481417443806
-1.474632642667642,-0.557466407245073,0.8553675429193632,-0.14758683555556154,0.7531937940260205,-1.0686653642282908,-0.04708628698004583,0.8860977099148641,0.7072764865961941,-0.5104165612531448
1.0730129779442543,0.5579389087338069,0.30219503807996967,0.13087092507841136,-0.3761463676396891,-0.27758165930965106,0.3971873455999416,-0.06321215427310377,0.116606846037345,-0.8274266632813951
-0.3798531554908445,1.8024126521632404,1.1440574926867375,-0.03245999961952051,-1.3482018800041844,-1.005815227935546,0.4493018372861241,-0.218211673722472,-1.0710332079453002,0.7345225479021509
-0.395798002383149,0.3027407500874343,0.6521243866894975,1.967143125725594,-0.3996417827211128,-0.564429743955928,-1.7585702963290613,-0.1820721794897317,1.4130613141661206,0.7444247537863141
-0.08396556156657202,-0.2494974046513588,0.17313358113753985,0.5156659106957334,0.644277282446884,0.1774515846804179,-0.17703241060077354,1.5812789618909533,-0.9663744836890518,0.16590100904331387
1.5066699792399814,1.192170985964844,0.2307416141390274,-0.24715527364068285,1.2299556382839885,-0.9319901611921312,1.2234418215724412,0.7523470689783451,0.5070064258150925,1.231304579670072
-0.523977291299544,-0.2935958445088325,0.9660913115098936,-0.7815948118102275,1.3368560739959832,-1.4755619262628334,0.30339363321103047,-1.513363532732855,0.5550103363245196,1.154101801667908
-1.237968972425867,-1.2457933247508564,2.103066030234435,0.4903440454491804,-0.06967151213193214,1.8493297589606077,-0.3226009743902677,0.17396779356938302,-2.072888992618404,-0.7562884409102295
1.0989923165339304,-0.8067216051147046,-1.86412356022436,-0.6647107277993989,0.2861093354121039,-0.1959111647287436,-0.24290608944856623,0.20470501879923075,-0.88332374024609694,0.0479379244766042
-0.19596614928577327,1.556760922492119,1.996893889155605,-0.12425992977817304,-1.1630304394318944,-0.5034552180219115,-0.02300012980389879,-0.9666146503025062,-1.1151820436155246,1.1082954814998964
-1.2396496180129748,0.28867531215468567,0.3126536508392133,-0.5740487521106196,-0.4697521534261356,-1.5806242822274617,0.2769778940754667,1.40228393240903,0.47514984459307696,0.12936472693498408
0.03572603125383652,-2.7019217589013693,-0.5875683228794979,-1.5874244149426424,0.7103241342026895,-0.00506926005765652,1.9331815747955896,0.12787144332497766,1.092652750815042,0.7539429981927053
1.9306183604770404,-1.5278647753365138,0.5906950006909226,0.7923683599459017,0.23222051822758744,0.4318861335147353,1.5769094523532272,-0.6894336092505584,-1.205763113119974,0.7133337934995524
1.0365034819279195,-0.7413931323458002,-1.0187516459041523,0.04954236875394983,-1.230494567566299,-0.02873483906142867,-0.17455720689202653,1.0535665892839334,0.6310092041183647,-0.2891857213127115
-0.6831878142256307,0.5649318748180956,-0.6183066356126838,0.27373625776668925,-1.5720007634993536,2.1377543077021315,1.3137855475251294,-0.316016558656374,0.8720437976576255,-0.01586764110019706
-3.144553007545878,0.6690405159370867,0.6275143141881265,1.3679886428914103,0.9719809359098278,-0.1233382591355106,-1.041579910301456,-2.0062581858241297,2.531913043604133,-0.11583812937601087
-0.22930439975135497,-0.48552276880204,-2.2551530593502735,-0.11724506551314588,0.5894177882832874,-0.5719385280182107,-0.9257679934781392,-1.6987539151036506,-1.185067189768129,1.3456617132834694
-0.03809886908498403,2.4707599477874744,-1.638598518142251,-0.49422330914238555,0.8712008542536226,-0.28080777125065914,-1.086290899858511,0.3311062715065609,0.8421367220657984,-0.04600033036024185
1.516087239139435,-1.9362637364509168,-0.7083581277563089,0.9037166932147274,-2.960108315016498,0.18473273649596172,1.0255718991751257,-0.7027488354846788,1.2796296270402077,-1.2217403973376189
-0.47096427146780767,0.2663482981928529,0.02815063508786933,-1.3494989745662402,0.4019338838777432,1.1037728377085942,0.7899710239768009,1.0840977317893374,0.4709370313611372,-0.1949693283023397
-0.09563504474866498,-1.0248420332934698,0.8060967327894034,0.6600529225287809,-2.672824521519173,-0.9327109014389632,0.09547027135974975,3.174297356891167,-0.35967462802624195,0.977183324979219
-0.38482465997883225,1.2002661491453592,-1.5618193242204774,1.417151342857902,-0.7009545526418888,-0.04569891024129368,0.2647881495871868,-1.6080632537103297,-0.9175276122561709,1.2148356534018545
1.532637088237908,0.11846280648274148,0.23469453676281463,0.7385595723161027,-1.481900411116014,1.004783483348822,0.3979419906212227,0.9962459076953312,-1.141899670935648,1.838366602119316
1.3137258330054935,-1.0666681791834665,0.2482264908909358,-1.3674721119612876,-0.18814824968786983,0.7941358069663677,-0.501167152935436,-1.7875926001629785,0.28388164334198196,1.0670790253743905
-0.7166829406373033,-0.6188061736613047,0.22488781385918905,1.1384553986396675,0.9444072617606178,-1.078914524465041,-1.0518733926270905,-1.0852759912722223,-1.2392104975489135,-0.11179864377310214
-0.7102940248661015,0.8771847605026433,0.9441375644452648,-1.0402067633537109,1.1415086579687843,-0.09766701364424968,1.4596986940838546,-0.4325055222632267,0.4015037836796679,0.9721818030560332
0.9048079431023331,-1.0821246501784734,0.8221472343484576,-0.24377428464031373,0.7110389451023407,-0.00612001001774594,-0.9856524821106382,-0.7178362386806003,1.7663010064893772,0.7655011222243383
-0.4860206423797167,-0.4045985185704418,1.575731088923024,-0.2545670620623645,0.01090944848554479,0.740042772450388,-1.0824358436784636,-0.12243054254906233,1.0910322869743156,-0.01112354899864069
-1.43954861167378,0.23871733581801632,-0.22431055911335052,3.518635403891236,-1.84515531737567,1.1854451037069855,0.05255707135840472,0.9166533352750662,-0.20029632803391956,-1.018590696115293
0.18806556930967408,-1.189216392398584,-1.2340303965442496,0.2289373370623958,0.6469905245797315,-1.4334564708069724,-0.7370333083996778,0.5616764176356907,-0.04032771152855759,0.6900373743137502
-0.7297251952615578,-0.12291393177900128,-0.3198117894986813,0.3864557325353085,0.11825202431534088,0.8683386907161553,0.10541253151541308,1.014495914733218,-0.07149956219170225,-0.624819865541614
0.7803086206047588,0.7722638676306346,0.9615392110761168,0.7312929250318262,0.5881038384483588,0.8643852628086856,0.3376243171309792,2.055156411404032,-0.4355961306838348,-1.323013981004494
-1.0573504598091448,0.1890125510763364,-1.612920469624498,-1.0672388053149255,0.4097077790988531,-1.2703610551489333,0.4164999757396336,-0.36360683717842635,-0.7267033286078264,-0.41512583150011523
-0.9358043846806404,1.1137247034287416,3.0382558213426196,0.5905074241297492,0.8133307338270003,-1.0465344698752097,0.307871496731935,-1.1290943356740513,-1.0564388581524302,-1.552920987725234
0.3978506872328521,-1.1717570258456562,-0.6909453411888703,-1.1886319381385682,1.982870316391269,-0.13693113371483914,-0.7504366782257222,-0.23837083701088135,0.35759740138848656,-1.1612356408477615
-0.6686292318098072,-0.02432489214975411,0.7558060277950789,-0.17178193059097288,-0.8296000472833451,1.452132647384741,0.53625947309696,-0.8443363183127114,-0.763744534504362,-0.34843324663828235
0.749484502415236,0.8983981427145312,-1.6042675248878844,-0.33653466798397186,-0.7098786267671778,2.1735432539083392,0.4504064657792076,-0.8374272511611338,-0.22945029436233955,1.219402599319361
-0.23939652607307785,-0.7582331173673393,-0.6509153459677851,0.11572250576537749,-0.4965196152574669,0.45804901326323183,0.9639450168828678,-0.7771260337206176,0.9646771839577446,2.089095948922675
1.853600817507357,-0.713448656458398,-0.8186897757311178,0.00192042698088796,-1.6695559958831827,0.651384497818799,-0.5661241636447688,0.3986399036266872,-1.1269506525658617,0.0020597331212263
-1.4976915841393126,-0.9842025612334684,1.3374491831224466,0.7797795745078364,2.391119059475015,-0.9239533565594232,-0.2821884860703714,0.4092751945597131,-0.7186295114292467,0.5298398646321935
1.0282195109500871,-0.1126660748448902,-0.7231494412012762,0.1545987091193154,0.4299441869166401,0.3884240959424528,2.229875535103522,0.9648906923783432,0.7059597975017038,1.4771097115457317
1.0711044847042817,-0.5219621192200127,-0.00178303809167169,0.44556755054452984,-0.03711777512807218,1.002493813336644,0.9644932588901848,0.9515148215103948,-0.5013331140898264,0.956858469973028
0.21936945318683737,2.161160811224994,0.8321546592021156,0.8429583331676097,1.1536425249388844,-0.7034729367397752,1.1137017160650085,1.1266102234143895,0.6562083953749566,-1.2358092293490992
1.1259013517341696,0.6054346318223036,0.767409097030257,0.0786757532025577,0.3798459465290616,-1.6147957636769803,-0.6760050830902339,-1.2594855798235347,0.7548384715246949,0.618123852208725
1.026562016324412,0.9276768292427172,0.3681555632878464,1.273887687744916,0.15209855182416104,-0.895393993748219,2.143054154032811,1.1015218143713523,-2.342667973358921,1.046289938510014
1.9387858758227596,1.679066168013419,-0.06599869162476471,0.07223395272567676,-0.02380369135041776,0.737207915027802,-1.7266531408087085,-0.5962050627206101,0.20954577353013687,2.7127219221107746
-0.8195513338200344,-0.01026727822397256,0.4333752153041277,0.4194572608076413,-0.5915668094354389,-1.938026159716161,0.07534219740417532,-0.670396957005576,0.9561501377196424,-0.35160983335769475
0.549599001636916,0.8142895339241357,-0.17775297987958655,-0.8587983026580734,0.4514763291809318,1.6295933922589605,-1.1194074954676665,-1.3650762675318784,-1.0376191030512103,-1.305715012959106
-0.7143127160893998,-1.2219905140126357,0.19374735722193512,-0.7221118226243525,-0.7146088704463389,-1.0845668889336275,-1.2605011967784137,-1.4984716996179352,1.9793581252778272,0.6716246401855234
-0.7104440715928406,-0.315071930874409,-1.8543413744240247,0.8083253922200312,-0.5895952045527304,-0.7365505220040791,-0.26089783114514814,-0.6511451657704986,0.8252175517091835,0.8085833776409331
0.7118954813766228,1.6181140283311124,-0.3645295332447722,-1.387520891222769,-1.4820852455568143,0.17405684135033384,0.14015392795835716,0.03479415961449413,0.2485570712719654,1.8555750772275237
-0.4133172943892759,-0.2610776100147713,0.40850171512720657,-0.23714441674034628,-1.1596166823914649,-0.8387166621582992,-0.38264982938529074,-0.657916586157934,-0.02037100807828945,0.185529160235668
0.5895698046270714,0.05371528003826132,-1.4058027823775372,1.8591790216850608,-0.645614865153036,-1.059895027652271,-1.8019977207257587,-0.9461718297420122,2.568483816014543,-0.29810784503861704
-0.1662000790853437,-0.9764406267164752,-0.7736119760166267,-1.0789098974032476,-0.6862866242044365,0.2959627552536069,0.26526625774000456,1.083540368490426,-0.6751457327747534,0.7786900971929349
-1.2916700479818124,0.9594161932509606,-1.678724811801065,-0.3574519900485633,-1.061069669583876,-0.5766911097630953,0.14010796691850844,0.32616266440581293,0.45182224347795374,-1.28134805479976
-0.00775802886310064,1.3335651221263047,-2.560386977348606,-2.4755934572952967,0.6938228223481914,1.1020616478407934,-1.3883167783226082,-0.7786366609526575,-0.6571319489264483,-0.2494006707776729
-1.5471742022552173,-1.2325195365883579,1.4871710472132862,0.4213964059280583,0.5262828914582875,1.1760152813941285,0.7022656170130374,-0.9175008687597376,-0.3619504157982657,-0.47964306702854587
-2.106944687129362,-0.19011047175584475,-1.1416085414463508,0.6271292885194039,2.0486301111079865,-2.444311271319968,1.7630301482250157,0.507381459807059,-2.1242242556910464,2.673964223169154
-0.4692220291897299,-1.0452874480258951,1.0354412762155247,1.0770573397769316,-0.26881260385231187,-0.7154762529684392,0.5242184976273654,0.7568977640280575,0.9169369694462576,1.0524369628302592
0.3592763183297174,-1.4938325715978975,-1.3767003975839147,1.155499457922912,-0.3479349664710251,0.6659085388985299,1.638761468576181,0.26430288326367657,-0.29230508089072077,0.5788298532778011
0.5082001387052337,1.4436000568463774,0.2561906532520812,-2.118397768060857,-1.5277125324776644,-1.5050649790984625,-0.6793068373441233,-0.748401128001744,-0.24956625272642616,-0.21042696787929852
1.834829759759534,-0.5025765153873831,-0.7203302310733068,0.3887788058278621,-0.09363038767411724,-0.9262472842678942,-0.06065475848541118,1.2789860649808178,0.1561728643605843,-2.595432819575556
-0.31649311225066307,0.518052908291379,0.5078730122120193,0.1075630851754313,1.0122836327395452,-0.4233486021075359,0.47146574646594985,0.08173546912027264,1.0596315553958384,-0.15804787579556873
-0.8845156403901904,0.9500721417168776,0.18349108956752536,-0.6263118896864556,-0.08417080065453343,0.25467628298774386,-0.2182007510431002,0.5276301043584299,-0.30487319375640487,0.12208313078247332
-1.06742465105937,-1.0910134445423632,-0.6895729271354772,0.4754381159867562,-1.1627974591208627,0.732902278149461,1.0369058952001111,0.12957890445709525,-1.182666382566416,1.3159535018158235
0.8115115605125496,-2.2271897122571844,0.5910392053283599,0.9655581391703698,-0.9777455370851844,0.8391380927602818,-0.7902245870321216,-0.6720152695722141,-1.9387454256344785,1.1499213388366187
0.4101751730379554,0.26000574200987114,0.03122106116735765,-0.0603497066617789,0.34498167875776686,1.2139456068580905,-0.22331087222888485,0.47776625119102206,-0.7616519876149339,0.4972634721513621
0.4423896568707998,1.3359811336206644,-1.0558988992391607,0.9436744833536944,-0.797075058941706,-1.5485326836757904,-2.252232900805922,-0.38892524441125986,0.26499316424347513,-1.4938440542251423
-1.435180128285838,-1.4678773119154835,2.332378454737434,0.8269227378401327,0.1214753835802246,-0.24727948990583457,-0.04324333955893122,-0.7794212901937787,0.0908642097294786,0.766462009976235
0.4970314846450875,0.4071981803633555,0.4112177426435035,-0.4841866275095968,2.2887113628765388,-0.4874478272008738,-1.3517231318462848,0.99415534636523,0.6751880098304311,-1.391227418017034
-0.5952873821720912,-0.18620698089163623,0.6878080607769269,0.601922920033521,-1.0625645044390255,-0.6408190300299353,-2.6395590902035564,1.217524793211894,1.246297672173302,-1.719973715167631
-1.0281101375479915,0.7279515488881735,-0.19040730804102063,1.047373491453606,-0.5695617631766593,1.3127712237135056,0.1479021912459594,0.2732062148827749,-1.7288151056475876,-0.9033862993390828
-0.1684371998796272,-0.06773092954875344,-1.4258312628017735,0.775176786500179,-2.0088594818691083,-0.5064055088430958,-0.2519908556575381,-0.2638384743703908,-0.08352374649549509,0.15268820060180144
1.2717818781692114,-1.551069030137198,0.5523553088637203,1.204864023592109,-0.8403457858349194,-0.9026316824025408,0.5537977021117482,0.46887125980998,-0.42227142721829736,-0.6211018786622843
0.9147887509376972,-0.37389209460393424,-1.1973038894191366,1.1032168607164825,-1.0279734680089652,-1.6282775750552765,-0.4951790292749592,-0.36176019250900154,-0.4528448177313604,-0.28214452469195583
1.6682112241011329,-1.3672281941827191,0.45045749200170865,-0.8511448454974716,0.3761580177999695,-1.0404154155630505,0.908821334072718,-1.4908127173244878,1.41202263769875,0.08096349261205862
-1.1335785221907646,-0.4932098218428808,-0.9853464783298272,0.397226675710888,0.506818931870139,-2.7504353225108216,0.6538484266750791,0.7514743387612091,0.47636232275903506,-0.7192177628321694
2.099185720113649,0.8561837965218829,-0.619642970716009,-0.4526243620962197,2.1019529653479716,-1.3038568451520052,0.21216845723076516,-0.3967988270508734,1.1845228215915853,-0.29050430297776153
0.9218769693353244,-0.9148670758862724,-1.7251088434337385,-0.5170472582377863,0.03795967569373879,1.2409004025761614,-0.6498403174096824,-0.19228801144645108,0.40423035452338113,0.41594298284161585
0.33655922851459175,1.645526315329774,-1.1269768990631053,-0.9009135612405615,0.6492757344889445,1.8913520997503497,0.8465665360348426,0.467313346392819,-0.11057971848467822,1.2446254840218902
-0.7459908627893183,1.1836850096995102,-1.0962965129170748,-0.5054929396177646,-0.2588232757390805,-0.41602806087214256,0.48569120042779573,1.5119665214714113,0.07450161118138829,-0.46550504641064777
-0.7745190675901886,1.156893626633302,1.0479816082040383,-0.994362394067609,-1.0651171016536665,-0.9596729649022512,-1.3782116557165462,-0.14657284087979736,-0.07383118119931163,0.2596449098620315
2.0325358163127043,-1.1221661427454137,-0.09224372371388476,-0.9697380771890228,0.00409469111406419,0.04802906671920715,-0.8918320360385315,1.6069023471655872,0.2157549250984096,1.5161187451977447
-0.8510921309087697,-0.30890396979329204,0.33130483719021014,1.3703773660504537,0.8479073393959355,-0.804306506278372,0.1396109421595819,-0.06605309336402412,0.08903912567871024,2.163789831596147
0.4305242027501108,0.40592795310183194,0.4176246214604659,-1.0937646528374732,0.9223175188570922,0.7303989840616568,0.47777629699764146,-0.5070034410776937,0.5599554527261363,-0.12884424452918994
0.06013082889414529,0.6330643190485803,-0.2998030350441797,0.8697600833587453,-1.9379670209048077,0.04697124768283006,0.01690333577288316,0.18970197442324843,0.04898387771251943,-1.289054891359961
-1.6058278368054757,0.7227850169656154,-0.942970407395341,-0.4552229535667134,0.10594124544369889,-0.27468026655922345,0.5353866160712982,0.7406594367730108,-1.7630195907638886,0.6963524263390457
-1.168352725867104,-0.937403095234326,-0.9253112536460456,-0.4296432832929028,0.7011738567343258,-0.8986874984806107,1.0509585609659804,-1.867661728181466,-0.7828511343109777,-0.5088278056449783
0.16296120507866402,1.071218471544917,0.19113647283048296,0.7404812834428857,1.314515851527964,0.7207173592715421,0.02482890006893328,1.5486449839023373,-0.07174825897860122,-0.27928649367909103
-0.2544390448846111,-1.8692447902369032,-1.2511580172589414,-0.7640458835778563,0.1249607117770842,0.9601698315429056,1.1258269749097978,0.1429575419521902,-0.4480910080472791,-0.6736854653992023
0.6825618514260794,-2.091317555101734,-0.657897936171124,-0.02097300035695485,-0.8017614029981325,-0.02660040085795756,1.133801047505845,0.04207351695596115,-0.39513588309593106,-0.11203745250411498
-0.605011815681171,0.7703495562463616,-0.3882201857128095,1.1633920943550309,-1.5191288905197182,-0.8894436424092712,-1.658679637739596,0.36766489664632607,-1.204743776527286,-1.4836434415165842
-0.7696875682639908,-0.49475751121889855,0.0398951882463327,0.9384786103028482,0.9481926345646412,0.12968500592823634,-0.99355556946752,0.662831349425996,0.9243819707814326,0.5923767513419141
-1.0998063618952647,-0.30312111043163953,0.9392082662917138,-0.7160858864379919,-0.2396019528593804,0.13150803971989966,0.2325401944691857,-0.5023540930990128,-0.4665532421889395,0.7671635145883973
-0.3292715840674698,0.27292310357441174,-0.6688345441464101,-1.2757958785826948,0.8398018687392687,0.10960569157813611,1.4475017722676515,0.6518234118153728,-0.446726788697244,0.2583292979070531
1.3334448119187874,0.9740947074408872,-0.9894250111703576,0.6859091848407309,0.8908553103192635,-0.6682798386249371,-0.06637769351272214,-0.5552008085875033,0.8890418018099445,0.01380727545128221
-0.42199951805773894,-0.7238667741440837,2.0427242391226543,-1.6506611893665375,-0.16396553500945424,1.972955115838657,-1.5878769467650435,-0.10190251371634168,0.4370474316909424,1.2257455295518755
-1.0828246533589752,-0.1406550440906694,-0.748172802254007,0.5080058229931592,1.7274210080274135,1.0644036720205683,1.9776036379692292,0.9225697742420492,-0.02915186856825604,0.5396070729647027
-0.7623607008075016,0.9441094690977844,0.928712973864633,-0.3262655461820769,-0.9318156430645556,0.5193230586102319,-0.7895064036074233,-0.7800050464315577,-0.5789668070401548,0.5221706525820801
0.2867568206559572,2.512023464009615,0.5937834602578461,-0.14124278187090047,-1.2150727896597788,-0.6810208858568839,0.6846487818751148,-0.4447718108225251,-0.21201587928489476,-1.351563765308472
1.3642779025253873,-2.289883163320398,1.095331810183924,0.6294080312625199,0.9221916907908374,-1.180565311706508,-0.3056735116038372,0.553410944806356,-0.46376176032054106,-0.13549488384084973
-1.7312760135629974,-0.6186410306484363,-0.1833206143655444,-0.39598376355312553,1.029347776454823,-2.871238393047776,-0.5790817114139231,-1.1972472725720236,-0.4341572655912058,-1.123701743785846
0.21271358398126683,-3.202186213436677,0.7277444138699425,2.789750707597806,-2.090531020807004,-1.044411907563988,1.4599540177071488,-0.8761042890258106,-0.19271959121607996,-1.4276975004671142
0.5406566053880798,-0.8474964319373652,0.03792685935627985,1.7961889752121445,-0.855695943510226,-0.16907684593766392,-1.7601146764860662,-0.6068859866978374,-0.3830263406692944,-0.6870477476921631
-1.4722687557037664,1.1724240790275662,-0.7773635942829956,1.0255255577321216,0.04579367865714563,1.5659439434536135,-1.9164258604173552,1.3915993735755787,-0.1363906323301471,-0.9207540588135554
-1.7329629616190412,0.6905467078854342,1.000976528194636,2.355861624188055,-0.8186938202033539,-0.4746025967010738,-0.3365005232640388,0.2625676378184934,-1.111582492244366,-0.9442957168969672
1.3289934138582231,-1.124880667853024,2.4922339853849147,0.9780426873477828,-0.18297301183263545,-1.4267728999225764,-0.7980683907247912,-1.5783431161469308,0.6783128623875395,-0.8187543393501259
1.0078802511622442,0.5633834695510933,-0.6967873660627883,-0.1635583441049863,-0.823890139340454,0.22347205214607424,-1.1886814539966066,-2.6751752730735356,-1.0742112356535918,-0.20101125984827367
0.9164102446101916,0.4723736775110461,-0.3837709498729832,0.03663906312811137,1.1755074103832324,0.5493530359033159,-0.39392898950728183,-0.1432691921526648,-0.8414793311477071,0.9925158769918128
1.317687746556593,-0.7495839288401867,0.01992047897018462,-0.76644266289392,1.2359151444743257,0.7691398598469924,0.1684802268067763,-1.5718766591634648,0.716820474077364,-0.02584184991469422
-0.4320037671701633,-0.4826743590438665,-1.4908925429040312,-0.5900404875739583,0.34907817965692733,1.2079762411369563,-2.002682293322784,-1.0151864944183169,0.8100560692800609,-0.9968675409045672
-1.1306863899885005,1.2436696459828482,1.571360889277853,0.2031384229800162,1.2331736268247118,1.5806423116707595,2.118476982650839,-0.4223735129088348,-1.1086319545954515,-0.9965162890404944
-0.832062006310757,1.473249414677371,0.6534052135730971,1.043011749055125,-1.3710298005479982,0.2942990744350926,0.02375237135087654,1.6924168788442058,-0.925776364709048,0.5461959057889839
-0.16820017572418236,2.845071280339594,-0.7372481556076029,-0.6070479395814856,2.59440886385412,0.4008260592894669,2.3711021460666366,1.0444790762343237,0.6280611183037149,1.1706882664584533
0.7565134984460743,-0.950161752461086,-0.7850612866290999,0.7090605875526967,-0.6239296105857344,-1.3188380700170013,-0.048979709156983,0.7398574309511058,2.372474621125414,-0.7891596968922838
-1.2124288886735377,-0.16165100774339636,0.9630719880999904,0.18296476546127555,1.093603819891216,0.1410911894687235,-0.3980186735103836,-0.48069406267563825,0.8702695788855925,-1.118122062332
1.0026169309731667,0.2656279179368153,-0.25490850062212167,1.0578037886784446,-0.5109951231230606,-1.955309976080404,-0.27121938554403185,-0.8640132388696313,-0.05082816092988151,-0.0646288304985235
0.347697151662862,0.2632662210901992,-0.6426202878242372,-0.42357436123278425,-0.21899838784809583,0.01632135150486879,0.02626270426784974,-1.0855932337085217,-1.0888986447766895,0.5469942301760223
-2.7436282998595383,0.44208181524983686,0.14491504836963104,-0.5597283620479654,-0.1435737198509743,-0.15049304960273505,-0.8814313425481274,0.02998284681933719,1.231530660517663,0.09067914396628957
0.3081626969068273,0.10617353279712802,1.262900088077624,1.4213744441853822,-0.43772525057431527,0.4755732884899561,-0.23782569707477336,-0.21502480537479465,1.4736104310384326,-0.750009619462006
1.5322445873630572,-0.02316547422533655,1.3681324106584174,-0.905244329825291,0.6230787544872142,-0.8441480368703745,-0.7489716455212271,2.2433426175255424,-1.1091955104930031,-0.7310899445696699
-0.06595845386492022,1.7278330677197715,-0.9141736279038822,0.562443594866572,0.6931463443895681,1.948764042384877,1.860023815312613,1.6307478668404034,-1.3192604962523216,-0.129390807318318
0.00323847927339987,-1.2966704125249793,0.518677162003688,0.3784918814691896,0.24228298224924952,0.5458782688652137,0.01513850005707405,-0.3972638898894268,0.13165207663660447,-0.03472203805692177
-0.731341206901067,0.700647425200008,-1.6652975249961797,0.11743308257811733,0.293770913869755,-2.090565744288172,-0.6410077355524083,-1.0921217101764251,0.20288376944224323,-0.19277614603157295
0.49091282513084217,0.7511868996837163,0.34895203916565004,-1.2836618274887468,-0.9060231353683832,-0.33316011797538314,2.0662201970287932,0.08704132009673742,-0.23803900670136063,-0.01148791565745983
-0.9980731431046496,0.6492350793272568,0.9624007053602222,1.4900924613752078,0.6412816612660809,1.2538582284367048,0.2584518914747777,-0.38775157960529255,1.144003120227576,0.9729315444106856
-1.3233222001713687,0.16439371570840156,0.25645149990017646,-0.6352975429699819,0.1510854801910244,0.2919383352672585,1.256040624150544,1.0753952012741983,-0.13628362752320586,0.34302450530980694
0.9206012143855928,-0.093407126562616,-1.0263652639172598,1.1890730134441925,-0.6631685561145337,0.06655452493207933,0.41767597360176795,1.1491975185019057,-1.4167950347631777,-1.70992149428607
0.2004158178728074,-1.7640281280807992,0.5828573946145028,-0.3045372718307063,2.046291160298752,-2.733054683382206,-0.2797072843057003,0.03261286717033535,0.8559115154257381,-1.7036251495679084
0.4450107329481121,0.9107808724116372,0.1757095915588091,-1.5090663911935482,-2.9854791047455036,-0.932115163580797,1.3937595063987225,1.0622741927613844,-0.46784763752985586,0.17354727111885654
1.1610246575285113,0.56630293176998,1.3785397374064456,0.9522310775727076,-0.49243952126283663,-0.09909300280165152,0.5264615893623267,-0.7932782615651558,0.08280364249046458,1.120998896121588
-1.0923073645505084,-0.5543841323928974,-0.07432386500205188,0.8950001600028168,1.5935266920068365,-0.4308182259246005,-0.44951716356668703,-0.30492961310520705,1.114623431098963,-0.7588580009526426
1.3933518847953574,-0.85415539312957,-1.9515916539186495,-0.27085510754118847,1.020694357827129,1.7680170032332232,0.4217303218674221,-1.7430530522870904,-1.5434969748635434,0.14596407139920123
0.04899848098983941,-1.438229730274865,0.00221216627405457,-0.6600788938289595,0.08620216229122145,-0.24437408153686235,-0.3815248617015448,-1.805646866281973,1.3281976852117845,1.005542319092346
-0.03102090036651197,-0.4880154364593632,2.764718108499997,0.09558779416492463,-0.44044828535487784,-0.3302331440219443,0.8734070592328941,-0.3079609567758607,-1.725352326819908,-0.08028863912115489
-0.45302199509588914,-0.38832410398106376,0.20854270679847728,1.4359660513421375,1.6996719497313033,-0.3745146684222804,-2.3290039135038967,-1.5436180209459769,-1.6519167677483473,0.6594765282833355
-0.3762633147660007,1.2809196459423526,-0.02050677722037329,-0.12681232927748656,-1.342618323068831,-0.16237751311378415,-0.11476654688420576,0.3814039973169384,0.05081957526393444,-0.5753377941598266
0.7166738880579145,0.2789552756687409,-0.02178903791347876,-1.3202002336212812,-0.3236305481178966,0.1170791480075616,1.6234881302927044,-0.9344135278014348,1.620226597356758,-0.01731799021256178
0.6667646308331491,-0.09861767570321292,1.6337701035902268,-1.3030687485345986,-1.0166421432915218,0.0639609887888184,-0.4595612116299742,0.15461678674174112,-1.6442608023103211,-0.5281336392771251
0.02999689413682562,0.3969799014630202,0.1246594448261035,-0.2186059677248605,-1.935673116572559,1.439787642787369,2.1717349894872418,1.387743302723325,-1.1353800265020595,-1.1657112163739896
0.23143196956262532,1.0727685034592216,0.6224270666825915,1.2760416223974134,-0.6836193118185029,0.8048438410710812,-1.4509863397049123,0.02600972138877747,0.5834344316495657,1.3772681523990282
-1.0592270869984697,0.8209222755619618,0.7039172775087913,-0.572109149076157,2.298009327257674,0.9263439963600086,0.7763188923076734,-1.0003815089989692,-0.3351436749663281,-1.701712766957137
-2.609770348066678,0.7199135625290918,-0.03569812007101988,1.6492481221660544,0.4574469165769386,0.8251388791574704,-1.32622436423931,-0.2891170230691839,-0.5788453544652304,-0.9614056608813276
0.8313688408662671,-0.3219285039113723,-0.49368237514894847,-0.2416536388812705,0.27283402997304856,-0.22641644143382575,-1.2190931516509511,1.8046413078438663,-0.17208893825893787,0.46904606483277866
0.8416720991363728,-1.0499016311862188,0.8899322382366329,-1.5344397724542251,-1.005181490805037,-0.2505198762431411,-2.203398106360708,-0.3945687927903027,0.3107618043835476,-1.2360208674438056
0.6019650967569357,-0.07538812274842412,-0.02650122360960072,1.3637203404549574,-0.42741929598903666,-0.10699889783652804,-0.16969037187342728,-0.7956046205548825,-2.082810074417127,0.30915925832202623
-0.7923468819063594,-0.9961474064856858,-0.14947691497471666,0.43979733162648654,0.5035504225684996,-0.8271278089240388,3.1363031393684517,2.1025226894514297,0.2290701160203568,-0.22346493755957783
-0.8900857378420169,0.5240736127877988,-0.5524719388180455,-0.5667520594156826,-1.885547933224341,0.04791581198273566,-0.734063544052972,1.154457448159669,-0.16542451519621293,-1.3051919413812387
1.4213875929538755,0.9479569821994518,0.1522901509869579,0.7881495530432497,-0.7403820243374148,0.9511186720002672,2.218113781440422,-1.2319158922840945,0.22829403631981435,-0.23801633245843304
1.1801962290583412,0.8434094564385652,0.2078046286866256,0.3312162571113247,0.6188064071507188,-0.4380374255074274,-0.5645411609406169,0.427033771403332,-0.2209357282455137,0.2628066529704189
-1.5302788298463077,0.3461828877243219,1.8053591723490643,1.1678590382912974,-0.3704985828011291,-0.04584682983591209,-0.00735195428628329,0.4356464073773871,1.232377713959276,0.9190366401195208
-1.4306960173202987,0.5485588864661426,0.2239153752243951,-0.7872512791754133,2.0910481284913027,-0.48483372805222746,-2.1695704584018567,-0.91325712995634,-0.17269331289597703,0.9444307952011988
-0.12365805436442776,-1.174294525993309,0.32880486777501977,0.7190130560714203,1.2388184343118618,0.22860066324512285,0.5869205772394516,-1.2677746677353512,1.1871284731505256,0.5911628192993098
-0.2056258111354839,0.9783187538773326,-0.594619177337453,-0.01555296696681616,-0.5375245639679275,-0.158823456913212,2.0623448318906106,1.010201972315444,-0.2602325059497903,2.1665501710127537
-1.229075338521443,-0.24972078459175215,1.325769354602587,1.2966136036134108,-0.5180170922940351,2.576282517627582,0.555692298930077,-1.1603415188341604,-0.6013961710823377,0.06061825245919187
-0.840983909906633,1.301870578594107,-0.5249748713400777,-0.44960035251661024,-1.4999150289251837,-0.9491926429316476,0.21330152489681936,0.3185754410041441,0.4762871212520756,-1.2169837459987398
0.3968078405695245,0.4871365519844515,2.6167237605722296,-1.6492139920519324,0.5695600412693366,-2.0205438943338265,0.6128484382848544,0.7502065034724641,0.9990263784572996,0.7720369833225266
-0.2438486382412494,1.951089780338254,0.6126057112672141,0.974455489888042,0.7060459358275885,1.3412231420041711,0.9227953345978624,-1.2742728791163955,0.2224702325219555,-0.5696429118718067
0.06757452783088798,-1.0776567459750772,0.5409351738711398,1.2861400606881177,0.05494480728712141,0.23082358275666584,-0.16597189108293822,0.6840180386049424,-1.4259014786290791,-0.34920141082880574
0.7352186792074608,0.16828427427997464,1.5534497318360834,0.03000606131097379,0.7261499352976019,0.31987109595604374,0.15704219573391243,-1.1111146565959182,0.7693615227221241,-1.2703526147739106
-0.7015096246379632,-0.9448749559083944,0.6463968016771164,-0.8202577885361979,0.17563787728852584,1.108227734119218,1.0961910741454837,-0.11073609140645904,-0.5816793327081062,0.9476921830070624
0.03703511347035813,0.6509284085112103,-0.5849513295121331,-0.9880707672754668,-0.8441645961347158,0.01579707466541586,0.07319285476986562,0.8640903206327575,0.862106950641846,-0.8060424251610485
-0.2804934885076159,-0.9789318475662088,-1.0699323613337646,-0.32779087012721503,-0.05453920344424005,0.21448440059738996,0.14690358881801183,0.05384571639490181,-0.46315080138382425,-0.19444549090694613
0.8497853552997658,-0.7496782519191668,-0.2391835979459045,1.1541811510066244,-1.637102315252324,-0.5068271507159066,1.137546389505825,1.082285716374948,0.7304866593393209,0.6445322436450853
-1.7305861753884206,0.7115943151673646,-0.4998290554130187,0.7279797616534138,0.8526429913244004,0.9764771973753078,0.4384121685588051,0.1497609733976235,0.581185049831291,-0.7743062445776272
-2.472819785139715,-1.8778946358464856,0.5382772386143094,1.0988533385471555,-1.4711121387418913,0.7512525223773601,-1.7919026458762806,-0.7431300827497807,-1.5933393881049007,0.3113249352446768
-0.17578649359716644,-1.1700201055056263,3.457265118345737e-6,-0.8613043448559004,1.2195425336273455,-0.4792841555189926,0.8414187472493466,0.2062170118839649,1.2715788873028808,1.4055608991867692
0.3553709346109737,0.14935144263521422,-0.3197157708169763,-1.7569299072415672,1.1833300124590385,0.2600355605433431,-0.5567047108488332,1.0561188769041208,-0.08905071630316289,-0.564615594398849
-2.5626973855213464,0.6157737013684842,0.7838542370441018,0.572045238992306,-1.4868470615557343,0.2793263268084879,0.00287315768431259,-0.9111889967212156,2.32201953676789,-2.10795516560681
0.9738535679501076,0.43790203066938765,0.8046586790092106,0.5060633725757918,0.1077530982376487,0.6833532191943504,0.3743454937856482,-0.3859090816539354,0.4125307742371556,-0.5336102321308316
-0.03454595838869315,-1.0401280715919032,0.5535713439419853,-0.2894560943360868,0.4297856816565688,0.24191915755834809,-0.22886483833625212,-1.0186669578532368,0.9287486096268314,0.8092177638442194
-0.6648592499726459,-0.7764944233575344,1.1416701221286782,0.7012809341296957,0.51694170984921894,-0.7447111174020893,0.5214998539204538,-1.704322571771322,-0.24396284568007037,0.15038622582088726
0.3380624371372928,0.700378637368172,-0.9202346091934044,0.6396087368366377,-0.848756064513438,0.4275775687434994,0.3210987071369332,-0.4863420101423024,0.5555009867282581,-0.8535806513773737
-0.7206381585280369,-1.0101267760631203,0.2496309884182001,-0.02149887135194007,0.8489036199030063,1.0858049439064374,-0.28898771459841816,-0.4456592213285384,-0.09809249596821024,-1.7500445755771727
-1.2925422020905024,0.7137885192768525,1.219653722914302,-0.7329948445416927,-0.572745874365015,1.1344389846271152,1.3014521171677855,-0.37977162024504113,-0.9364040778992928,0.8778987736867161
-2.175360168850429,0.6577841447132973,-1.3857306582206668,0.8871289054213888,-1.9287363823032784,0.9811825363843912,0.15535670648580366,-1.228315723801776,0.40851635013760706,0.49590590078439306
-1.443554444240132,-0.6661652278939345,0.36280205415241906,0.7254575691009165,-0.33666174382269304,-0.48727759833289,0.950527025685454,-0.30432422766099004,1.1021021277165772,-0.8891821481118448
-0.03733608841330232,-1.7707401635546085,-0.32485348130249786,0.00158071218217256,-0.63554934866226,0.20709981326163648,-1.5069261580315827,-1.0521888186100183,1.771480791861003,0.3426883561567452
-0.03525704888184579,0.6428892243642689,-0.286398099159684,0.7320207092216864,-0.2697503218831848,0.09154786291694612,-0.2067480168701044,-0.6993223961760126,1.4819921550615325,1.0418212225803902
-1.8730795019826785,0.9950741810937448,0.09969534378093564,-1.1527758385126323,0.6866656450000338,1.014602348004192,-1.5006073193295766,1.5913736076356066,-1.716741410517034,-0.14485751606831784
1.2292702111315974,-0.3789407292890421,2.7463666567731013,0.315487368671562,-0.3833770624944134,1.12441293620959,0.1946231424675474,0.05064670314390607,1.1442044325223886,-1.9685331288533452
-0.12911568237553447,-0.9271133997467176,-1.0357114525146642,0.5587238828417679,0.05833866650275548,0.01411700865057291,0.765055906933764,-1.1368154031270412,-1.4302919191673502,1.4658806903835075
0.7312216056880066,-0.8703679828886628,1.1432602452571303,1.230614296295533,-0.01116981510804708,0.6616900565878819,-0.2614423500709818,0.19129754455758236,0.5060340080275215,-1.0931549408493468
0.0757867576073613,0.687920714905179,0.7727023754100791,-0.3931649788732365,-1.128601533199764,-0.2159614289380095,-0.908326820210825,0.5555978299860026,0.5452016704617211,0.4192974047651923
0.2379442091696127,-0.1429287036189196,-0.30799595223139475,0.6845149530870113,-2.6859335012460392,0.728353234860054,0.07413782233888985,-0.22694532258837935,-0.4501156304241568,0.08872773282907578
0.7005193817839368,-0.9455727889730844,1.7585178377077348,-0.927943290338047,1.2308697942307594,-1.6601377081190742,1.7800348476100758,1.4291448216528582,0.04795763733967922,-0.8306273299768144
1.8822303831355525,1.011941173254738,0.379504809135562,-3.942844468142317,-1.026961929341605,-1.967867871754306,1.397308917593625,-1.0293516499183464,0.6707976519106068,0.6816883767941896
-1.72238573821255,-0.3828260467129709,1.931155040201611,0.6077300113486388,-0.2403981782204121,-1.9255543345150865,0.03593641025278977,-0.6453810252303235,0.7995760875634184,0.8064021019114244
0.228887701412798,-0.3575725493578421,-2.0868049331961283,-0.37812972494261,0.8995549515057514,-0.5791337408182874,0.21445547001399665,-0.4055657169931828,0.04267883135419281,0.8356992081238849
0.06337186445345508,-0.4682749403746911,-0.5535598846614855,0.14425418145115054,-0.6359576775576326,1.1354309129661142,-0.26115637332465824,0.25258931477677754,-0.39514327251921616,1.6742205525325502
0.02619402752309611,0.3526359003680243,-1.2795872272136526,0.7482014920957677,-0.7928526145304082,0.6326513938718565,-2.4868906261565193,-0.3628218881055335,0.2941937364601745,-0.6036666544797826
-1.4301136114376354,-1.1404769822976326,0.8429063001705527,1.1375626852209149,0.16083359371380798,-0.1497492034192308,-1.4810952861379496,0.3737918826941212,-0.03405744296979019,-0.6405559404084163
0.02199799021274041,0.7399609118519332,0.16320981980087998,-0.21047955736455287,-0.5125653759432769,-1.9008044928948504,-0.2251157139185828,-0.29067833305412916,0.40536103529127127,0.37320602847510154
0.40715445688521945,-0.01870132103703795,0.7752614377304434,1.3675518921868697,-1.5426523718028906,-0.17385878827572243,-0.3133155656664848,1.7336936806686964,0.5264082315551888,-1.2021873559544858
0.02059037852449191,-1.2822031318828082,0.6874414026521467,-0.02695068438477541,0.4716568054824972,-0.4747361844941195,1.0008605547416796,0.43619935976379787,0.9026010613214246,0.26507605007405705
-0.0374224632468048,-0.11821905886310308,-1.307212994061333,0.5122168845292262,-0.04533295283598167,1.7198063411897944,0.424261245502266,-0.3608768998958744,0.6191798773298931,0.25904725113040566
-1.9241383799266547,-0.07089042279246666,0.46707732424736614,0.5710997514498607,-0.2589416422055063,-0.5305810292794514,1.208237343241866,1.2510961832121137,-0.3446521410729589,0.7769308461328631
0.6824751532152148,-1.5444124630583245,-1.092736848184222,0.342183337868073,0.7555547763873904,-2.279989019899222,-0.5809674663932649,-0.1873502542033587,-1.5482987857678217,-0.28506770034670853
-1.4817191862127397,-0.34137841972895827,1.3911720586019642,0.13358999288703738,1.6917469660915891,2.1883583837402845,-0.8064093321597867,-0.1840184351133076,-0.5713540692882455,-1.3219149656024618
0.8279749860322518,0.46862269436848386,0.05791481611715122,-0.10473569146919312,-0.3182830601625504,0.983334309131994,0.21284065242371253,-0.6305527044072907,-1.3476907258154411,0.39404459170200656
0.3917596845899469,0.5924765523797291,-0.02376637635650977,1.5352092858735442,0.95901706103888,0.7161059512081049,-0.4122540742436484,-0.4018374235421336,-0.3195859112118055,-0.6232663184031887
-0.6336666628247634,0.9485872813700787,0.6915571247316662,-2.292864887531684,-0.8836523637211436,1.17945240268926,-0.9813218772859535,0.39855613969975434,0.564477264284962,-0.2475109371897399
-1.4171344638553192,-0.5525704893624446,-2.0231483957461025,-0.977293410866898,-0.12198025975264148,-0.3868242294871329,-0.29867711290540105,-1.577707210941624,1.8405022492558236,-0.5995073005763597
-0.6501429554191709,-0.10143664641549452,2.0621180997518316,-1.7384754788092258,-0.4897910289687713,-0.06155442309166449,0.822314644125615,0.4471614289594962,-0.5452641189368573,0.16667913867047202
-0.8442228705629311,1.6253881752146986,-0.3936742880697379,-0.9650115232058896,-0.358087189378638,-1.2607586402270583,0.7891056913341488,-1.7180368174121363,-1.0910120753323678,-0.3943919672391221
1.1069989102407154,1.0821861880348405,0.6179242679134137,-0.2081400469852194,0.8295248303667749,-0.2896959982883102,-0.6911164536538644,1.468864666835511,1.000548664055918,0.08973057480453077
-0.882133311228872,-1.6696866219576043,-1.3428772586836206,-1.779289359630818,-0.06608615036335334,0.945923360969275,0.12079735372982586,0.04598073080281911,-1.5244387515990552,-1.158665859189148
0.4325193533726307,-2.039455139518725,0.8251356422231491,0.20823954476574655,1.2511501978687962,0.8538201469033397,-0.8198380399652391,0.9880802052215922,-1.739386723921479,0.10071051409454106
-0.16025151653193742,0.4943036354367177,-0.07571672543425298,0.8805428147017708,-2.260253356179338,1.0195671474853607,-0.4739016612115016,1.095391296207802,-0.0852680031961186,1.3746812302194895
0.11473016437766533,-0.0795362225670264,-1.8039019165736,0.4594484010528229,0.7994970741773674,0.11758951949830078,-0.6127913484855484,1.1982388081700384,1.2622203647917882,-1.0071248451647978
0.36997160301884335,-0.12092085732461152,0.8457241540872829,-0.5849228187244536,0.6455653002042004,-0.1074154549677752,-0.8053922479311958,0.6873776354074472,-0.8854605500301718,-0.01745871040413289
0.5765747028998591,0.3545623772213206,0.5669362292275733,-0.5479665486216476,-1.5740204447809638,2.6057079754661747,-0.5023958752916028,2.114703735517522,-0.6184203111543215,0.12310169728293804
-0.0999790529581689,-0.03561690405480578,0.12865072024794078,0.32218856066856183,1.4726943263551129,0.3402487516920238,-1.0017901784152683,0.483217577934285,0.9522216092520254,-0.6473714904623186
0.6794287570243671,0.9858493105958496,-0.01417103180362579,-0.4226382369286816,1.4045707217090415,-0.916579591802508,-0.42636784235520536,1.293813730917613,2.001843130702219,-0.9113214381960176
-0.10768201570175794,-1.788923431904841,-1.888784772112064,-0.4761473742087095,-0.4466646366687363,-0.7809318369976831,-0.09816366667269352,-0.9199521235116838,-0.6352511449285982,0.8643387862017852
1.086635664999122,-1.6939986257655342,0.6586619146531162,0.618681879189619,-0.5066065352332556,-1.40697593770894,-1.3148386113787094,-0.9514432823865095,-1.1645471353067176,-1.4027180143345552
0.8070251929012362,-0.3882434184660424,0.4205790205479503,-0.46856198472456234,0.20545275173725713,-0.48498449656932113,-0.4952131702079125,-0.8370663375429508,-1.8146092325633725,1.6012394544319373
-0.543300055860183,-0.02475751980138409,-0.6609500399951423,0.13308692642585887,-0.429020503405252,0.3831910684073578,-0.1526604822490331,0.6689189516746381,2.3705971271184074,1.27603195410669
-0.7715810808527904,-0.912993561608924,-0.12798925395395225,-1.380944383310893,1.2233955308071407,0.6157304155512976,0.36020250572486334,-1.4816920627803505,0.3001172700561449,0.22251300964647935
-0.6057911895612219,1.2037194454666045,-0.17569427901917942,0.39164181451628416,-0.5207118482236165,-0.2102525950738036,-0.4677931076922013,0.07062316492325746,-0.5289390277935826,-0.38574762378081173
0.29876134456362563,0.650585404678368,1.7027725750497054,0.967542263059638,-1.1607361905427616,1.157855594205275,-0.9216195988184926,-1.719757515576309,-0.0410065594472957,-1.248743608776817
-0.8417804455660579,0.95987316521529,-0.6044893656177868,0.10891924958341462,-1.2493351603858438,-0.06531168199466571,-0.5322688929241174,0.7312294387297601,0.8605539992346642,0.5968753181380185
2.8570546024177297,-1.316300644874955,0.4937780220642566,-0.9830688841592756,0.7517606064920718,0.9736683672564524,0.03560055648924125,0.5461008742596284,-0.5858613808204461,-0.56238706710395725
-1.2408227387559296,0.2982346822288801,-0.7971337204461357,-0.111001551182887,-1.3448588513805952,1.4948270168150006,-0.48295560695255174,-0.2672818571925057,-0.6890914139947524,0.8871958040188088
-0.6521491130748622,1.3126953130013477,0.5620985259568854,-0.45640191862148816,-2.0040501509046433,-1.5421616947391168,1.0212285582318288,-0.1392353851362142,0.9675527593669336,-0.468567454792118
-1.3424642474808282,-2.5170360156677947,-0.2793092335894842,-1.1534006982909226,-0.11252584699408232,1.856391526050043,-1.1355005113070895,-0.5320770086424892,-0.9323864992281616,1.1606995741110608
0.5757740809678505,1.5295492595607705,-1.065255678015147,0.6152858647025492,0.0672759929059756,-0.6630632399678541,0.7349616545808835,1.008263108674489,-0.4590623900319186,-0.3518003719073288
-0.4928026315686198,0.22165298465162345,-0.13977229413489625,-0.1647045016125871,-0.26764056693094473,0.5743758217028037,-0.8118623827128172,0.36162641351165625,-0.25887394506934014,0.7270355155986434
0.4755950916826735,-0.5117457822763437,-0.4827056759653776,0.01634763566007045,0.01569044902447816,2.1077065048372736,0.3272010382327684,1.3411916163275166,-0.9219483447021206,0.3726245032231977
-1.711105068616282,-3.183443318182248,-0.0312187992052692,0.26104105579635023,0.618404736483699,-0.8886947973901581,-0.27676541302502833,0.3647257978564828,-0.2214234597356543,1.20494911584304
1.6280725517117465,0.5266362336718973,0.8246385055005047,-0.3233567604400133,-0.3958521233811018,1.243830154631436,1.0053021334994885,0.5584386038018524,0.9545275998596916,-0.36991655698197
0.4713280398782204,-0.5795082225144308,-1.4615832827014212,-0.8125538186058913,-0.24406170522394569,0.8730808660103772,0.6757909860632701,-0.7217012772727455,1.443746496302183,-0.34683354555829005
0.13219373044917257,0.5362705666074623,0.5149675882842532,0.5963380288680908,1.885601043661736,1.063105283884274,-1.6082285997286392,-0.18518586650308952,-1.7113788855607688,-0.7645583120577764
1.1312057787609653,-0.3646034396031252,0.6580666687971617,0.7555661722274507,-0.28569326209373586,-0.7083260076916981,-2.4059699584646266,-1.3270683210751064,0.9044525954046544,0.19331546675388145
-0.17242520031663963,0.8521306323787745,-0.4082185905778995,-0.5638911954487658,0.7305688438703317,1.504165358367731,-0.00632000932783722,-1.94345231743341,0.13815139699418755,-0.427587709743827
-0.7359210921644868,-0.8696355728272658,0.84933713656486165,1.276387758368094,-0.9391982188519672,1.3304531015493084,0.16319446722212053,2.9289678899374967,-1.6623517476361154,1.3478309698300035
-1.68299173701127,0.7105784073637407,0.04960339828800871,0.07019756869792299,-0.5158759579629801,-0.5022117337381072,1.5421316915187375,-0.21664468435778175,0.4856334564132701,-0.8705744570781885
1.7859129343048563,1.1890416085555413,-0.3083997792572519,0.0030197916972913,-0.7816482159714222,0.8751274787368335,0.4284432785215009,0.5456098821151613,1.215318448529284,-1.1946601311341518
1.4086633527945145,0.00636550044018916,-1.04444254125487,0.2298115071984834,-0.06210085796797767,-2.451174081378969,-0.865860094260315,-0.14966899714488802,0.582147578364726,0.16303276012237675
-0.6543970040653349,-1.0638518173593337,-0.830213460623839,-0.6926506632491315,-1.0340856158731062,1.8401650836032777,-0.4521852131660119,-0.6152445917855437,-1.8143222585290648,0.4368745431787621
-1.7171749817561333,-0.2943767770650963,-0.9313617784074468,1.1137382885318723,-0.00973910760029005,-0.04239691026696836,-0.4301085096166761,-1.1857335775579976,-0.7976398801210557,-0.34062089223218905
0.10308984125954113,0.3031867217002032,-0.42584217125472695,-1.04553454496597,-2.516385229435079,2.255597270294752,-1.2733304061943769,-0.04797750976757353,-0.6800216467295775,0.0553824174206463
2.982722131252249,1.261447926680461,0.42216103269191585,-0.549758979351091,-0.6899340211016466,0.6238923294317895,0.0772492797597818,0.5307332892628593,0.8206677352938178,-1.6427742927416662
0.07184837749050019,0.8766768268146489,-1.1955432815368816,-2.128574541436093,0.17605141623357043,1.756234948248384,-0.8476807842922182,0.4222133351805019,0.22623178582964565,-0.723020485645201
-0.103211684337873,-1.2902040226662446,-0.634663674053168,1.0456585674322396,-0.9550013696736148,-0.8229034517442797,-0.6842869911819055,-0.4843467108566993,1.8227064851886776,-0.8085646333333967
0.29353632898760607,1.9794359228413283,0.5344722474280384,1.4568251346912944,-0.8932424171792018,0.7353802829900545,-0.0567949381382335,-0.3070019605695857,-1.3841700464516458,1.3340827511297777
1.4394448984367434,-0.3534838764031659,0.30215347376227775,-0.5001173408143139,1.109895684164536,0.3620192167880587,0.8334911319752656,-0.5707581737924255,1.6015372045042358,1.0200732349058357
1.7183559371609916,0.48392864758203263,0.5035196393273647,-1.4584525282687877,0.02992881525905151,-1.1317786667460827,-0.2828279857987212,-1.3122641767181782,-0.954699926845248,-1.324545840267705
-1.2840019280688422,-1.2310081104850543,0.8747792326983861,1.6664554744744338,-0.1950467460377219,-0.2010648753417328,-0.628012924069065,-0.1199702243941588,-1.7039937414283537,1.666666676785684
2.683570447250279,-0.05496090035240597,-1.3650880052766416,1.4731942294709797,-0.5446517606329485,-0.4204394789117978,-1.643092935119623,-1.5731159426715815,1.2031595756051765,0.9448901428474364
0.944390271510822,0.47805240618335126,1.8451838756401775,0.05075290552460783,-0.7181583975267114,0.7919725275530098,1.8024202202429636,0.9162908366361884,-0.3724515959032018,-0.4506067775694963
-1.7317458656931115,0.4066105474262523,-1.1575611028632526,-0.7226133810460319,0.00510635479732871,0.5647829997158136,0.6694828970376695,-0.5965461160202533,-0.5170600608654091,0.02534070917888624
0.2987750663382018,0.6688027127038306,1.1613109827619603,-1.3771747977209452,0.1791893681582094,-0.7566302668445152,0.0654613761201419,1.2710192339011,-1.316673777801342,0.4465798291449436
-0.5674720927990206,-0.3324509606841309,0.33141364334161305,-0.19927652410826,-1.5385215672856003,1.3897866539575023,-1.5784810061503711,-0.8943229375060824,1.9265732633667805,-1.3541904929008006
-0.1184381856111546,-1.3445550548356768,0.7027430094439582,-0.17693044254139728,0.42070945525280534,-0.9566737856258342,-0.5204206306250441,-0.4997506268116894,0.0045388668370073,0.7704023922134038
-1.0777331868765692,0.35337196512163027,0.32230658732386736,-0.8537540112796411,-0.20066274216665103,2.1521906859903845,-0.9403943470876076,1.0370785973175969,0.30345748997646266,1.7886389753335783
-1.4156290716849884,1.6293190714289574,-0.07958535446836588,-1.1211177411028983,-1.3065876900802564,-0.7055026759659017,-0.26649055282224987,-0.04257420397559439,-0.6139073988528541,-0.5282774262533574
-0.8613004362418225,-1.9057056983077096,-0.03650231731167779,0.4021671784918865,0.5904887489093131,0.4414259879522235,-0.08400754638503431,1.2833307970166754,-0.5157901213394821,-0.1933416448067257
0.6830070682326013,0.5987258320891313,0.13861231610752253,-0.2037510001983066,1.873048047839024,0.20946750180960003,-1.0953151044663911,0.442410512795248,-1.53338476402571,-0.48100327144511706
-1.6306955267230792,-0.40989218833391816,0.21769264820254888,1.9099068605002192,0.3462462046230551,-0.125654532944747,0.14190020006803664,-1.534803388212204,2.1203091744079376,-0.42806891630812016
0.6697023732292048,0.08815225704307879,0.8873356456720833,-0.0916706910012581,2.51341194444677,0.6126440120911186,-0.1718860389979289,1.036776615561945,-0.6808123161841025,0.4691591107948587
-1.5984999556278083,-1.5572024365719432,-1.6786376031131809,-0.4357720739203104,1.7937586980858358,0.5053392838842788,-0.04425190611464374,0.14900610438821713,-0.5504031027346546,-0.1658335553994457
1.3848960763626066,0.13230753033629775,0.02420982455632626,0.29872905186024745,1.5232264931001882,-0.5924461909520806,0.7337990333072136,-0.07666348455579217,2.153676980245091,0.6095615424467336
-0.7818999343407423,-0.307276691323784,0.7213041002607317,0.04495973794996952,-0.3632286112716829,0.5098782777107121,0.04507938501632905,-0.2953095516376033,-0.361284303919682,0.4150925203307115
0.2471864343843597,0.2833433009633754,-0.5266462287816639,-0.09711656993065784,-0.47266630264068377,1.0134441019846103,-0.22352970557295937,0.184080256580804,-1.2080844491941376,0.5007162542088319
2.0364543307877483,-0.3636260509124112,-0.8592620068016091,0.26202846861618734,-0.1528566799027393,0.4017830107367624,-0.5510962250961069,0.0583408660167557,0.03729726567512712,-0.8297435102022417
-0.4488967452160958,0.27645977033934627,-0.23162542220987228,-1.6308867110651184,-0.8237463266046693,-0.9924589097273884,-1.336945650149156,0.12759282453517834,1.5027550787171875,-0.13677996819842225
1.1218929163134173,-1.419341257605364,0.6709056339255706,-0.6968877664309465,-0.4937620491583852,-0.3551110527537912,1.2608379379847685,-1.2318733681665408,-0.6065777279512883,-0.1472498888033617
-1.351996672982842,0.00182653073267333,-0.8403300981280825,-0.3496047247615202,-1.1935193348882862,0.3792045977628039,0.6016624032172809,-2.305780458088503,-0.18575223905698965,1.2655780139428188
-1.7029298379080942,-0.5351645652600083,0.8971404741023237,0.9188954144648356,0.05220082751515428,-0.6907557257456283,2.6341708485651663,0.0396849186824237,0.4760341868337467,0.06157228551339488
1.6291088382822718,1.2481209083805649,-0.3778106355234548,-1.1471261111945312,-0.6838867459827249,1.9004918483449291,-1.328594515493845,-1.3364329859279858,1.513953774442695,-0.8411576863014347
0.6989004909126812,1.1333401979866156,0.02652499338468415,0.993192348611608,0.3624021986974501,-0.26880942574309324,-0.30857364124227327,-0.2733609425695877,-0.6091330639988717,1.4938237649579336
-0.5281264868010331,0.24284526349604688,0.2139054271787704,0.8385892567252149,-0.1827000308671737,0.9044113143336489,0.9932344668496088,0.5049573372816383,-1.0749941796528089,1.0631285538855733
1.6638632875754034,-1.237769715916434,0.9560784207375612,-0.01145890966806675,1.346461234481631,-0.19800818978544132,0.767292419515496,-0.3139855873814682,-0.6623394544225967,-0.22952165070192615
0.06873362523163686,-0.9035787249228638,-1.8714460274710532,0.4220916065063004,-1.4364727868859404,-1.4210227856102182,-2.617010834590258,-0.14498452166276254,0.1694579469152633,0.2242173245985023
0.40562896711938,-0.6482382917717595,0.3548429749167241,0.4147379779627855,0.2226776942498134,-0.5380933803151151,-0.24773776607097583,-1.0407223809076718,-0.10764964095205336,0.511521737975025
-0.06498663161100451,0.3579893895535524,0.29128581893049094,0.45588419454740503,0.6933476295644277,-0.4597711150822649,1.545798477336391,0.2576452682346375,-1.3780519933954496,0.2425363557520152
-0.23463205368348247,0.7570105359924407,2.600748059745149,0.116851029187506,-0.27185453500499124,2.537792245052892,0.6464698298554838,0.5083237250969103,-1.4808381700145627,0.842606188950887
1.11954016491554,2.0555825262013663,0.8857287274831701,0.3670544463117848,0.4923697242442095,-1.747658870488532,0.23606769940493869,-0.2748129326833949,0.5899176613323895,-1.8825220172104595
0.7673735115671841,-1.4181275376341351,1.1954918495025135,0.4553718410411707,1.280747873845154,-1.467734936983844,-0.9740645799549026,0.29185378247868504,-1.2113711875771862,-0.03157387148815249
1.2030340261071069,0.7021483989205882,0.14609086354759973,1.2670959118017069,0.38672141524061054,0.49840627475046545,1.8435397263535067,-1.1274044151614206,0.6657541218616742,0.8695703558189276
0.06427082705999727,-2.150325973786655,-1.1180468629243283,-0.10158682441391012,0.4574258898439294,1.7792778604171593,1.4589220353847336,-0.43714316374315226,-0.8466277961097338,1.4551153219441604
-1.3130679297549692,0.3158816180306227,-0.6700859048596199,-0.6466109216476748,-0.8932020313207515,-0.12272213403921764,0.16550098006424238,-0.48136897836976594,-0.7362723815163275,-0.8442233589902632
-0.9654766886102318,-0.5446135590508121,0.05027187434348167,-1.6490255774958575,-1.1704926607464383,0.13324081019719422,-0.4145316495060352,1.2321890202769,1.1083617716026382,-0.6898299890461885
0.3703083250156826,-0.7358741724446594,0.5212131324730891,-0.8268732732159519,-1.5411146914786331,-1.1281406752320662,0.13680781946332715,0.07618266716626787,-0.8787862125232253,-0.2132827509162285
-0.0370773468485037,0.8814805153757562,1.364295220425175,-0.5175481508549757,0.28983242031538536,0.2096335681128824,-0.49806620240490573,-0.18932630447860313,-0.07328871681090578,-1.505153139207562
0.7385346887464325,0.8150309595632411,-0.17155852503168792,-0.9141657069874076,1.4871717867554175,-2.057962026961445,-1.5644988733729883,0.16151192217120858,0.8590867016284127,-0.3354749878303628
-0.6311488734085575,0.18210571640736337,0.7697632122999734,-0.1318600279267588,1.4422817160900587,-0.16716719508991798,0.25010620130959,-0.19873294918868464,-1.039567098078002,0.04120548479193538
1.085093621417872,0.5219281259715994,-1.0626502571576195,-0.07634526283578214,1.845631271709197,-1.180975204192266,0.5357180992733345,0.48171891927995425,-1.8675151592570416,0.6657315759164258
1.0247638049589007,1.1030306039921631,1.0813096497354198,-0.9279180114127016,0.6865947797944936,0.3616197688292137,0.5970277383231168,0.1263537102240159,-1.030206144616649,0.1388580595222809
-0.3638306024638142,0.6803979334780603,-1.530370903473176,0.39967924837359814,1.6198047991725777,-0.2482515723390268,-0.19739013016347265,-2.0379663508280625,-1.3434383292990153,-1.0695357907370562
0.14895865845261722,-0.8992831642555947,-0.09523383463419308,1.8158342983161475,-0.6585736918988899,-0.518355453878393,0.8046907864063487,0.07606205071321319,-0.14763700563026577,-0.2704780597767457
-0.4495026249650807,0.01028351772157152,-0.5850712434735795,-1.3346773648387402,0.11675067105188598,0.6988063224827236,1.3509155484029995,-1.3916525935670372,-1.1048684393442618,-1.3879859778439076
0.6314194762137454,-0.3249624491644896,0.19062161460696875,-0.8123859692130225,0.770593312607204,-0.9350543988693896,-0.7658081090354328,-0.4490326371204373,-0.17834581808796182,0.7183533315728458
0.9821830031328896,0.4473821298074278,-0.07651392167771058,0.21015137334167677,-0.26947612802903825,-1.0707811575619113,-0.17277281553711793,-0.3448549079456241,0.7863410754764415,-0.01118448404490136
0.32432267873115744,-1.4044223439169483,-0.14752820449101187,-0.728624160916966,0.9156367225308346,0.5229488568393297,0.17067507078914512,-0.9731726729993502,0.7226412105740518,1.171609202582573
-1.3248780052630458,1.4803457645001563,0.5180004565403368,0.7361923128932015,1.250494541778155,-0.6131653624072312,-2.640891169146745,-2.2199244547412333,-1.297293300036629,-1.1918934754771402
-1.3671603012868032,0.0815997002472476,-1.2720917850360374,0.9971233065444756,-1.4295406965456916,0.06224753200731093,-0.45904955521041835,-1.5894291898861914,0.5494360741271009,-0.5338236472260075
0.9683059075764016,0.3999107840639675,0.6252258913021151,-0.1381868963873798,1.2390981597193973,0.8394874736471308,-0.6843204769052939,1.2569324611114971,-0.8103128060855371,-1.284362934960034
-0.11771760415112892,-1.1500013202012478,-1.686077320303057,-0.6552848879279093,-0.5886020060073609,0.5194714672115781,-1.6886994608097154,-0.8068486388855813,-1.0101107431619665,1.851817846268073
-1.0350932406241722,-0.44038142382878287,-0.4464216758698799,-6.3516273943402e-4,-0.31242713173528985,-0.5106813369188834,0.854466253173625,0.03604076769264793,-0.07410282479953251,0.2907034835588905
0.1731543556425707,-0.3500519908115626,-1.5917420247552712,0.586141327099153,-0.5301570424795435,0.5001235257782343,-0.7186052948621023,0.21752812638587027,-1.9358115004904488,-0.5308464487055278
0.8743482272707177,-1.4695479263724445,0.469880497806601,0.4318118631367768,-0.8531132553667777,1.37866931626757,-0.960382708473276,0.5516805124736077,0.9220772388122248,1.5514399935349408
-0.01058167219433579,-1.6361682529958372,-1.0715732702953271,0.33817184401362754,-0.5449117581956344,0.8860005705681646,-0.09788464373626564,0.19444371036160893,0.8547341625087386,1.2022271153971886
0.21475565672873076,-2.0767366802042404,-0.6269982631347839,0.44307172208364787,0.8983348090738771,-0.09599682773358816,-0.8130614459128299,0.23444028216451365,-0.6010263786271763,-0.3208917866742558
0.75503518774482,-0.3396836117304128,-0.820180256343905,-1.2399899137398858,0.9934584379698826,0.7730657911559352,0.6800252628977156,0.5915499681243599,-1.8711364002960564,1.9173007612124384
-0.8671227258545885,-1.2579293519828576,1.4032658078523643,-0.6559890614103281,-0.9408315903162034,0.29433495409301935,-0.23363727976016152,0.3785086706720072,0.7887804459767401,-0.4971535405284169
-2.0812690896446604,0.3393209261951449,-0.6917773230541653,0.7728521026212785,0.9189505772468128,-0.8224637975073591,-0.6145959741225476,-0.17133849083782426,-0.41501625361227296,-0.01025196438661775
0.24333227482602476,-0.1066979055797917,0.22715538775630303,0.5742568507689214,0.27154836316269276,-0.4387480931786238,1.8710603970869144,0.4878120402446389,0.5441200358560165,0.1814564469589396
-0.6552953483676439,1.1814314529799623,0.05492440632163833,-0.2148869430272514,0.4007978836396392,0.7510578278786167,0.30418907722533833,-1.3310489721641787,1.0624615692495822,-0.6661728428312803
1.3905150853497308,0.9512561119383202,-0.5658069011367542,0.18343786120545613,-1.822331230310708,-1.1842012554754022,0.4624763451881932,0.3970683062829302,0.3819311461308583,2.39511516068729
-1.4078881872063893,-0.7971033144239151,0.290737604773768,-1.512241608303809,-1.0464509987324362,-1.6384268804323414,-1.244850158198307,-0.5386082466650363,-0.1439685412745623,-1.0936484790395005
-0.14466559231592432,-1.0599920131215057,1.430489144270554,-0.16867565289315636,-0.6379988616213819,-1.34935223351639,0.7747816616558019,-0.8210103254655993,0.23812894958769668,-0.19183634067741728
0.3654061637202058,1.83049246874396,1.5390110702973367,1.3946165022615238,-1.2428800043467003,-0.8870687090737428,2.8780132742003577,2.6540269036131283,0.6889438250997395,1.9806518612842337
-0.5246445320314718,0.6313212612577146,1.3378127235034034,0.1931096098363611,-0.32521768327672795,-1.1672673879772852,-0.7812884686378383,-0.03510161781642666,0.603714452099778,-0.1156796853466511
2.038028467019888,-1.9493740637826016,-1.253065805705213,1.0674736550759067,0.47196555574380694,0.668703722582136,1.7290727934053025,1.2456202947159725,-0.6084246986925079,-0.3431726849960209
-0.9347019462828704,0.6224153536985393,0.4933757514136368,-0.7790549660342394,1.544460016362584,2.031414279430425,1.1050015168799323,-0.6640409514244783,0.579522121377633,-0.5081933523822902
0.09207723596451815,-0.6627281264387369,-0.6167882188679211,-0.430630195633791,-0.27150512319321995,0.2879290670961168,-0.460165861931933,1.1482016763531868,1.4967033432621162,0.21828780055827512
1.2650683930948994,0.11070026978584167,-0.3245373465871399,-0.4321495666106989,1.2318946503123225,-0.48897363988751585,-0.23568626086981037,0.968405819798664,0.7129512780889398,1.3378893591751813
0.3631362631351768,1.906756332067182,-1.541920939924648,0.1068411525132196,0.131255682022937,0.26643733738720576,-0.20251432101037223,-0.7196851533719009,0.14779987463377242,-0.08897843919650356
-0.9958477673731332,-0.07080589138684223,0.5261905566805095,1.0406603307512914,0.6633489143110353,0.9614781796710276,0.6131589189464761,-1.270980768270207,0.250580595389205,-0.18699022758093264
-1.1000573910662004,1.8756754374730145,-0.8486590033187082,-0.1886227595776884,-0.4131505207245343,-0.28428808675157624,0.780301393953216,-0.02918485416105351,0.29196936011779606,-1.4452104760622415
2.0494657392674256,-0.4930035035709521,-0.8381389715186791,1.156925657155216,-2.017317164618827,1.0984223253133552,0.4522952331457216,0.8077247602462617,1.851688090593617,-0.02161918772909616
0.312779785605662,1.698361291657929,0.3915872937977048,2.1525677367819576,0.6459444250049934,-0.9888227676144692,1.3209174054325692,1.4744907338422328,-0.11699688633600032,0.3606307748026437
1.077862588156384,0.12539729566063107,1.703268351418315,0.1814642582165596,0.06981522121892927,-1.1868929362916802,2.9936580679619507,-0.2560426572724306,-0.7595986557402922,-0.5855584929934927
0.6989133057809833,1.1452554885351045,0.6092887226109686,1.3075251888458497,1.0879436522517456,-0.01958766023616478,-0.8991034487186711,-0.4758463713202956,-0.8065549536059884,0.6124552974106467
-1.1941197576174225,0.8027704472182406,0.77032150889309,-1.793385406018471,-0.2838616597431658,0.9138258463621772,0.7438798551027037,-0.95640572979968,1.222947902594384,1.143871781345531
0.5558691075054458,-0.8390055518271324,0.5353161948314492,0.34086776018155535,-0.2502792225207829,-0.489824639944181,-0.5964282891237378,-0.5903004212558481,-1.70656235985477,0.4021022830400799
-0.11626319471938826,-1.3993244605412465,-0.2811469639907706,0.23118007996431733,-0.19563339181787376,1.1566695545786911,-0.9161181527498884,1.7791124012578423,1.414850148474118,0.9897581844499178
-1.3341116144638343,1.4107500464514215,-0.4370783928688327,0.06576376142369889,-1.357413317010174,1.1146394326757088,-1.0090236791371292,-1.718225546773053,-0.8703047793939046,-2.630649407101012
-0.7750303812573499,1.8711604621923552,1.2978188229298262,0.01868684518053597,-1.0288676216025756,0.9124713658742152,-1.3234021186435894,-0.19882574163295935,-0.2265136481761944,0.23555319494758173
1.329902648297026,-2.0594616469929115,0.2360267219473722,0.6241381869531685,0.6434153714940636,0.2864394439812549,1.9103641304718089,-1.0607496345017262,-0.540923486356656,-1.0728648557096292
0.5304974132059614,0.00567745027457079,-0.7391835914955069,0.04662992708623594,-0.4710264900661033,0.22539103195321655,-0.6448629337780774,0.48884963097539547,-1.4069945817057483,-1.055816866047649
-0.254495181022979,0.25593567338058804,-0.20650413943767656,-1.4615433690044393,-1.4451441567387189,3.17892106267169,0.340540374561359,-0.5503602426261074,-1.849930913135054,-2.077691082956692
0.3858297556334072,1.5429254893243805,-1.4166066215457267,0.512618549771331,-2.4807931699000374,0.14763671856269117,-0.030952347126427,0.02337608299235439,-0.05271341863406011,-1.1301505641199794
1.4425449456574655,0.4529938281944957,0.8249887174689046,-0.2569839102219219,-0.07715888621302384,-0.06318871625152901,1.6041834062037923,2.838285230569355,0.7900898133113576,-0.21106972862612008
0.7843443377837175,2.266102962519172,0.2725108198089469,-1.0922000276416353,0.4715221398207498,-0.857810268557283,0.21834349767035008,-0.47333878662664514,0.4191418970137137,-0.7468323154504001
-0.5475059561109192,0.06469898432596267,-1.1501765649226157,-0.931019712577984,3.04372592071375,-0.01009277094134034,0.02900079152799955,-0.6174616253715752,1.6989608721526002,0.4693288899207753
0.3753411346564785,0.32388173538299353,0.4207906688507818,0.2331287402966259,0.9141313105892732,0.12690700939113428,-0.5302757345651444,0.564821217412848,-1.790188222985867,0.3690454059479462
0.49777824438590873,0.04679766706247034,-1.7711404044637458,0.8487083645443858,-0.15389594012147412,0.9631037419880584,1.481218682841264,-1.525952816475918,0.07655897212719404,-0.9056093260519416
-0.17035504584136596,-0.9172358139486992,0.887822904683221,-0.27840247920869493,1.1152531594125543,0.5762395166543209,0.8814537618716431,0.30060754183996313,0.4104020185629655,-0.19740629702212095
-1.0852625013231074,-1.0780513401625005,0.03204113881246316,0.09918403144713092,-0.5185080855836474,-1.3849054549062427,-0.4828229660141421,-1.7464111150094606,-0.10810063227220558,1.823934835494444
1.5022682958067608,-2.566745996800164,-1.520846024797621,1.2299110084571394,0.5856628150641315,-0.15576179870109305,-0.3900731223158841,1.656313838038295,0.3212161192967571,-1.0251415597444733
-0.6106449774350133,1.8783836836408825,-0.211072549318198,1.0794869276784165,1.7745931430437394,0.5020993180355949,0.03577131806353294,0.5875550415860393,0.8419631314207162,-0.3331387185626599
2.1052702018973344,1.880242795103356,-0.17131976225312087,0.7899541146323016,-0.6348107208804937,-0.1951568901423181,-0.08569584557943372,0.9328648934502352,0.45811269203513993,-0.8879335052073677
-0.9507114751200288,-0.9031985336362892,-2.214487688137498,0.03295178036875841,0.1741045684288092,-0.728894279558042,0.34143355359078265,1.2443475455273625,0.3640713460087939,-1.0585878284658214
-1.0438997547772555,-0.6575667160718117,0.49773387625536664,0.7286247100951149,0.07380070960536045,0.5429510688622307,-1.200790633673546,0.6149094370901754,0.8431858303253056,-0.421885536288596
0.0987112796905372,0.8657071589202686,0.48932599989752623,0.5070592667114637,-0.17959249797927115,0.9845440108306044,1.2080551756205515,1.930459378315549,0.8863948088861768,-0.8758951226682968
-1.955598740775515,-0.1516727680112154,0.34784189759920814,0.7184107461709909,1.2704198057689298,1.5858350407529096,-1.504559562029019,-0.48551026378449497,-1.1695156590558542,0.05389607056602491
-1.0514483708938012,-0.7438264071878227,0.986420614493992,-0.5614169015262332,-2.388027331982398,1.4912128394409212,-0.30480275882737073,0.6848237762918568,0.01957590294913486,-0.4222055430037016
1.0070160443265357,-0.5541067158926178,-1.0456283041733605,-0.6495652839852845,2.044018866901381,-0.4528968902580277,0.49534873135385304,0.8446267182755933,1.0803723499286242,-0.4353589416718722
1.945688695736033,1.277516034929975,2.533650656080381,1.1943232258380043,-0.45681164057759505,1.3950509104915645,-0.7642831971697285,-1.883704687884839,1.9816879147998896,0.6463612236890766
-1.116989493735288,-0.12424113480948842,0.7369523904427331,-1.5964458144039593,0.2688827447899178,1.295651728821993,2.242406434299539,-0.2970626881250662,0.5975278193427326,0.4489794500463972
2.2245866192776265,-0.12792375253967309,2.3594468838386624,-0.02688310319387759,0.5114464947025286,0.35060775713824416,-1.4535451289425363,-1.1900549324454135,1.3416853161978035,-0.08418338408424207
-2.393857476167241,-0.907397619779005,-0.7538588506118588,0.4360277086050964,-0.4963763339732172,1.161941265505065,-0.7547834128482855,-0.4265563985917258,0.8513246007261271,0.4270171984761988
-0.13011324108286298,1.5153051613851762,1.349151498372081,1.059275058916277,0.6378710046224043,-1.0097725424829909,1.915748903047393,-1.539360166648781,-0.16576641945544368,0.6405998415643377
0.6234651118175654,0.1232681906740444,-0.1464656763241581,-1.5373242631868602,-0.3981206761912717,-0.6867515500942845,1.5293063608362771,-0.5006565548038316,0.02931873620222533,-1.532522479069736
-0.20743526565936615,0.2733743654751854,-0.7034543845392373,-1.4244301427447277,0.00820273452057218,0.6681911427632045,0.2960369133418563,1.310545490318489,0.2276658075589903,-0.6639989093781551
0.38518256561498154,-0.1760140229370479,1.6288211773275083,-0.07129655199600808,-0.5086072613892657,0.14708153033244276,0.6559708401648575,0.2917952414500702,-0.10513728835275418,0.6465777146092639
-0.43572063975199565,-0.9607658398498998,1.0447477048618177,1.087449955118712,-0.6414103770741785,1.1921227509566514,0.947957532730758,2.032223863740825,-0.04797703715148442,0.3734372729555693
-0.3013687226455631,-0.07378825252818878,-0.08903958042990728,-0.6121444304459158,0.2891368631372487,0.7989754716698504,0.25637558840811847,1.7473910592267612,1.2403189759900088,-0.16194106739263903
0.7782073288467924,-0.5040208223619186,-0.3793693704430303,0.05064987282506497,0.2793397214302461,1.5989506586277171,1.842148626025044,-0.4332717469383187,0.4758900808826851,-0.3507360397368775
0.37202229747211113,0.6136403859653862,-0.24057335545647063,0.5319446289191255,-0.4258224349282022,-1.3052974284993726,-0.4659222373039818,-0.14841609867258987,0.8153119931910177,-0.18083449377197225
0.5631736227349659,1.00362613018396,0.3453593115206279,-1.2773596576323727,1.1088053772007262,0.729230946885404,-0.5700378243766462,0.292358133570464,-1.5720071726657932,-0.8770563276667317
0.14265234154940729,0.05794292121635788,0.9930837864136536,1.0998032192267349,1.0301470879693302,-0.2766833383242923,-0.6819006745149195,1.2886625595787995,-0.7803732022161242,-1.497923339296951
-1.3189532896835543,1.2164367659187714,0.14065439731289298,-0.19441084696036665,0.04790818816842648,0.1054655220626737,-0.7628379398000993,0.7550326424137234,-0.18261924752267564,0.8466144893492275
-2.6531061450448017,-0.3451174522308346,0.7672431374906286,0.00200459177398045,3.021022174743415,1.170806161121412,-2.247819200917995,-2.3745274252413875,0.18094365602945792,0.4028191893527507
-0.3501123202583533,-0.9523624383631614,0.29882884459080616,0.3240469574540218,-0.5952296782341611,0.3038914549485646,-0.0454212078816209,-1.0015276135427995,-0.06658952420612693,-0.3208280551049029
-0.2797601897709001,-0.04629918233394269,0.1862565789303647,0.07703638672242612,-1.1064583840469313,-0.6712409138973656,0.9868862574449132,2.036937858848102,-1.0530311995786856,-0.1993048148490365
0.2801974257593057,-0.5940402185171713,-1.0942398261698307,1.5600480406780834,1.7067256925810113,0.28608894345078356,0.605258415883671,1.9694678350546504,0.418143233197634,0.05182816561248699
-0.594233586883294,-0.9881632705634068,-0.06107927862008791,1.2593521670594026,0.1500558243411386,1.0834472660943435,-0.7406311476464665,-0.1713610217214161,-1.7205440123197246,0.01784123857624458
0.6156888889972819,0.4567996001733098,-1.7810280988046283,-0.855791322573216,-1.5060332963914702,-0.00128762877646951,0.645471892862029,0.6096009851111915,0.9176696262187514,0.513609700605334
0.1423948446305153,0.23596776300052164,0.1061052372845512,-1.688934780869457,1.513542473392723,0.8738712957456349,-0.05226080845148583,0.22081130810135063,0.5078877915260488,-0.3400139375913963
-1.548235878809718,-0.16735915724761977,0.965885724733535,-0.7217591912875028,0.05385606765725206,-0.8144813282132768,1.1056294948713143,2.114219143738629,-0.4508919881531868,-1.434032560179474
0.6441391240745232,-0.15858114317309455,0.2620836505836086,-2.537447139211263,-0.14691092989719637,-0.6384665868717982,-0.09041593310137962,0.4619277923367609,-0.4010168520031754,-0.40430779525349847
-0.3379877882551868,-0.6866606044190307,-1.8729111769440296,-1.9658243575269907,1.6274246942345325,0.3513019063241606,-0.9252991197285348,0.247019189181624,-0.7399502629221465,-0.4189956956018767
0.9904777839308864,-0.697899542905736,-2.26588604196922,-0.595732954266627,0.43219112044642854,0.5143917686012772,-1.0202151606357657,0.5683537967674025,-0.2706497137626803,1.5148873783972006
-0.8410048503578385,2.3106524823486234,0.6375258534089553,-0.9088519668066424,0.2241507617424896,-1.165809442608878,-1.2750690251072256,0.805575568751621,0.5564716909958791,-0.6585207193867012
-1.187094653606678,-0.6539301420630077,-0.34770774960597706,0.9681124690955476,0.13722170099360048,0.9587773841255648,-0.16207189322139065,0.2431499370321697,1.8083437766734676,-1.5987291812947886
-0.277550048776899,-0.8624633125411013,0.5058322569992358,0.4082333643219976,-1.314798994212052,-0.4848396366240731,-0.17415267396173448,0.22998263448586256,0.5702234070534906,-0.8412490791958637
-0.7791248256729849,-0.0097476262475645,-0.4593524652266723,1.7737253338893708,-0.04788421975299997,0.5902954809983176,1.1788935279563857,1.5778315904399578,0.38351752772898606,1.0899539462170866
-0.10840449900641848,1.0720965824099742,-0.6628731125152738,0.1541860625004536,0.4428195605507826,-0.4097055957480815,0.02375439097698188,-0.5121348822556966,0.5978564541668135,-0.18160122265501735
-0.00182876918348866,0.13649832474952817,0.7580172539077693,-0.6293334069826213,0.7795096009216946,-0.5110292812376894,0.1394359725260741,-1.2511640127741248,0.22297536936652584,0.6496279937252987
0.4422113949784691,-0.04663625303687657,-1.2295122891974213,-1.157629179288765,-0.6292820149800309,0.6395826938404245,-1.6012701563909897,-0.24690330057049312,-0.21579616411134003,-0.03910112908706148
1.3424630671529916,0.612630603836375,0.7663704617295525,0.5347265356010227,-0.9073630721688292,0.07617977587250603,-0.4708611234682956,-0.3910536404733099,-1.9455211640683652,-0.5229433908851694
0.08949633156038037,1.8380256369467023,1.462419306404182,0.9430846734254544,0.722766039535043,-0.02306907525974391,0.47028583155099346,0.29868934667387265,0.66372650472391,-0.2813385597528838
0.8617612382007678,-0.951342539207528,-0.6848342014652462,-1.4450350642812768,1.4879613187088856,-0.13899102170423194,-0.25934601039639593,0.7154241310138743,-0.7991889633080752,0.25969557616989686
-1.6999646883730135,0.3644327057071365,-0.03110930099120524,1.9705417278279176,1.250808754769766,1.3935553218463026,-1.4045341594699712,-1.388190193857428,0.7877182914657054,0.15881721292234716
-0.22524920402522272,1.41304047343675,0.5346640754134014,-1.2039454965375098,1.2076434937884235,0.7115874673564175,1.1778642730457136,0.23486459543462845,-1.1266018094977766,0.9180370606916832
0.4206699935147944,0.6146303969998218,1.5150009319443971,-0.6400688826709727,1.4083680117844957,0.2018315665281655,-0.9539993108454548,-0.19374426863769717,-0.7358239219065975,-0.4507423693727234
0.7355254020490095,0.04180910331260699,-0.6386498735254216,-2.0879515356089757,0.8566264584631047,0.12601944728130668,1.947787094403216,-0.01328866437005509,-1.2420715494949557,-0.5074226150505887
-0.1822506519185664,-0.7300430149224589,0.5654964649576522,-0.4970793044255298,0.06927994499323302,-0.15105051417297105,0.9435219297995752,-1.4110406988752515,-0.7172000543747683,-0.8072387710118939
0.7395612113471787,0.43637711673327007,2.5928516919559907,-0.3455574388633823,-0.33589227498217206,0.5863141343457202,0.6250380721168337,-1.7648667090833516,-1.3305383567577596,1.6409744200891736
0.7868889440752794,-1.200945863648768,-1.946884160742708,-2.728085941593555,0.5185831104588176,-2.5262691237158363,-1.0975029866302723,-0.3124077442418818,0.37606540019846085,0.0886769899253522
0.8400768662174861,0.8180866877558779,0.12324086177683874,-0.2434003312025604,-0.27769092509583454,-0.3339002397894348,0.5547968335687927,1.2105936552811185,-0.4261035005040383,-1.0384443030655062
0.16813711152752078,-0.8640672427409545,-1.7475730591447094,-1.06528512794706,0.07845350221057841,0.7947301518658041,-0.6785871823674919,1.288884527628536,0.2778990795606417,1.02482831532852
-0.8774447934864067,1.0592742490664768,-0.08656248618180294,-2.291639093741482,0.06976423911199288,-0.6467712737036139,-0.9325685141447736,-1.1110821312430277,0.8503388827569099,1.079559547363582
-0.6131123502215843,-2.320450444798934,0.7529273495149259,1.1729881799906523,-0.7197360826260494,1.066150802913143,0.269097947663951,0.5644334864746606,0.7490430060474984,-0.24531084281831583
1.558947501033204,-0.5735812379524621,-0.4730375509426744,0.3285153812789312,1.22918593829823,-0.8032543600122594,-0.004866636759147,0.7006436069842534,1.764889230931439,-1.0585064690583028
-0.9780748502425805,-1.7613736120632333,0.0991128484506408,-0.4514059777432426,-0.7219432523120037,0.5210603065727513,0.2920555823864674,0.5938324775570887,0.5325126060031642,-1.4360154272523344
1.762347986650769,-0.1230120598500258,-0.34003311519519924,2.6459374125651003,1.159707496433975,1.2037158358031697,-2.370215299611537,-0.3194271555278011,0.955767163145594,0.3710880939532914
-0.6996182878857781,1.3657026622245398,1.120884813300775,0.1917388804133737,0.4961895862365945,0.15380200691058138,-0.3364645058536554,1.593238797196929,1.3259899452797028,-1.7167434792008558
0.31800465500123715,0.6699497451669427,-0.25175033897962074,1.6988227508540523,-0.6030620791608672,6.430352769897e-4,1.5041676862144857,-0.20369123109867993,-0.05576538983186274,-1.5405043190376368
0.06940435869043744,-0.09726550461644869,0.40290606742003743,1.6813309184035772,0.7624291008036135,-0.08864167744351671,2.126791847228424,-0.34012626811802277,0.3444924937861755,1.3379461331441955
0.9860566042773804,1.9276341339440852,0.00604097833976725,1.5724555018395778,0.04558521060962083,0.95859237932102,-1.6953586337174564,-0.7727548456320277,0.6134154481040948,-0.2270912880855939
0.10533293276641176,0.795472140230143,-0.365630272222422,-1.501160736156526,-0.7021157766809931,-0.24926708051898064,-0.14191139663661226,-3.014718002687809,-0.27581070306806277,0.1573248167543222
0.02986405602720534,-0.43100186966179294,-0.3899148004543027,-0.06004207138451425,0.3594742952012177,0.02098683589578748,-1.318273703382714,1.4553186206286433,0.28409710122080806,1.8776291182212412
-1.1230828713595282,-0.5645073064589952,-1.406719492153806,-0.9324374188379484,1.4182239630697484,0.23289964635320523,0.2753246734764854,-0.9524262399570858,0.5814963144165906,-0.47874441746862106
0.3727026758364944,0.06074563342345347,0.9111506395901348,1.383458255310517,1.333549290389329,-0.3800776141076519,0.8586789568741464,0.34679051656378845,0.27874622401249916,-0.5448403528453482
0.2529152506812223,-0.1608572382804115,-0.09017028086943968,-0.23799926812000857,-0.8554819164797983,0.5158324644248242,-0.5439407683649311,-0.0768262063292497,-0.905936124825524,-1.6872046773846383
-0.062773025000978,-0.3758410593582503,-1.658101956091924,-0.5076631197477712,-0.12848668251220782,0.3646291042541152,-0.3094379117258548,0.8003937110915326,-0.06634638986909319,0.09099985166627717
-0.10489248298102362,0.9304278329929448,0.6860208610434887,0.29973906726795896,1.1436608267121275,-0.7936424297205646,0.113409391749161,-0.3973590731884752,0.3628860476027797,-1.5730712018234865
0.6070739579045099,-1.952483129655569,0.7096259574262267,1.9690776604388711,-1.452290301835944,1.6485660221891163,0.04033891970900964,0.4988257325580446,0.02445425176269801,-0.6024530779049758
1.0730545852862388,-1.174175860012344,-0.783976129029045,-0.0321341325941635,-1.991641412115961,-0.510848901558021,1.0819839826797395,-0.34288000312835526,-0.7690493115036597,0.3540401369520033
0.5569002952866402,0.12644986485382434,-1.0057545553746663,-0.4302550233195751,-1.1798819711794586,-2.5380661505883175,-0.7246207290775444,1.038556444714409,-0.6876666787340515,-0.6757553163195952
-1.2431814634226257,1.365519235058165,-0.4219712012650468,-1.2073454383226845,1.6101116504114776,0.04637119840956095,0.4041306981805624,1.8460653198323376,1.2011706664160091,0.8227754652884368
-2.0329631673337705,0.3692050879340367,-2.092873488906165,1.017364427281477,0.30792024591749556,0.8137102630356465,-1.3601320558701686,-0.3768766807234909,-1.3302545566631006,1.1347596373727182
-2.887741220930455,-0.297193194670623,1.5583636893067212,-0.46743517446728894,-0.04527962195353628,0.08214130186882578,-0.8079317328900756,-0.24603677887676936,-0.2347548647186061,-1.1447435049648456
0.14451045245414204,-0.12617132886821963,0.34250931329997963,0.3215308946555261,-0.14474084172187823,-0.6981946459161633,0.305554090820885,-0.37651982481887303,0.8820328717940397,1.27986918635038
-0.0992284063348886,0.45135735468121346,0.5334988243194914,0.24031365227071905,-1.1953661903759345,-1.0166044915295804,0.6381075621173028,-2.0858037263483533,0.7891714734242987,1.3360906320001311
-0.09222761899481982,1.6655772414192271,0.7709152911754803,-0.3400081487471013,0.15889400205467658,0.5190391655828742,-0.20155061761540516,-2.143093574264834,0.5929158213370175,0.7419278159548801
-0.4426331741650088,1.3825259343171763,2.630893053670449,-0.5599333230812097,0.1584139070190579,-0.9501034693353242,-1.596676742243489,0.4922788795369322,-0.7207146336598038,-0.27954683578573236
0.8700022706696046,1.128151492972396,1.584715371257977,2.0435681250043647,-0.5826480520862326,-0.9409744112193124,-1.3010293410274751,-0.26326725593179257,-1.1184891785371611,-1.4327788348985115
-1.8344328765384512,1.377530246427918,1.3321261856949125,-0.9868724651722024,0.6898606242040419,0.20459306180398457,0.03793544955708404,0.5716729790833142,0.3562600411165837,0.33250183155993307
0.6180396191046567,0.574926803361734,2.3852210432417325,1.569412029428582,-1.0350989697143622,1.944901959855325,1.797525807106752,0.45286952655268986,1.4460393962946212,-1.0275788663456928
-0.965709426617463,0.20016829829649116,0.9815859539002256,0.02175888753338372,-1.1512222419685083,0.05659330614746138,-1.090050672354125,0.01735340802982784,1.4026197796069615,0.7153886999876586
-0.7110876139082125,-1.2431296022251703,-0.8589888206961722,-1.2085145852513617,-0.3038725752424855,1.2778223671434898,0.35358046864559056,8.5085126920075e-4,0.7797722292098276,-0.6822833556097333
0.3961653835825138,0.6134937672378994,-0.4373360825427456,-0.9944835328108692,0.07268282834540972,-0.04265496660410054,0.4866914670510508,0.66557901033504,-0.22898172957860288,-1.2684546684038411
1.0024042461478777,-2.05624215821461,0.6646964135741191,-0.4276199161583511,-0.5158308807564248,0.1832218472718989,-0.2771948694871422,-1.1941400303037537,2.360268311830277,-0.1350482703851099
-1.8959315320581092,-1.0787707250687544,1.482994714562749,1.3981888533867293,-0.8479565850764977,0.8120510542990603,0.8195641730309314,-0.11503574065964338,-0.8675699957176882,-0.24250577999080225
0.7608650099025289,0.0656637304995495,-0.6447546507275433,-0.3613525827207788,-0.49152302004762777,0.736819245820409,0.7147728498354038,-0.25051058873088106,-0.3086372032130339,-0.3199110504875287
0.523053635568018,-0.5885674136949371,0.4048922467887964,-0.3959932167844245,0.7879523600298128,0.7328229125715656,-0.3489137697957996,-0.9725833033019324,0.6760721915225794,-1.0137478052448714
-0.6763921596126417,0.20157131861213207,0.94058588311738,-0.0556900162145694,0.7983919562248339,-1.7553988567965435,0.8781664239374481,0.00916570126030704,-1.5822504460804865,1.5110219657514503
1.261841744779401,-0.11045505924125532,-1.1569605617385958,-0.01520617886610585,2.1075732573792667,2.979984347261629,-0.4044366815352763,0.4227868997216474,-1.2351879996657211,-0.5086181284168478
-1.2698340840004687,0.5307909830409935,0.6487700954474157,0.7453708212848001,0.5888296278952087,0.5173848261619222,-0.08849988252720586,0.24764340802304197,-2.9557962134495472,-0.7471950017552449
-0.22188834115589792,0.8295992177272937,0.5750708882655772,-0.35088622214516296,-0.2695339766222513,-0.6356871857727675,0.13142327055095895,-0.3310578360130055,-1.159174517071842,-0.3347639391795406
0.41961021341693694,0.770377848146127,-0.28015844825943215,-2.3586735170861233,-1.7485766483888314,-0.2949649759695709,0.533146317094722,-2.251181751854649,1.628023046238026,3.6475162761881847
-1.3495046462732316,0.4241921499577811,0.5542976603067677,-0.9926903933922218,-1.6536550808352977,0.3816102677004298,-1.4993110206510556,-0.22984848627046167,1.282824502372027,-0.3509948674479707
1.1355165601791006,1.5029634715315947,-0.7618798414408169,-2.194675581521715,-0.0371596080730656,-0.8525745130288437,0.12273825988791164,0.7370836200790704,0.2545092630291499,-0.4304894562590959
-0.13214869001475224,-2.502736386095873,0.5753231712716901,0.8711351945229975,-0.12534521240008287,-0.8433504397255402,-0.12060480176630096,-0.0956719158183612,0.3950319975169342,-0.5127711982946656
-1.2122837216912548,0.03777168273642946,-0.5705949809825509,0.21545467476077196,0.7150566788830366,0.6200623121854343,-0.3771264600587841,-0.5508783916508598,-0.5804062284893414,-0.8888029501080523
0.9421044347723952,1.4684326758059223,0.9151645531646868,0.04345694225554417,0.8402050491733959,-0.20996857258935991,0.5211760466119971,-1.0813604251776558,-0.7335362535424836,0.20696572625548487
0.6717805749064759,1.4045864064570033,-0.5620283593114781,1.5739012029188724,0.6464009753317262,0.01930718189757562,0.2653006172608431,0.5321505078785889,1.1619285892484998,-0.5882031868470843
-0.9091078209632742,0.9871692594983534,1.2517022036196612,0.9432230709286964,0.9414944723121924,-2.307598398299506,1.0448969832721138,1.1776023414199743,-1.4992304915437782,-0.7498118151364564
0.6815991504688367,-1.0954328014306656,0.5761849588910127,-0.9050876352297772,0.7227454221183478,0.3362353129507552,-0.2642615702772025,-0.03888715947276957,0.29327101264215505,-1.1369143726787168
-2.4385723180426497,0.6104905336526493,0.6359971390683318,0.7720668544453307,-1.2282026318419743,1.2036627339425114,-0.7645313067362253,-0.3471939987978248,0.0881989735397324,-0.6045275689697008
0.27286656775526,0.7158545929738268,0.03164726875539546,2.3405853883988312,-0.20750063943362257,1.585777245050052,2.6668524743630857,-0.7192115179309655,1.1408091769998991,-1.4345969769679148
0.9650883163074376,-0.5056729253157974,-1.5246164370679876,-0.23609891867921895,-0.4105578559079414,-0.8985548123313694,1.0833654803345498,-1.5797132269928658,1.9326259370374108,1.2378691254295568
0.788959144230558,-0.5598102464063539,-0.7199054174478138,-0.12212845523508796,0.35256915124361254,0.6729348052464599,-1.0291249246969971,-0.3686320657400211,0.9023806946774324,-1.2387429500890514
1.0324843895937876,1.2450905697431014,-0.5138707536883462,-0.23119354460110195,0.9140517125246356,-0.3339058600069849,-0.9344872633960996,-2.9923582464971012,0.12757313123387218,-2.5111963239138744
-0.17745823264005747,-1.0935700077053825,-0.11366453562488614,-1.1178314886322702,-1.817703065997823,0.6596152994698307,-0.11129993466315843,-0.0144139632868504,0.1516627329332667,-0.07184895065795997
0.1519128979779542,0.7666186113350325,-1.2934259761686608,-1.4656763808935789,0.8115734746051464,0.5603646751664751,-0.8494237277573259,-0.00455419060099334,3.128679447870853,0.20457614841950947
0.6815520331047434,1.234209580010922,0.921250813451249,1.774411022202077,0.06534531448540412,-0.3831517189433612,-0.04264994751236858,-0.908977083224435,-0.2922145172014056,-0.5405676931676087
0.8474126803275104,-0.4158158793074048,-0.4180194876074232,-0.8579991280037833,0.02675745906871846,-0.761525779636147,2.513199808066876,-2.3226402972368687,-0.6475366962237515,-0.642324205935915
-0.6450780749787078,-1.1648813378472846,0.5902974263321901,-1.3163974282627795,-0.718747258227823,-0.5890350764379029,0.21139762802223327,-1.7135752772100412,-1.57932137070551,0.35551820358879926
-0.04525749796021999,-0.35895790355807977,1.120721992883972,2.1811954469640944,-1.7504975755949854,-0.6455182975512914,-1.3124877024203725,0.2671731058779276,0.3637735490348893,-3.1927996781321
0.5912176681651923,-1.900178739510433,-0.4020727569165999,-1.4154402146448273,1.8794842380181405,0.12089505943891352,-2.0049763344803773,0.7506764587702609,-1.1632970175573711,0.08851849878599097
-0.267398178761953,0.1183466266470113,-2.0206365571216627,2.2482179863742915,-0.7089502273249643,-0.4505454093774045,1.592440525396571,-1.3190951016047456,-0.3531139873840749,-0.8645925739449462
-0.7420598198622075,1.2357070592603,-0.627208377913718,0.10430267953775658,1.1575761423547677,-1.9736538505716392,0.9466750511999534,-0.5007783139539163,-0.5866869418193625,2.475126333405027
-0.4304804613558969,-1.2249968919942356,1.2855053437847517,1.5678399332813688,0.34130941987467556,-0.7384126076371564,0.03701535441876302,0.3390230359662957,-0.2668307813109541,1.325523016216492
0.19349210554973945,-0.28657386262905205,0.4063863586524399,5.6137178107528e-4,-1.7949677356946174,-0.2306554415873371,1.4547578471431717,-0.8778937204162673,-0.9715775332807904,1.0319023935836755
1.5110316110880664,0.5952892795799763,0.4214178830035364,-0.4626355738158164,-0.8066885726216957,0.9990151532506408,-0.7114411778890247,-0.08597150739604922,-1.359093493989078,-0.49918432085035663
-0.3490844536927589,0.8418610361743666,-0.7049650495784084,1.6902250367420577,-0.6522038034825516,-0.7148071348568749,1.2294589313426525,0.6216640785070453,0.5130599635297335,-0.7646911614029691
-1.5430904976749866,-0.4349733815886051,1.1731952828988508,0.5495904543993637,0.5963082035316073,0.1305582540697853,-0.7296871044330921,-1.2028482475183462,-0.9456705174401466,0.3163942584424154
0.9082696740455432,0.22512295093538656,-1.0995050648678015,0.7662166475954484,-0.2964486594752032,1.2933060632638875,-0.6753190315924198,0.9108832551480344,-0.07803454373747983,-0.01468904822289383
-0.9996865128191283,0.5846471618106653,-0.10208453787755375,0.9983505641404876,0.01514072921098957,-0.34018009868360677,1.6740494527146608,0.391065319777519,0.6555887317872852,-0.20847112967079423
-0.00427091915100566,-0.5362764632366022,-1.5054574468467512,-1.6929157840619131,-0.39820219798096024,-0.43061352350404103,2.0398889996260743,-2.899600897068606,-0.17251344725355255,-1.5087300860760224
-0.4282529376605335,-0.9888720589196832,-0.30543441898472623,-2.2149745380332275,0.3165583878577502,0.5428295930704939,-0.7435350212372623,-0.8774610641745377,1.207977591686045,0.3059461662711076
0.27049592562738256,-1.0101956187672614,0.5168230292601591,0.25622083711216315,-0.14456338664572282,0.17531941506337476,-0.1834794284229666,-0.8300406054577776,0.8866563647992765,0.9403458954208036
0.00752700899614866,0.01721807881108309,0.4423286431498201,-0.918685347784335,-0.4035524215918423,0.7594025996046901,-1.0328587579369817,-1.8164550344984096,0.39622089119722503,-1.4058712561721842
-2.278230936882071,-0.27566756120059543,-1.0586314839543771,0.26410865319475013,-1.0620967678071935,-0.440420694288858,0.6233627305952251,0.9315384449298012,0.7574927703340399,-0.30696060086531746
1.038289277380741,0.5715638353560294,-1.1364048805125997,-0.2891311299432841,0.508840745274946,-1.4642890788167444,0.16534849604415486,-0.5878266938059301,0.28805987797884247,-0.37825795466171624
0.4364430261935872,-1.3865078424488508,-0.7059812280448802,-0.6660368572683002,-0.5867046778773977,-3.0856126219849913,0.666501684197485,-1.1820741011464948,0.17563760762340608,-0.09779195933404626
0.8652832723321683,-0.5127223171640382,0.29375913905989415,0.8563178423432044,0.8319203838754593,0.3590203384383833,0.0745622689905293,-0.21472509969603537,-0.0792113070047344,-0.7190367096086971
0.9300537817877969,0.9127920388633568,0.7804458531614019,-0.00212941603423514,1.825830832577025,1.6174402285757796,-2.072553872396589,0.00584482494384027,1.2584963230064956,-0.5477843249964383
0.12193297489241602,-0.17622339081968094,1.3976171801654886,1.3592043090894557,0.13591516241260618,-1.0901588802886923,-0.907017696887558,0.9467063634467106,1.194567435307568,-0.07571661701072452
-0.02799494033053407,-0.6484317453789296,0.6707851351456953,1.3822024205021883,-0.36577727004493105,2.7934290971432416,-1.5501024881075127,0.3646455842723693,-0.353688706853804,1.9143469801808048
0.3160966109282452,1.337912868312106,-2.5057154901156826,-1.8710274348800209,0.9281477493844732,-0.1105534387205056,0.954199626231359,0.2667554731662093,-1.2208432911413611,-1.6641349641522456
0.3718935903462423,-1.7354751485825866,-0.41879238164303034,-1.486766114170885,-0.1497162946008999,-1.752317923678225,1.8112465899021488,-0.5111598894034621,-0.5950929673828476,0.0841273689725546
-0.5849645031056576,0.716964066144859,-0.8619398140260107,-2.0317208165348104,-0.6732064786404952,0.276472690219034,-0.7181666500736434,1.12435778415841,-0.09606055624319455,-0.5184547267252306
-2.090254533249336,0.9571810151717668,-0.921554082223553,1.351750885133373,-0.4121353969088945,-0.07531840100169533,1.1540698250712151,0.94784312520937,-1.896554866203616,2.0272473618408253
1.0267839284004605,-0.5441723037886823,1.1404911779611286,0.4132492140753733,-0.18231310195932385,1.2609610685175312,-0.396606658923259,-1.4244635293393524,0.00966661464914459,1.292293356168896
0.8861780096905935,0.8560054170455369,0.10196881200363646,0.13499101319440895,-0.9378146606306836,-0.38180108789659184,-0.1679092667546939,-0.29768466583299835,0.2975677367209305,1.1127284264279884
-0.35076944538707056,-0.25963477776235666,-1.106832495238162,1.4700975784187476,-0.06840862222386451,-0.3530550600765293,-1.0614701747710773,-0.2998416061126759,0.38743208183689065,0.4748320108980069
2.520353399198054,1.6372621821090283,-0.07986028508813425,-0.6089898835784809,-0.2864373226716297,0.23555555059331731,1.3211442008830394,0.6812271310567652,-0.6906576373062491,-0.09302883334095978
0.8275852894728283,-2.1383594635639667,0.1953658880610435,-0.4552283433511189,-0.7015186610588602,-1.051781494616144,-0.8245121888860099,0.8186124505315552,0.09393824894236603,0.14394363533015073
0.3855835023002533,-0.7074057364213376,0.12788551373889362,0.2486943306299969,0.1322184679530906,0.8567653208924814,0.6773126719524368,-1.0137237639880703,0.15004306234643577,1.0415793406755478
0.18101949330697495,0.5868554237374374,0.32520659841212163,0.42317389817968976,-0.730913778030685,0.751124715771987,0.8097656913531684,-1.8376228313332428,0.7044137229127486,0.5890608044892915
-0.824309200395443,-0.524872734760433,-0.961346558612565,0.4838972709662182,-0.9777738874389764,-1.276917650924769,0.278685399050531,-0.7294436025957066,-2.7048845072713377,1.4642217129287651
-0.4582493413691345,0.647518451713,1.0621475521261594,1.0269334889703068,0.36784284630240927,0.2602494329951321,1.493621407836965,-1.1494319030006932,2.13964968154066,0.49687420741255656
0.5946755016559764,1.533216042933118,-0.7419263548522144,-0.256692817845987,-0.4637164932356661,2.167804103431262,0.9951801018252976,1.1269098943238476,0.5847710525207436,1.1398225218985771
-0.4637854417466348,1.4219149035377032,0.05668305479761935,0.9857718322144204,0.30343279931918504,-0.15380985280580636,-0.2686013896482791,1.0917563102803804,0.9787793572195582,1.013003688223869
-8.2510332103884e-4,1.2880563930803737,1.047514179640774,0.19611881527907263,1.5146130851037114,2.3506914032841224,0.32407629400839144,-0.7535131842270321,-0.5468340580424315,1.3373353200967235
1.4143266922143458,0.0825904913069764,0.24221027327869352,-0.9116835779849228,0.04411252760825988,0.564114183188132,0.10331128833001592,-1.556453392140624,-0.08282251967683336,0.8805351439051381
0.16449870669485395,-0.10844986920134514,-0.05812099568852054,-1.481342349309835,0.9134364173800348,-0.6546753715016197,-0.3078652791899685,0.849097157552648,1.8059556797074388,-0.01303675934811212
1.0450258065319398,0.7907620795275137,-1.088133910906937,1.0670437109534423,-0.5494353997809946,-2.1542745088581103,-0.959820996676995,0.187033128989034,-1.8408040573449944,-1.0958233126648815
-0.7574565754466621,0.0890053298232713,-0.6946658629255734,1.350261414805502,-0.8671644696642206,-0.5461608893888745,-1.7899008833012686,-0.6660373810881784,0.26507939154281734,-0.22295309568119823
0.48523932299129247,-1.2108172380460107,-1.1646791839243915,-0.6787350213280025,0.46845932513029986,-1.4243774503267956,0.9063129061086712,1.1866072487536756,-0.6609508846718368,1.020136059003409
-0.3586240260065424,0.29234388300310554,-0.6079422589766438,-0.6939573907019211,0.7004748737582053,-1.233609361669636,1.792021556577804,0.7318796891829913,0.19083516084993943,0.09145709243472802
1.0813597929245833,-0.2806336110744446,-0.00311188866654166,0.8451078786647818,-1.580719624984114,-0.7898756379305387,0.9845684424873044,-0.09559461234204374,-0.33147590140481864,1.024109285239891
-0.6366982122375133,-0.2129625884140548,-0.5374581439591116,0.7425760252964342,0.8714291326119182,-1.2168565385659476,-1.1422233497211216,0.8728169458158367,0.5212849110461008,0.8902562672532068
1.27497460593741,0.1364157059647459,0.3076306058859357,-0.4735928830407761,1.6066191241760786,-0.00902963063966843,0.5252247478907114,-1.2291518731247084,-0.16374777381278335,-0.1128467948423461
3.345464841013662,0.6922222222795212,-0.627800039004392,0.14153098833760955,-0.8270810235748636,-0.7122970641317864,0.4871913535342526,0.8052440793212053,-0.5486592822378995,1.438284102338111
-1.2335412009934354,0.2510416185186749,0.06609566287502178,0.3733366099319132,-0.5855908649362229,-1.3959320656101653,0.15516006578154992,-0.43797094949001886,-0.7506048266648633,0.6956386020453424
-1.0239298069976088,0.32237261113426763,-0.20047760675050577,-0.7123614402622787,1.167975896934611,1.7401421817382412,0.15885277056588615,1.801294901969198,0.13954929371359096,0.00342526354375644
-0.12503463005464582,0.150741343153856,1.9576680922826184,-1.5519206025237462,-0.14484348431121444,1.5846958230816353,-1.143535610082938,-0.00437675493287019,-1.2055257524911271,0.6017318586228784
-0.1685078559128996,-0.2867350768057907,-1.2987674103576483,0.27179644100725636,0.20250904176527523,1.2690791152261025,0.9214240634693028,-2.081130518388576,-0.3540767086028087,0.978302465712182
-0.5992975002978629,-1.273420350167907,-0.1706968972230298,-0.7726452631703516,0.4889051059291958,-1.4948010538540275,1.227725285298881,-1.6484450505711967,-1.3860995236998734,-0.3896261316402975
-0.04164139698680447,0.18566123706017873,-1.4068806409950811,0.01269685233400931,0.8603542400092523,0.38094429538118857,-1.1090899784823829,0.13639675473169957,-0.47544516449583607,-1.8236485787234595
-2.1366075645415235,-0.3281993267736034,1.4513274275931325,0.5207142080619274,1.6256880218166816,-0.8992258927745027,-0.5454945960386758,-0.24851261322610016,0.28992585312071184,0.6595563495516058
0.04233423140976116,-1.7781620698435812,0.00287611978944651,-0.13994965617717897,1.2012610716624,-1.488936028145015,-0.08200899641874056,0.2253698944633783,0.6302453066185504,0.5462420352727415
-1.0033955087864064,1.2301669454990751,0.29111796003912055,-0.784931801413689,-0.7959565818655543,0.8004248192100436,-0.3185279428752312,0.24217724220904072,-0.4082957133008373,-0.200840656758999
-1.4423220973118926,0.6808448247455765,-0.32210476935545934,1.1000660408369582,-0.5023821160122545,-0.3938097732699147,-1.5997134279399163,-0.02693922457424944,-0.6796614362522443,-0.8742996398324219
-0.40126774166735146,-1.5456812544037342,0.5871322402237118,-1.1027900402197648,1.2380516380887214,-0.5913153919488362,0.13973547052847615,-0.6406766549886781,0.36839308451200353,0.4819948425994431
0.49152214593205656,-0.06803580306111931,0.8041632359763,-0.03751913102251808,-2.079783903505214,-1.2503368807147563,1.4002367317332027,-0.4763223298370262,1.2731453137894713,-1.3477652595683975
-1.36790248255383,-1.871887761132506,-0.8310078737345753,-1.2152679812270188,-0.7227720015751786,0.2900284951612134,1.0296611479254445,0.30650386355231574,-1.0717581431570034,-0.7370561916748745
-1.9105532648902457,-0.42889528282211936,-0.6368802304312,1.8320564964600992,-0.5114052723026274,0.9426197403053652,-0.9070960268857026,1.3067364345401635,-0.35580181402898975,-1.4236532215828586
-2.3097071756416168,1.57959793487581,0.22280412738308247,0.6579063707958029,0.04547419443843906,-2.059844906988491,-1.2562855180258057,2.723620009441611,1.6763787470241267,-0.3001201903563219
-0.31240060079791426,-0.485589226902751,-0.5027607718474666,-0.6247103112240162,-0.06496905239551769,0.36670342593381816,-0.6333136301213169,-0.9108565063975832,-0.5665332618607527,1.1819347704101146
0.12440626791499795,0.2124623327389839,1.810306386904068,-0.2939139721655611,-0.3154465657425774,1.2014420863356152,-0.11824479845238338,-0.2643907205300738,1.3191899131237594,0.5936714539593935
0.5371559601297923,-1.9581717989829508,0.01289508597691069,-1.2166834997652585,0.03103910198208507,-0.639131132421749,-0.8572535229546128,-0.8111631625705976,-0.2868462931940202,-0.6912389094415112
1.0944054902733575,0.9157010404622938,0.08226286769077476,0.5383397301221879,0.9848314068261044,-0.14968533667263914,-0.4676881180548048,0.6672806551982847,-0.8814499090105602,-0.8723817345391337
-0.3654112074074698,-0.3388056960496664,-1.6404282192776394,0.19669029832032853,-0.11896677088263714,1.240672044117081,1.0413633414674657,1.1351293600506651,-0.11065371107526026,0.24525905004554407
-0.7963481050013458,0.27442362035273554,0.3826372536633209,1.3368772209490325,-0.4576423098570712,-0.5238424102079074,1.9316179450957471,-0.02519426610765192,-0.07887686630346101,-1.3988186250290449
-0.6500082493664969,2.436005156319355,0.8006680761470101,-1.6404005851333914,2.0367438195923313,0.29748619224688794,-0.582086194074019,1.127074229140948,-1.5370606707174803,-0.30252117544527113
0.5857278526423805,-0.5756180594035593,0.5120218649007002,-0.6632624519769896,0.00580284231258427,-1.0970246066161762,-0.9545972037073857,0.28899898174359784,-0.6188179650535869,0.3959821514337122
-1.7594887268073067,1.1481034788055946,-0.3279214799353603,-1.129817930104595,0.1312484762102296,-0.8387878498337413,-0.11551119804568778,-1.3324059145704286,0.3295756401822449,-1.4130761354130073
1.8546378470708913,0.16838251999759626,0.14453085471603516,-1.32649842942326,1.3142441514019392,0.4902916078795186,1.351298947416658,0.5365225265829527,-0.8233243628089222,0.6603817773008842
-0.09818503546886698,0.921057159706507,1.140830598102461,-0.27375991216321244,-0.24765116785854077,-1.254792177260777,-0.9542218037908724,1.98340476531915,-0.5877871774165887,0.4984081050979057
1.3255761860921975,-2.341259429937356,-0.9313209341428312,-0.7675970914022862,0.28646933969838706,0.26056546361119687,0.4645987280570448,0.47023341383329326,-1.4716907693796328,-0.03387729697031759
0.3221994226410753,1.739630558011403,-1.2273866354166267,-0.397159671860676,0.27133465493884174,-1.0500969769848965,0.5317993047400562,0.05179476765022216,-1.1259867534008734,-0.04476790180265178
1.393838694462798,0.2542163979295723,-1.5272388870195115,-0.5559246302429429,0.09070568013851264,-0.7090890341410727,-0.10127982589956624,0.42449514790368975,-1.575620250236155,0.14940645962445528
-1.6497309101154622,-1.1644793644172802,0.895523583608028,0.3126887812801373,2.2404168534432394,1.7458194191439658,0.594346582932645,1.1634751490319977,0.47195288073220254,0.7649849899534953
0.3955637525705153,2.61072536226463,-0.5631952907272358,-0.943282623286704,0.7326171888755002,0.3491856869948106,1.4142404205478374,-1.2811281310974365,-0.7395278223463363,-0.07310065370128455
2.2490035472271988,-1.534443341161175,1.543867175337478,1.0406973467743883,0.4341966908658943,-2.3705922452963044,-0.04919891224657747,1.3879043489023468,-0.37399891912819105,0.8784343698680893
-0.3119791085100763,-0.2269850097332569,0.8215925290486485,-0.4583328242743733,0.2837746291973514,2.2512308714708875,-1.067107761726202,1.164506240387113,-0.1747150668061081,-0.7441341587950505
-0.36226590528932273,-0.4478362747318977,0.28308708607727834,-0.8168716185183523,1.615236080957281,-0.29952868929516513,0.3214520573460462,-0.3090944699107354,-0.7775165308960533,1.0121461964069538
-0.32221101984533407,-0.3957676259802592,-1.0835547938920511,-0.3989186686704245,-1.870655765931228,1.0212720907307649,-2.473390948282548,0.21247401113938855,-0.44727278860710823,1.3604350089630597
-0.12012681864926966,0.6867258432776022,-1.5651376366011984,-0.9908534739906342,1.09408763511949,-0.21877158247515768,0.02858288675246512,-0.9959418494946368,-0.4628067606953518,-1.137885699619386
-0.24687904344959544,0.38360879328780134,1.532239191770735,-1.6333964455096155,1.1187578349889598,-0.8585239787102055,0.2362994342827757,0.5065785574807603,1.3227007617769693,-0.6611426975941258
-0.16936778358738577,0.6531409153905424,-0.33802952608604053,-2.00264124983554,-0.5085150010615764,-0.914824659887704,-0.8505538434280914,0.8365197298163383,-1.1528437115581749,0.5815018783416014
-1.1692050983558313,-2.115619435463898,0.5001836726111237,0.5483776218086406,-0.14026666695730194,1.062219977667327,-1.4478188952120408,1.1067149417925315,-1.0284591304156128,-0.5864120505688911
-0.7321452608332084,-1.5332698902238686,-0.2334732915794426,-1.1213068254714182,-0.45031409684438506,-0.924063450057982,-0.7562476641957427,-0.8713292446378844,0.5928493188189706,0.6605120470168981
-1.2095032399520942,-1.172118033816729,-0.2577161136804879,-0.5025526596821637,-0.4731241962824398,-1.438968385695996,-0.7281861031068336,-0.07119904028005143,0.44785684333922615,-1.3487700788625472
-0.31136083409050097,-0.4169323472412273,-0.2330437739936924,-0.3986691406050603,-1.0922942310295614,-0.505319299559651,-0.1316921718412344,-0.20682405048986305,-0.32798785043856693,0.5099119168222007
-0.43386732055458865,-1.5734328733215526,-0.8734389173245041,1.8168763857240096,-1.6290042791759052,-1.1441997963481103,-0.11659026095425226,0.03444028130554087,-0.7869110586945072,-1.7370329074106503
-0.4190673752106397,0.03615342477286915,0.1232190751458653,-0.10540620856750908,-0.543999987110461,0.7911909338825198,1.2048844046308964,-0.15812251962001955,0.6815791257167357,0.1207691036649658
0.33772746240934365,-0.02950047803143083,1.665292909758144,-0.5227953063789083,0.9738171877536812,0.3928353236082656,0.5029737948748335,-1.0455691311358517,-0.32370305273218825,0.9795133691642792
-0.554534926610851,-0.07922674750550536,-1.6457153716938682,-1.1431035112814687,-0.7659694164527058,-2.212860355392429,-1.7324204346562346,0.7514777084810081,-0.6836888220415949,-2.032487240803212
0.7165495613949533,0.11597582088866804,4.301953481849111,0.5792372296982047,0.02941410141764897,-0.6613724546349162,1.518110491695991,0.172654653735305,-0.3443891970931263,0.15230128953867147
0.40221175708783774,-0.9377506738142678,1.0361208850762944,0.751589489741714,0.8408492706321326,-1.4608841771670054,0.7113257208330591,-0.09040262568314172,0.26714021900894686,-0.01929121977945765
0.00191637683371297,0.07729058681915403,0.1453713186926861,-0.5835195879571008,-1.089934745714625,1.0145115545983756,0.5895064466163134,0.6162802145523263,-0.9899960387994852,0.28208876854898984
-0.11422692797648826,0.6682401257447945,0.5913149935317008,-1.8298168723517183,-0.9754582526901576,0.8747453885994521,1.9086664909169837,-0.6975598225796682,0.1808690606398926,0.9940295933451994
-0.990162525880906,0.01893097038967189,1.0280742750872864,-0.2577221278475415,0.1484255678719613,0.765745428225577,0.03285425556632625,-2.1115158356289623,-1.550249664628888,0.73197417625525
-0.479127333518193,-0.5021024202558201,-0.48559698208877455,1.1770133126569622,0.6368806196115993,-1.148866908243615,0.662573785609149,-0.04036366808247244,-0.6903799613829116,-0.48518523297040234
-1.1073365529653825,-0.1696470828891646,-0.47498014777844016,-0.7623571049446929,-0.07260996822238353,0.03123418207796671,-1.0153856884989754,0.21331375940906927,1.4197502491300442,0.11061591786442236
-0.3653770733585292,-0.518886436693094,-0.965952674472384,1.131772819279058,-0.7015392323486564,-0.25215682218618957,-0.4434849354750098,0.04566277717323346,0.07848252386249291,-0.6753605615464946
0.29107884090345115,-1.0294435681918608,-0.0927289349209876,-0.45817974659664346,0.05555884780206002,-0.7265803422742502,0.49897910349341096,1.4749314044928357,-0.2847201887795097,0.3219232154956529
-0.11141576072376558,-1.0297537656474085,-0.7165881330248303,-0.5661477828896281,-0.5051428134770856,-0.32949297164377367,-0.5042545854391682,0.813188127554561,1.2744833144898124,-0.01111419010581306
-0.0774277009426205,0.206703633007764,-0.09357591813967704,-0.8653272497184286,-1.9617730446851709,0.00513029827465736,0.7466965713259488,1.4713611139697969,-0.33563945720694943,0.1548389785828244
0.6891349102156716,-1.0986331163238086,1.3874070435245245,0.4936506413111653,1.2649287122609971,-0.49437586310001774,-1.098676146887242,-0.33512075664641144,-1.0048162112921766,0.03365202226358356
1.0859546363052448,0.7021302883500217,-2.0966219452192827,0.09345673215863295,1.2360466252045352,0.5544298108988395,-0.22247822786144977,0.7144795017607312,-1.0276214785879478,0.10790884133833756
1.0827093495330269,-0.06204326472276981,0.2940254034691794,-0.9123110545790416,-0.02064355042612033,1.51040784435827,0.08889683888655472,-0.0174107841263934,0.1621827746646822,-0.07426606898125007
-2.0181767572470095,-1.2063364716715128,0.43769803727202333,0.3976283152560998,2.0525322496622636,1.3174241313511932,-0.25274385901264074,0.02339041070056754,1.5245645627857607,-0.2599039982894192
0.03833319109074605,1.089054460075951,-0.44134811154844944,1.1016297121937266,0.04993575306685952,1.7070054251277116,0.8234239614928945,-0.1543273655192942,0.47490446498298466,0.6111954784020431
1.5923014700648686,0.1863211476369847,-0.9168256305528332,-0.28099436332918726,-0.04449595592144497,0.03973634998369883,0.662113879295411,-0.5250534103199355,1.677817858295016,-1.0001589480112352
-0.8949809169852724,0.442981490047708,0.8168092290863597,-0.8355236464985476,-0.9067339180118448,-0.2429519191210242,0.0760487352661238,0.12722622176128534,0.5594353926903717,-1.0169200031862944
-0.17825888775211987,1.089097058639379,0.3867431648608884,-0.4563367653612378,0.6720130832553585,0.03413584984706837,1.0117864624339874,2.042340949593774,-0.9033951635241158,-0.09090523400115766
-1.576878466724042,1.2368534996843663,0.561954717099053,-0.8339515791889454,-0.06299061672544934,-1.6585219895383894,-0.15379755357851477,1.289649243756532,0.3564473081775281,-1.0657974064745384
1.7297692661519963,0.44022392573515734,-1.6425941576534104,-2.094046827934827,-0.4466616204774626,0.72243141972088,-0.37313002238238446,0.0299649718388,-0.42142371772031073,-0.16093679086123666
1.5454651017471532,2.1462027363388048,-0.8264053265559383,-0.5409064466681744,-1.4783514397080526,0.5425922610018014,-1.002989282247139,-1.6485867283532545,0.3509627297772996,-1.5208468195228653
-0.11725985201072717,-1.5341395361407997,-1.4580682225435595,-0.6940023354399044,-0.6489958332742556,0.7604527708502447,0.02562866171491948,0.6750486637575913,-0.3168980372169866,-0.8614396682061644
0.3777231075576263,1.162906105152428,-0.15810256108116733,0.6551746026757514,-0.5503955694304741,-0.944777335298584,-1.804759721854849,-1.33323986116458,0.17641966064921014,0.8206371798262035
0.38454660764685406,-1.1262726453364562,0.11063002801312936,-1.058065085152749,0.9322095014002544,-0.0944427464158772,0.6823986455228278,-1.1191435096687667,1.0941467474789914,0.06053045158746917
-0.00847092082417136,-0.5453667436442254,-0.331735703626741,-0.5110748260750247,0.861336703901889,1.3825078074040176,2.977365482828383,0.4427131369403749,-0.2459926922359479,-3.650013540372333
-0.3405390433032353,-1.4590437667514773,0.5598313731964467,-1.5112348867844492,0.4461461510538988,-1.1121053299288797,-0.09575791784949626,0.4563097239597336,0.13690810130305664,-0.5483909774921397
-1.323940305829119,0.7753413177591746,-0.2663329531056498,-0.2636363399087551,-1.5581899281625218,0.20610560586381765,-0.0912683663867166,-1.88150905902346,1.0060196479672203,-0.4316235136273147
0.1253003075028954,-0.4251601138827539,0.797650003219755,-0.7488151967377452,-0.6359398917135032,-0.2113895244760975,0.7549987474955165,-0.4155655154170343,0.6252702092785578,-0.7973600474036922
-0.03475035159301012,-0.16500772575622294,0.8619101811553448,0.41145727598488546,1.149208185724066,1.944251298722969,-0.7646485055945572,1.6073852034383913,0.5690991849749918,-0.8025702553463022
-0.4286717392363591,1.5819178475443032,-0.46286192794202985,-0.20252154201038192,0.5973458300173268,1.036263581961015,-0.710728273097486,1.4357301580222768,0.07391576093774312,0.2978769497677056
-0.8556328892529775,0.4167833489431839,0.5857749788420482,0.04567592470191897,1.4260091596664846,2.4575300355600533,-1.0434729271588004,0.1379031118802907,0.7270108079840151,-0.3656054742418582
0.49730756984574936,0.6733767244884803,-0.77546056784901,-1.1945753904576264,0.30027357037345365,0.7191746120858453,0.4135004162316138,0.18615296695997,-0.17558929271136572,1.292672487016681
0.04942155255926065,0.9217412636262928,-1.026881834826426,0.6378671762836742,0.01525263778589953,0.3729543367692395,-0.36620606712637926,0.7693002474088755,-0.16670992626052344,0.9063048167279903
-1.22289841293048,0.34240227139204293,-0.05403191204725643,-0.1840192109467849,0.8650493480316817,-0.5965561798266571,-0.7616423128937897,-0.7031254474115656,-0.3491283013718433,1.1128597277768235
0.9944311754443284,1.8391234531360248,0.0062477661786546,0.4422366280974659,-0.7050851505437215,-0.30931122930427163,0.10428283186709912,-0.24010506521379213,0.21903023331344537,-1.3166845175001467
0.7741471946642623,-0.7534235682627037,-1.3601894368496557,0.7333310206336352,0.754367987334331,-0.6847777325843155,0.23076341880726792,0.2901757428537757,0.00533427298827904,0.09694983675906664
1.8640163455596137,0.6343248011666689,-1.1718147934147602,-0.3857452209040802,-0.3573168129614269,-0.3512364964009054,-0.10443146350192314,-2.053906046211933,0.8192968897727481,2.50061441101908
-0.8341494256872298,0.09230383548830232,0.27431463218013163,0.32396822499807804,0.7554551373957642,1.721345370482951,0.9677339225450357,0.3906384258511902,-0.19261280640603703,0.5537189765493259
-0.1893453442040255,3.240294375149858,-0.6717456306958695,-0.3308877229096783,-0.33095432292222865,0.9699138883387636,-0.02663986491216046,0.6198563096206909,-1.0268410248022972,0.0136746306302436
0.22120913573849377,1.7014842948292022,-1.0308377623218412,0.4127331767149677,-0.14531025560202948,0.9011639530730112,-1.9410464700021923,1.2315588630011132,-2.1349087183693003,0.8407076955745401
-0.7921785539114403,0.15365277285176043,-0.6995979815706017,0.918493748431917,0.20908510420482895,0.6530676746853443,0.6332297276693972,-0.12284690693998392,0.13893872489853656,1.135233955127044
1.1570032439580769,1.9393857365418363,0.9973938825621652,1.3853811166507275,-1.3355438524500218,1.5130662044082424,0.9012865133842016,-0.08546132411280269,1.5630981376984503,-0.6492774170328498
0.8436768936398769,-0.3745054865547029,-0.28765835995305805,-0.48856588633273734,-0.7985996982780169,0.5171169590110894,0.5888362235225557,-0.252715583737523,-1.2547607399923837,-0.971035652864882
-0.9619444674855469,0.8814421604643797,0.21300196675756156,0.4944854739586084,-1.1086192230256549,-0.8412727750005657,-1.4314535716456671,0.24994106762625837,0.6619288278318798,-1.3827408538883643
-0.6530224783729025,0.2402107907518305,-0.8629093886335598,-1.8456968616189835,1.3080297021124276,-0.04628390012950741,0.34703119903509516,-0.7338570941396875,1.2616454566283928,-1.6280089425168889
-0.5416498792403939,-0.6790049167389315,-0.182354998848977,-0.08036517818575073,-0.13950333657646463,0.1494791397231545,-0.18284661158561996,0.5639278225370281,0.5200506075714187,-1.302864208277015
-0.34352709992315744,0.7528293669097063,2.370935811871322,1.229628185027551,-0.8223458718014155,0.4041626983102593,0.697171565239894,-0.8343537248092443,-0.8460221234363462,0.8363941152829562
-0.05586486204690593,0.7997520903256675,-1.645389448035117,-0.5197423727015573,0.3701296505205997,-0.5045742839203704,0.6010132449340051,-0.05395947972329718,1.3841741863370522,2.318747469267917
1.016454738250648,-0.7130114308080442,-1.2562185345784718,-0.8846662698307706,-1.2973632624287088,0.22000665818369863,2.2059538636716707,-1.0756695881737657,-0.19613668946280308,-1.066489733899619
1.205804154382946,-1.0592400583371766,-1.8481194771939988,-0.20843459553352253,0.7578873033889736,0.05803331303876172,0.07915176738034149,0.5746021054187176,0.22756044098963932,-1.778035630386058
0.09047731392037987,0.521603186921657,0.7103179420215048,0.6494717464625472,-0.4498948080433007,-0.795212023497028,2.213675218336541,-0.18779479369311025,0.14904660495266825,-0.17198875340650663
0.3969713963445009,1.2509793904132247,-0.7778692482398727,0.6987239776145135,0.22728990344591263,-1.6442766148328751,-0.8738912768639788,1.354368289711763,-1.6088074504503025,0.9549016990596072
-0.45364625252683694,0.9536101879780348,-0.718789270827274,0.2085030005708823,-0.9576135135157908,-0.8454336108739154,0.0604084526388074,-0.8867971921716972,-0.890565191452743,0.23698695892992183
-0.6083876743325689,-0.06807599346949107,1.1723513482396193,0.3845858392578607,-0.3506521768892827,0.1834852800986321,-1.1620614300971903,-0.16993174449267717,-0.02051625840527051,0.4659695376509293
0.1770644317268016,0.8976129462342626,-1.9409696286428513,-1.0312368776495986,-0.7045464352090826,-1.2737769913274002,-0.7710178787327164,0.2711258065226028,1.109804121734036,-0.28623152557636156
1.065665019605724,0.25150350534934957,-0.7927466554883353,-1.21253455628109,0.24823375263373787,0.465263469072612,0.6773962503099227,-0.32021888381229113,-0.07563966746524178,1.2064273653091675
0.05029446603267238,0.05041737284142295,-0.9747780515527816,-0.24417257417103752,-1.5619443633257444,0.06826341837323113,1.6063250342683837,-0.04417884210699864,-0.546492839868066,1.7976594406266813
-0.4295333124093904,0.02499260674828277,-1.4455465302911878,1.2952342173561089,-0.3574874855579795,-1.4053878998326028,0.03137903679432098,0.4461485137649874,-0.7287040512004066,-0.6970012844210343
-2.7353038009755,-1.101642153750056,0.6625656566100236,0.5114353143587256,0.7224876968136419,-0.1925829774632092,-0.9373760248768368,1.625121511545792,0.2253815945772624,-0.23864941674168333
0.32140834675494734,-1.2037495557641356,0.3005937513347998,0.6946571454497729,1.8985738740823837,-1.0063687182872834,-0.595470870971858,0.34598082947841635,2.0369381065820034,0.7093940770216128
-0.2369310183932595,0.31598706613599525,-0.28428103685470457,-0.07882266762832114,-0.21222901769072475,-0.983626958148056,1.04991990805569,0.6439889421119614,-0.2934167294542202,0.4472492517871659
-0.5973603740699974,-0.9499791263582325,1.847077259116885,0.6336777113920493,-0.8513487624523649,-0.4154253074682118,0.8206887763518527,-0.31522459460539193,0.44793256297313994,-0.9559014530142038
-0.5063882774662455,-0.02835685429925935,1.2089522980626064,-0.19871786271200495,-0.372201627662983,-1.4478105166496165,-0.29067750615250026,-0.7244536058194445,-1.212541627977829,-0.4668889486710616
0.24174148650910773,1.6212229231906383,0.14939321855671872,0.9603201406227452,-0.30236524115845476,-1.699727122502878,0.16233684729377756,-0.03099081048012231,2.2814910428842254,-0.6206475347283624
-0.6187010277173212,-1.5975633133281075,0.2749342282158162,-0.6891582999715873,2.10026383444099,-0.8108836167754921,-1.3656387829563752,0.22373757089944535,1.7517549696590906,-0.5822350308169624
-0.22646903916443795,-0.04835739649126134,1.6854894816493708,-0.05919197044382725,-0.9044110527037676,0.3600202049093387,0.1279887771873379,0.2486337768172319,1.4270442191126294,0.48808400980724104
-0.3277330487983236,0.27820326062605666,-0.27818462745164535,-2.5352454702305107,0.4134868587401234,0.9245558631123106,0.397660337104074,0.3924063265243599,2.1546919421028687,-1.5022137219828586
-2.298464031837263,-1.3790893471158443,0.739848747346115,-0.16547705456741785,0.6829086853353542,-0.41396608316731925,0.0740798052149472,1.2539236547150558,0.27519562732365416,-0.33466367016923454
-0.11843410541993736,-0.29060683218845973,1.3776241325163936,-0.3722388799458875,-0.6621310500197719,-1.3754244145853458,0.174735530583987,0.961168024570788,1.6948124084977398,0.33833582015641284
0.49547273966956945,-0.8046314385803561,1.9748211364381432,-0.1044517727279976,-1.0074319860201526,-0.7894964309216862,-0.9808931539989189,-0.6821253369789828,0.9930532168992856,-2.4443756196236484
0.27312135149964417,-0.4994269693167215,1.7195337862512905,0.29317141788411905,-1.5673049068641662,-0.415736630148113,-1.4196194940626108,0.2913971038035441,0.821941733579957,-2.109999451310322
-0.7576568126182862,-2.0500761777731635,0.2756187017487506,-0.8058607668030777,-0.9024144826020536,0.14222405119809114,0.6874443346047291,-0.955995167110008,-1.057659159546068,0.7591584619342523
1.7762351691665177,-0.6066839858761035,-0.5008842327792556,1.4801754986950904,0.01872560947284204,1.4063115933250236,-2.113404125544876,-1.4174393380049657,0.3338890040273459,0.5437709244728193
-0.5642806073993617,0.6592518461466386,0.8713939777215944,-0.4177697047863102,1.8611222664019471,0.8601114173008877,0.0703083623376611,0.43530153518672376,-2.2575602870637193,-2.8238313380255025
0.6452205429723358,-0.01599501438998234,0.80586671187476,0.4434478666459589,0.16815651310991214,0.45444732477326416,0.06680871389788207,1.0062522318965348,0.5196422078633868,-0.03341078548076404
-0.8856325051095246,1.0877806178829148,0.4716296838388996,0.5738314913623948,1.851192854565479,-1.0203449424314517,-0.8948660659378453,0.3022873483447015,-0.08059252982350729,-0.4298573067237901
-0.5200680634328236,-0.6756760876737178,0.9909154978720482,0.2605781086674919,1.2084026151236915,0.15176114950373865,0.8071566879739919,0.7371196317383802,-0.8916157583359788,0.3288771519084823
1.4893452802664315,-1.620832792148282,0.6780504642724576,-0.5574760918367009,-0.5576296854222011,-0.01985046335476348,-0.3128434858125565,-0.4498182603430893,-1.9840437228965475,-0.6483658817983976
-0.2943945573710258,-0.7718423461780045,0.18379117972912667,-0.8714195470458082,-0.7358140438806293,1.0684385443072684,0.5956046590576216,-0.6076631153991233,1.5669198896492111,1.01826331752835
1.2676198669555894,1.3827838269806836,-0.6275301471767667,-2.6799244862322076,0.05917888497599934,-0.1506373076689098,0.05973417852447126,0.38429870351255496,-0.3626075888122926,1.1617342530984396
0.50955137088018565,1.5132679482829825,-0.24395344491922735,0.39351986392228616,0.4771393152602976,-0.03948334653807758,-1.737155502592416,0.3871166081283149,1.3846927779452738,-0.4278025014550844
-0.3058684394300123,0.9721342265604518,-0.052516474966739037,-1.29996229561216,-0.5250779390567193,1.2708129017948282,-0.4790763771197063,1.0457878982043447,-0.3050515203718042,0.22837676257169257
-1.2627401225695625,-1.2788007515291615,0.6340036344340183,1.0876654196128526,-0.23694104330729235,1.580449128151448,1.0884675851491517,0.9675034671115345,-1.2526838445098625,0.2230866687519661
-0.8079191398906722,-1.190886106718823,0.3578625301157492,-0.3497467085207676,-0.62462056579848,1.2445596400709202,-0.4893813830227166,-0.9020097578765977,0.4313211326521601,1.42106519590124
-0.5598394569228236,-0.6059387554025698,-0.5947333683788046,0.3783234757149224,1.7688184181369762,0.3976703465481852,-0.00142595917667622,-0.1250436706922931,-0.6562826658794592,0.2984227747108972
-0.1854662775036999,0.5330250312503859,-0.01253467695749464,1.407227411587951,-1.8305105736863936,-0.05074773684654699,0.4943830307608339,1.2963917728738712,0.27245794813442115,-1.2410184330618874
-0.5391762428032434,0.860802903844831,1.1153518459415088,0.5483459530247493,-0.3427569599361765,-2.29451684564904,-0.26583872311464,0.8798016937042432,-0.09666216208569994,-0.8263882387093214
0.12207471228581156,-0.33785952477671716,0.23006931320178137,-1.2456445871997914,-1.19800391681325,0.7111295701534296,-0.723954784590675,0.31781648011041097,-0.14429881451782034,-0.7059692245252221
1.5888368530734391,0.46979764925713624,0.420688012985849,-0.6668195397045235,-0.061527694640375503,0.6599962914906881,-0.6457589259480874,-0.07901116585833512,1.6111269498265808,1.4469445938339125
-2.0571075131076975,1.4302860755005715,-1.2626098710720526,0.3526506036198569,-0.7180535458514669,-0.4711805829436614,2.18267488300892,0.6176627292109335,1.201255789574453,0.7669284279253077
-0.40865763369351793,1.358102653883679,-0.8626313731804252,-0.4562796143277661,-1.3221242521297925,0.3505249925890512,-1.4362503771223367,-0.361106888788548,0.24791614881222257,0.6673730565749177
-0.41315056624528007,1.1699547809928696,0.25446759530545615,1.584351063946843,1.3798270799827697,0.3503373133811395,0.08077188130851508,-0.27257477387748785,1.355955796586628,0.18978399303988827
-0.16543514300372658,-1.4461794884930297,0.42224070673051806,0.04824260251404828,0.34640481025807957,-0.07742952227943853,-0.3770440543973885,-0.04974434356220603,0.29371260436542007,0.5827646238847368
-0.084091603622737085,-0.9981352037532052,-0.28435146208191486,0.7653593689679765,0.00620891779522266,-0.37175924171539615,0.6029554659533293,0.627483506644655,2.045787726196347,-0.15286139648686603
-0.5846899645044616,0.07610404437247147,0.2675366800435475,0.662760495989879,-0.4257860358733389,0.72476910898566,1.0499590396519725,-1.5933320889647338,-1.7059251928708454,-0.7021984706214138
0.7674244205015094,-0.42565651677915534,0.01114780246563967,-0.02978512480628915,0.1767976193849128,0.0073719164035504,0.38603180724248126,1.0424713056875514,-0.20199370278761264,0.7358446593886073
-0.39026875651719567,1.387080999555945,0.7039902476902589,1.4248610998664704,-0.6777162115498901,1.6828236282241489,0.3305549983237119,-1.4188933537451234,-0.8939195488377992,-1.2900951864823709
0.6225344372766676,-1.4653270726263783,-0.7809789917964844,2.246129124638473,-0.24756544646036907,-0.6841126269910021,1.9115142150837756,-0.4608749438725643,1.1097157355607274,-0.24290498437880997
1.8822011523892628,-0.1875210983837018,1.4034958315109356,-0.968336996063264,-0.0255000437258148,-0.5596878471267237,-1.0356222981999763,-0.7623531279035847,-0.5025133212263686,-1.3641305149470793
-2.2840241076724364,-0.3161159514156933,0.07617567635862202,-0.6431855243162341,1.5061785958027103,0.15857597203192908,0.5761380328481982,0.42752638841576907,1.1008428710373763,0.43803426982765503
-1.0966305073878009,1.0153388569194135,-1.682208232297545,-0.5196079781979067,0.5034211972120617,0.742138631011156,-0.1597145191206025,2.0839164555767264,1.1105908177118338,0.31563957159338535
0.00155626853748394,0.6171822399506206,-0.3930371262114581,1.140875689938185,0.14332358123290906,0.26381786255142453,-1.199976995515191,-0.8482916786120679,-1.4701858262335772,0.12809456121133497
0.6370311335471378,-0.6551671470637458,-0.6090269276357821,0.3996675616222519,-2.037845201178341,-0.17639917764516733,0.35279109996909824,1.1799840787861036,0.45417759718052103,0.1578607959180241
1.2348075695150138,0.7265321427365953,-0.5128619987929889,0.9267123191890356,-1.1356563296227309,-0.9644786432219288,-0.5105165499953984,-1.349317856151014,0.7296550875179181,-0.8723140712846718
-0.3895301700331299,-0.7530851504973254,-0.04575436553440534,0.9470109529418784,0.8715845659134199,-0.986139229502802,-0.7428993435674434,0.1511713080722462,-0.7498830074783762,-1.1388436627130911
0.02850975167342356,-0.3031303300606004,0.01196374388259122,0.6010901196079903,1.703245605235418,2.1686721909961046,1.8488593439524912,-0.15599044287148717,1.5576823964322104,1.823128762232331
-0.6780890263962801,-1.1465488087616424,1.7968497907495355,1.3557946453826426,1.7312753444607467,2.0716868010315124,0.15191029371640713,-0.7348421833063427,1.2732056357946016,0.31511322135586306
0.13051318624521982,-0.2168346908929544,-0.26202918031313344,0.18301222602580977,-0.16962457827789892,1.3903432684659047,-0.4014669371976765,-0.2528638621018226,1.2509641995159733,0.4117757291219683
1.3232564242439095,2.0342584376335924,0.3483422929831578,1.141839478928137,-1.0732995697759444,0.23878380063761823,0.08821162677687851,-0.6300862474518786,-0.09518390120091368,0.6305938985676514
1.6800139854036975,-0.3943674579532984,0.8650710443658617,-0.04489753018913108,1.3423509441170869,0.24341393585354384,-0.2816489682966637,-0.724422692550325,-1.5404436801025816,1.46521047060639
0.5614048551867004,-0.6205122881214581,-0.7695627188863118,0.17531335448749832,0.8647489651003957,0.8442797068191911,0.8575085102262157,-0.07734357159307477,1.268390732280315,-0.7700392898757017
-1.3289336030109806,-0.8268236831389891,1.0394810602001117,0.25557642433748995,1.301182775255468,-0.2341507116879415,0.11961669706597394,-0.08449248458755483,0.6406968472018881,0.6884532839732377
-0.8440135426425615,0.47639324938790045,-0.3823531404709209,0.05275156599095129,-1.352084967122394,0.986605970826182,0.7951023306649811,-2.045016794839584,1.1866359328476783,-1.6580435462629004
1.797249752533752,-0.5472800362618171,-1.1991101255134384,-1.339587878371742,0.7538633628450209,0.37778168288136493,1.7075719686168216,-0.8297524653641899,0.7718282187378305,-0.8786760895488008
0.1986442689512848,-1.993236517455011,-0.8949406500511489,-0.4121029785880012,-0.971354406261306,0.6087180216164704,-1.7221458690640123,-0.983459759230898,-0.8015644150432789,0.9526352145240374
-1.5603927836070473,-1.0491731929703896,0.05420854608801759,-1.4513007210269164,0.2931250918582632,-0.899263723957396,-0.7415632388743705,1.326351859360883,-0.45778570280036057,1.2119272908015777
1.3126055081648682,0.8538698116297121,-0.0219114770475753,-0.02839989543005577,-0.9522949525560368,0.4730027764305519,-1.1673950132631776,0.14009834559748474,0.1982958256739119,0.8670356869369232
0.822914740777891,0.5004215400891658,-0.07071165977877387,-0.6466165618848327,-1.3790700713579105,-1.5390654121628526,-0.80111088568365,-1.6678334715135323,-0.8633073821964955,1.316492131038893
0.7027338505559733,-0.41585069303558775,-0.4577776344414352,-0.34460371908346943,0.8939083701089786,1.1939048541074986,-0.4821023854745172,-0.03579636927902763,-0.648239748912786,0.6318739016635629
0.6429720351868061,2.276759109660514,1.6664028999300275,0.27828788366195073,-0.8309267707138697,-0.7587210129039013,0.8974902091738307,0.8506033966495365,-0.5556934817171679,1.9079055143491424
0.7333242748745755,-0.268483832949884,0.08978626848703587,0.41475811383161815,0.25029230715754364,-0.5328101371363246,1.379690870052647,0.4055249388481065,-1.2580562049595634,-0.0142318544434128
0.2902787738057987,0.46218058168057424,2.267387654449576,-1.7544097458173873,-0.7726324410943597,-0.919705520741262,-0.3257634776354681,-0.5455360569452128,-1.0021754957827351,-1.7828616581388024
-1.26949448744765,0.8089353427419098,1.1434936379154483,-1.007251253800843,-0.7166081441284147,-1.008594677789718,-0.09955817804197711,-0.01708579304634818,-0.4627329742647122,-1.3489506000150946
-1.0850170117498283,-0.7862677843793884,-0.24656975205704845,-0.829838584934369,0.8158907014139375,0.1510570512021275,1.1272083068989565,0.8027042447049606,0.8202775624588946,-1.6288460432687868
0.9575403170988526,-1.5613393975674985,-0.03004214635832264,-0.9734973508610492,-0.7755374034670796,2.4417494729906157,1.8001653543868366,1.1408094502456314,0.1988651169783963,0.9436955329378752
-0.7486606506934625,1.9957894690398377,-0.49020614304218063,-0.28652925840830235,-0.4387101501478242,0.4905980002087787,-1.3936865560420044,0.8835968368116965,1.6284347293146992,-0.4324243213192393
0.3473397975830714,1.6347911108322344,0.6129116535008605,0.6936121826884105,1.443090190078668,0.311759342106666,0.8394481672407833,0.19252261604106835,0.97298377550449,-0.8097824616154291
1.846271492951116,0.9736996540546335,-0.3428675216919684,0.8346482160821294,1.7913481485619798,1.1869177730447265,0.21446350695114844,0.4852662698207484,1.0673831065349777,-0.8485469087786565
-1.559862711897953,0.5096554034229286,-0.25610469974398953,1.0488413605835505,-0.16863894611337277,0.6577091360399794,-0.4678151296329683,0.6531484410838916,-0.31535416505954966,0.04684470390976144
2.1559403742847265,0.8035718708455931,2.043788071436506,1.47295620898985,-1.915006740138196,-0.03817205738322594,-0.29968418844750677,0.4622990220314298,-0.13798130870311912,-0.6313090177241578
1.3934770184970546,0.6223280681706442,0.07947721735168146,0.9408935720241892,-0.41662944640394767,-0.7057574937862162,-0.8351999360303788,-0.6524024034134934,0.22784482684122284,-0.7989397503856558
-0.4021739238529264,-1.330046445080131,-1.1297464084571032,-2.0174994855067614,1.2055522760187292,0.5916579831536674,-0.8750436505411547,-0.14889320976786383,-0.26373423555011166,-0.5384926597805454
1.1305157045487644,-0.5570584850524282,-0.3051807669525087,-0.1921725679729759,-0.10606371104136336,1.313431842932312,-2.626935792851912,-0.6601450796380799,2.0055672467141905,0.7932665799210243
2.1300707462915596,-0.0924345643598501,-0.10702308707456729,-0.2504182494070378,-0.04396753331553874,-3.1134310044386546,0.8885301939957925,0.8762077335907734,-0.6005129983675421,0.6354072260599031
-0.4452387295756381,0.46916062290604943,-0.2713587635432576,-1.325281279639717,-0.5921362910426843,2.651972771236316,-0.235942565947172,0.2413301076896659,-0.539678947305727,0.5345008165243219
1.4056366629809085,-1.055490271945881,-1.1286077939979555,0.6151899767321503,0.596246075091256,-3.267531216545376,-1.2300873575244955,-0.24174812138248536,-0.8478755993385927,0.8380743292833601
-0.6646640430225701,-0.1439812887463994,-0.3433159251220924,-0.4540268624171583,-0.3144028608536085,0.8154922006850766,-0.4102961836659177,0.6229719989618173,-0.22659539152590535,-0.03369362748048887
1.6166673982477329,-0.22534407912041196,-0.5680626876688589,0.35307632646415044,-2.094713514448383,-0.5933975227798648,0.05827940616166838,0.29079112558298004,0.5461001599273819,-0.9854541514062822
0.5300318944223427,-1.362324548971328,1.1466928857253509,1.9378604612986872,-0.4316030942922144,0.4814472455144134,-1.122480964874974,1.4802051662027875,1.240605454616833,0.39246850641634473
-1.5885820929081371,-0.618492742614337,-1.3766043427465258,-0.4571731380288245,0.9767964898460146,-0.2828382293653379,-0.49942980496285994,-0.674023618517096,0.3180771968522535,-0.28927662412199906
0.7015852572636951,-0.2349322357151794,0.29097697900673114,-0.06530191525294092,-3.450792972235692,-0.6696418178427516,-0.252039790829901,1.501198122052236,-0.20749995915680247,-0.11497881313491812
0.4875467672286945,-1.7163707953687546,-0.23166896498264247,-0.5396360312837691,-0.12436582109182856,-0.2373821478479,-0.7198643535966062,0.6826726737535178,0.6168190645631061,-0.5701965701931279
-1.0819434086879998,0.04585446767807277,2.115028436052062,-0.21018246478060432,-0.44639664117246025,0.23383726037625,-0.48828970314999903,0.8012862176897039,-1.4766349898760285,0.766866211682157
0.8868326319536931,-0.13645166563760122,-0.04176185854746771,-1.6968408375570363,1.4040929991828206,-0.6133731599183104,0.9567632315322452,0.2343170156070332,-1.228445393844243,-0.5868764737695551
0.35844270517332455,0.13331420232519717,-0.7544843725259566,-0.9782461007633776,-0.8626661371309546,0.4045011324553271,0.08188355909018466,0.7571682780501087,0.5025649533392702,-1.4419474611394043
0.32445353907335117,0.24160778703201072,1.1379362529289967,1.3563450925445573,-0.8749216036982254,0.03433767082507991,-0.7776367104854444,-0.2009224200295143,0.9306698108174604,0.2125930349007344
-0.8491827687736162,-0.8800318942270028,-0.02493656466749796,0.22353916859595377,0.6002554390876,-1.3482208415191357,0.8905910856001034,-1.8089069523740011,0.6528473520753355,-0.4789495028518433
-1.304478060031366,-0.45059006257060463,0.24897519712474708,-0.12609318773881684,-1.630662629412789,1.2211784976074798,-0.6311265953444961,-0.09506639992863716,-1.0675326093810726,2.8321668929384978
1.0423864160654968,0.3664662715724169,-1.1339073302831024,-0.07694006644921446,0.7619337490299445,-0.1389576044336871,-0.7093975262781677,1.7392338827102625,0.43096739556267105,1.1640802112744149
-0.15459032132417577,-0.7818415472984241,-0.8269827132576892,-0.19786314426974716,-0.9632764862559838,0.6988909185307889,-0.7649227272643747,0.414700945919558,-0.08435728505562877,0.8309485889244976
-1.3356660834855156,0.12296915369904018,0.3976237163527231,0.7213545643836327,-0.643423970963832,-0.7936488459938467,-1.2459629610724892,0.7375448821322386,0.04913957830696029,1.068931200161257
0.08952615910922054,0.8798131610122203,-0.16163185203394662,-1.2005675715679902,0.6926439444105433,0.1163333531149692,1.8195872359400984,0.23046042431513344,0.29157951630207996,1.2349876986007586
0.5475350201133307,-2.3274983576013177,-1.5457413582358948,1.5037950848622677,-0.8853366925100904,-0.10994823197929972,0.7030472721844845,0.7756745990757199,0.9963779081033124,-0.9261371146926484
1.4187107459881143,2.349651956096504,-0.12911388093580067,0.4283350378664597,-0.7261220732261255,0.8444409380613719,0.02723673199266056,1.268049755403036,0.8183954345691429,1.1782494291968952
1.5058620457328875,1.430159042552514,0.09946293259523432,-1.492194160577203,0.13744222354584568,-1.753759265546393,-0.4209750690018255,-0.03431457049317233,-0.25433405499625034,-0.8416803347457614
0.29645329757178684,1.116443596050329,1.3258998298245728,-0.6802794495127258,0.1960429892165429,-0.4626153444389121,-0.9797963093739582,-0.7492107376568968,1.0679994882226274,-0.544940634067573
-0.58985473401683,-0.5397152817417408,0.7106368112814782,-1.6541791604279572,1.3250876225077248,-0.1751194028417376,0.975768062362348,0.3138767616501019,0.8201320598826943,0.49306962951087735
1.2805867383499223,0.24190497543224937,-0.15544894203954243,1.451081387011663,0.9614681017180748,0.4144336416043189,-1.0628073598705408,0.7415882264733457,0.7634237792138897,0.678453756599301
-0.6993211476853577,-0.23646708786311416,0.746849839597006,-0.3541042859891515,0.5960003802479689,-0.8195166453922974,-0.5298169955087719,-0.8742425027295581,-0.08320051832122391,-0.12052894231534687
1.1594006147514846,1.6491125547629184,-0.5329928454917949,-0.24578939426032417,1.5646588399180197,-0.3534849769824927,0.427360510227312,-1.8725590786443196,0.90181164834783,0.0860006022367752
-0.6985553085971287,-0.6527058711590191,0.972928510319328,-0.6119000762302791,-1.696431176978403,-0.751695618232351,0.21998840519109833,1.2548945478541405,-0.5174375360984419,-0.1933048802933656
-2.0501105032291784,-2.257675299144543,-0.12393718021061416,0.7524090197713427,1.4821367692025469,0.6485540952369689,-0.5326039977604267,0.54827538513516,-0.5984560633975892,-1.7222989905305184
-1.101156922586561,-0.6762667505650012,-1.0177862930417083,0.2763118728371097,1.1840910394314452,-0.08780320212326193,0.9445637893997808,1.2609434919065408,0.26666019110355266,0.6989163721455569
-0.5200811409821995,1.7373745478658025,1.1775523779960353,-1.1562238821766884,-0.05259417715600214,-0.4505569747956774,0.7992067079674327,0.8724156638547692,0.0360231231442211,0.6560391086933041
-0.4658022748513543,0.4213098838918952,0.14908553112502243,-0.6852378009613596,0.5202276078474246,-1.1535825040405037,-1.4136782656309528,0.7586101923391055,-0.4614365564533448,-0.2117749013775051
0.8312643051417574,-1.8755247561878925,0.5885291975519209,0.895630722314159,-0.510710871905348,0.1701864901111095,0.11656247072737048,-0.8621150069359518,-0.23838628563285577,-0.924768191551608
-1.3502359973997935,1.529614716567431,0.3016166696988332,-0.8301326672376864,-1.4742406088462332,-0.7180060108509768,-0.5021881956059394,0.8744705933295542,-0.941489720870619,0.7886236001118108
0.30858049470033716,-0.1854994342824943,2.2819964586869745,-0.4384823634068414,1.1150035250893209,0.7266949143932544,1.6679638478828296,-0.9296559219192992,0.853424575408127,0.2091583430030828
-0.6134600738327067,0.24443853439603772,-0.9497714040202262,-1.1348248145347954,1.7093040831891633,-0.27522913595963905,-1.1601886754012438,0.3989937721959019,0.7788151155238463,0.06959354433619439
-0.7704898398670866,-0.6514233149650238,-0.09471338380257471,1.7928858950987303,0.21397215340834397,0.7681306050741703,0.3739485516796706,0.24132549491580552,-1.505465330455192,1.971201196802538
0.5446827583585607,0.14430524531857547,0.376977586613431,-1.2952738245536075,-0.0459066953589084,1.0895568749515632,0.16215177823781496,-0.979082310206888,-0.13619480623166627,-2.1441203156974975
-1.1019305341951773,1.0815057630436318,0.9523866309602672,-0.8084889628348343,0.31397405599162953,0.8085919736876321,-0.25877973174528246,0.43420491336712413,0.15200155763250162,0.6492213709384195
0.4980388813968763,-1.4583610032757452,1.8820296710595223,-3.035134170900666,-0.5942648397712893,0.30649653890958173,-0.3522561440319401,0.14246053476629952,-0.7403966822997772,1.017491133110375
-1.218551290457863,1.360404514689978,-0.6697519405426732,0.4953263098163369,0.919023125326819,-0.6120924025473105,0.13959844570283295,0.5283440499045325,-0.7948617631383221,0.03081369324399164
1.0385645785542172,0.3399203178367455,0.06240927012897421,-0.4944112117023331,-0.46461195149249535,0.3223319311166492,-0.2891085236894133,-1.2120748091385116,-0.3502150148167932,1.429133514865676
-0.4438070299237694,0.4546272023993604,-0.05567153891735919,0.2117344727086019,-1.633430946927603,0.21007210380539568,1.6590670121653144,-0.43695677565972046,0.09246309471103888,0.4114741147233697
1.038664616083627,0.3347045233245495,-0.7581468759414288,1.212497488269466,-0.2767356038773585,0.7956904783162818,0.18948566122772031,-1.0011232691302423,-0.6159190456057952,-1.1686576255821066
0.5976704740891653,-1.3849495661479765,1.2766445380962426,2.028382339043042,-1.380045745970496,-0.3430589322737161,0.24005616756646392,-0.39021235987507896,1.3680056280839006,0.26289493942617265
-0.24990256168949757,0.6148689381322524,-0.4231019886981259,-0.2658523896343738,-0.8674695736279401,1.1462079987639515,-0.06403380963656236,0.0900640715254795,-0.13788670016758012,-0.00405571861052284
-0.7752394253065981,0.5420320763350484,1.7889743321800904,-0.2270516864444473,-1.0970159910984447,-0.8938798869102225,-0.06282287023670753,-0.4855174903219016,0.8594820359839868,0.8667238547280263
-2.1328372617643208,-0.27906856443082284,1.354329020887348,2.074505169924045,0.5770753440114736,1.6115022112233055,0.13132753909152006,0.03695920873407046,0.9860200905756484,-0.19665035681618356
-0.662907355538224,1.0161054347433836,-0.6623288844139468,1.49615986194942,-0.05511241817185568,-0.7201786155689804,-0.793997801122746,0.7732123517631291,-0.982955723867588,-0.1397172783752654
-1.123131010260185,-0.09571698904724496,0.935179380632608,-0.8195522917065261,-0.3922075717014997,1.9191554662691357,-0.9658547809939853,0.5990510001071249,0.30090814654849163,-1.0903356063597651
0.5796458249107107,2.270673982804949,1.1564803025494612,-2.0841811560007035,-0.21572495522952764,0.24479109972840493,-1.3204204753012476,-0.12785568823067145,-1.6630632951250026,2.3800600486748253
-0.6092596886127181,-1.2249327730168125,-0.34071546635377375,1.475517301025834,-0.2303314769671513,1.569079544636597,-0.7484529627840826,-0.7143656031395694,-0.2739388538860584,0.41927279963934977
-1.0738491515163038,1.0732757213352209,-0.19893207547277636,0.7098969065256018,0.8457572749679071,1.1298487511321895,0.5409883564316831,-0.9253938248855976,-0.5918613447477272,-0.18876890716971567
-1.6264662885359866,1.2113075764053198,1.0606483439444998,-0.4716896527478593,-0.9158519662594796,-1.6838065393579993,0.18916515035914036,0.20407564810866827,-1.2969673020175927,0.09684531927147728
0.6119358280889502,0.12256719284725905,0.34660344458392434,-0.9609475821486672,1.5424775117305236,0.3125284434359337,-0.9227534085573114,-0.03728468638379939,-0.14788186528748862,0.09495815320319564
-0.4296649213375694,-0.5506592212560549,0.5353913320765963,0.8395564272825459,0.1123284657570252,-1.6732026904730393,0.9264258013352578,-0.6895672038418246,0.8569848277379936,0.12191686991993542
1.033301104428075,0.6911637231654391,1.7661099914325449,1.740788802382507,0.4541372410582596,-0.9448829184166538,-0.799722535901306,0.09589520068198285,-1.7283340159625575,-1.402326768857758
1.5135239567866696,-1.2013693264346323,0.5768781981474543,-0.18603024875655064,0.9406766672180524,-1.4168993390084097,-0.9657221905337074,0.6157975995592405,0.8215929948405286,0.02629114758800159
0.7543692126715537,0.43900083208618007,-0.506170593802402,-2.149155354934769,0.44429496572146177,0.8552496513402261,0.31879997420353723,0.4160471933368295,0.8145253158277347,-0.02713742911154925
0.6827530462537023,1.167799418092363,-0.9424703657862986,0.46049856270007455,0.6881374422929064,0.9894950166308358,-0.4227528912879931,0.3567993688418622,-0.8345500381307438,-0.31816523765345645
-0.5259416686618601,0.331078312233752,2.166676255905088,-1.3821842546914105,0.15383781805108884,-1.2214286488187278,0.7958536477644037,-0.6640545672385272,0.2449926917845436,-0.7055743624780579
-0.27190216972454745,-1.1032599584722886,-0.14514474323235932,0.1840980576827881,0.234277995513885,0.00605629293981717,1.6703426600489852,-0.6609888782754789,1.0414925542389846,1.4097650823034338
-0.24988454689055545,-0.6232541798163236,-1.020224895188544,0.8427304356439422,-1.7674709161446576,0.00403190567543855,0.5356058095771311,1.986562854611898,-1.091770276306954,0.05910554959576012
0.3650432158808719,-0.9383516868498916,0.8459255579207512,-0.18861654458236984,-1.7759743332323912,1.9153468727215568,0.9415701347402436,-1.3325170365374002,-0.64265083247223,-0.4442196705195357
-0.9214880899921376,-0.5739040396825368,-0.9817820454449327,-0.3547079915864248,-0.04399735933141496,-0.5465691595954181,-0.8766666632948508,-2.28845497641963,-0.7037897733764731,-1.5352615869516264
-1.580106345916692,0.00274327050002351,-0.19503409727595808,-1.1940609412141023,-0.4896459618431675,-0.2706628202944071,-0.01794835933213419,-1.6491217617722294,-1.889833141139421,-0.056164332567245893
1.383232847778561,1.4247666241785335,-0.843794453119898,0.15801865622287303,-0.7228447907348612,-0.13353719207214967,0.14100415111270806,-0.9556049642308794,0.02059232826332038,0.49850397839293503
-0.00633592892737601,0.2255755090230844,-0.24507145026511473,-1.490091672092283,0.8826958864237273,-0.945106195101514,-0.2103201496247496,-0.1959014213796476,1.1610247225578678,-0.04530109309163401
-0.7024032218767335,-0.610839484233193,2.1887353423521985,-0.6163270444123439,-0.17584491312127826,-0.01691340465577963,-0.7257696670066502,-0.9667752636088448,2.4351277168653085,0.39001597123947435
1.2626627781063275,0.3862854590023752,1.5187966641172288,-1.6848321883319024,-0.6350172450582837,-0.6016561616276486,-0.7071367278871872,-1.300414585074529,0.6631294860401828,0.31502049017907297
-0.591827878771987,-0.8382596815729901,-0.10504942083612512,-0.4032940516987102,1.024313719869179,0.7067285050236745,-0.6570982138460809,-1.5427496141302903,-0.31893966760094716,2.4147592073940216
-0.28147815756414385,0.3771361705726789,-1.0680417422437007,-0.03099154085588891,-0.7576040776429277,-1.2672566892725063,0.856169607637835,0.9443325821684464,0.9506642029454546,1.0386349587839585
-1.548300427223455,-0.26776264828175556,0.1501927026444287,-0.5169984320391099,-0.6065443243620479,1.8808582037482513,1.9779419446352668,-0.12193153262426068,1.4708708183898236,-2.3966477256306535
0.3973563458695674,1.2367511345999516,-3.1632586974655728,-0.15568880137687854,1.13131126481382,-1.4541337777234429,-2.756136727837983,-0.3990998556144526,-1.238296215338397,0.42778303537162377
-0.8805524458888192,0.3175625950962252,0.03407057835142347,-0.07887089805326615,0.6037382846562823,-1.109829009054736,-1.5423909732129597,-0.5080246008804273,-1.947805969938824,-1.051841655042815
-0.3550679294237462,0.8600792008187017,0.6830866834334397,1.1732901558319997,-1.028177122821892,-0.3049551050289768,-0.7744188367244742,1.4119283556537212,0.33060114217121594,-1.022863917498573
-0.28279044171870066,0.5941515071739887,0.5355691952901729,0.4007602872980713,-1.0856248787223,0.8821089993635819,2.5479993509419083,0.05524153770566432,-0.0962999837644851,-0.1569156821103487
0.3683237688160459,1.5709270879404835,0.3137608783615553,0.7725061391658768,-1.014674566819666,0.6013242023602481,1.1880679326111236,-0.9510859707716528,-0.29081242797539797,-0.10874136421342308
0.8078956193597988,-0.8353750426475819,-0.12231848195718972,0.8840425971580639,-0.093520683852258,0.520093878240177,1.2203569320837837,-1.3446086109139452,-1.44907025571525,-0.44435134229627393
-1.034047822620676,-0.14540253807273865,-4.143258721732396,0.1369048437758315,1.2431282192177768,-1.244733748672617,1.1982787527805605,-0.03089436691229163,0.15461573255810648,-1.4908905984983578
0.7106384669282556,2.568745652534592,0.6910466569060978,0.519278888351351,0.6585023992472028,0.7695910068321697,0.13628408257785243,-0.38141425629658654,1.194027925006897,-0.4082305453100031
-1.157195823015798,1.4472674287557787,0.30317608601923124,-1.1125572134466604,-0.4829043892407674,1.9167718129425937,-0.20128846823472116,0.5677147779883659,-0.3043637738552626,-1.582049513454209
-1.3848714335936525,-1.3686667117283835,-1.857988987885156,0.2970405931034459,-0.2577210451014798,-0.13626677283779492,2.86348624027276,0.3453713974537337,-0.16552486688163578,-0.37471938399716986
-0.5796614682412528,-0.4360009871560819,0.3897617907433949,0.05730806737962776,0.9589965791311174,1.6789815963376509,-0.39612606391496896,0.19721754812927628,1.5804177884663788,0.6396093547512454
0.2567744948620889,-0.4623711280148068,0.01027497983155533,-1.1201940411259954,0.8160342796336233,-0.5459602010966591,-1.1073909958780133,-0.04678420633551077,-1.9955823365778864,0.6868435859826705
-0.2588443324582095,-0.2676386447192637,-0.14810637053259249,2.261447537791727,-0.9402447596248596,0.6569139576606067,1.4044868288148236,-0.6172516394669787,0.23006739713166705,-1.3081766936872428
0.36356604081588056,-0.5319827990166871,0.00507258053927252,-0.5899288814409175,-0.26625038844941645,1.4341946226319726,0.8082094376124681,2.117203992057427,-1.4119992411423028,1.3495254819048454
1.1698562081048882,0.3921987281752594,0.5615466438690481,-0.369298182499975,0.16071252140073308,-2.5156727573124065,-0.07546553802975359,-1.2376387400677156,-0.9771218440918132,-0.5746972132665976
2.2275632458316164,-1.5405335150570063,-1.0210006023699945,-1.082640946614358,1.241452315941459,-0.00410215667168737,0.6064213948505723,0.6405532356178477,-0.6234127164866737,-1.0895273436980744
0.1455424334670599,1.029104651422587,-0.2579062261689907,0.6152845206586489,1.3512206401847058,1.178571069266738,-0.6538160181582767,0.8135107959268989,0.5921995923376319,-0.9414273266538334
0.00779877099612235,-0.05199999933961417,-0.06106482567686506,-1.1473138618529928,-1.622245920200809,-0.8777974097106214,1.3857263194215172,-0.6191597555106538,0.09931985162533606,-0.9011267368547344
0.08303187644473842,-0.4795817912180615,0.6046824578454253,0.1438614005685811,0.35450271450743476,1.2534468356148938,0.2974579223539972,-0.15649710522525134,-0.04756384795504223,-0.8452200423765636
-2.6811694493312395,0.5620837301403102,-1.6953572652104107,0.4438305157134963,-1.0264613589942486,0.5145556827796658,1.3195426708626834,-0.4088858910610324,-0.6641739242572212,1.0459202938547227
0.9633433840560314,-1.92621963543058,0.9884116639550716,0.34834171308580497,-0.6444858903689659,-1.4620751558214995,-0.11871235926056378,0.2174555163906959,0.7635063692760204,0.27712211035964407
-0.3501150161034211,-1.1155014984958531,0.0071124041665721,-2.291100916161337,1.6589583125931842,-0.8556880519712928,1.3076330900177664,-0.387805831678494,1.2623601777988211,0.2734326866745936
-0.7682377940096409,1.506092888783226,0.18845300161761688,-0.7812276833639378,-0.01783890413156322,-0.6765340923562844,0.554209590474596,1.2920533253546789,-0.35152640778002375,0.1464475470924002
0.8374216599148363,1.5220125155204416,0.00328267846217875,-0.2077433208980046,1.0061615005023885,1.5761124417298291,-0.8961818984715129,0.252673594651357,-0.7286385308830217,0.3583282062972434
1.451664614584406,-0.7840267939356074,0.15514434872027924,-1.324306474548158,0.25168386861277353,-0.2609816142518389,0.13144812839728706,0.3703823842953325,-0.8919423405860086,0.03146178205713797
-0.8355110817654953,0.46399208850522256,-0.6231992403383059,1.5118940005876154,-1.3370135551573392,-0.9825521564806798,-1.893361449545532,0.3903424167666079,0.26151481778357594,0.17152834934731698
0.558861207718907,-0.04309680608974984,-0.725589324848297,0.1931928851423077,0.24959527066607573,0.17472973599389732,-0.8788977865745973,1.1035088278225604,-1.1262848082461314,-0.4217038272851796
-0.596190842791761,0.9362521499434856,-2.3454205854496584,1.7863896155039347,-1.3742297832112855,-0.5408533332216269,-0.0902777227248142,1.189527250548061,1.5692024259088089,-1.9480920705418303
-0.7555019937832272,-0.9016488628442814,-0.171461061787659,0.536290634682019,-2.1598793134660705,0.8638081584395919,-0.7762503483737601,0.27915362805305716,0.8264204252352463,0.43227431707094066
-0.4511277410622304,-0.6911164771255052,-0.33701623945826464,0.3076528183702457,-0.03910878347053197,2.13052468958363,1.5872178448714511,-2.2804181273180535,-0.22668327210110903,-0.4624754206486982
0.5707999793036193,1.7731558181244793,-1.10577877965487,0.9392209110865288,1.5171491074849792,1.346420268199764,-0.20635811955796543,-0.9752359927037884,0.09476653359817525,-0.17251574416712212
-0.997566831946468,-0.46596823602433407,-0.19977124530828477,1.035693896208159,0.957075771376614,0.5747954738179796,-1.9084356381600112,-1.92555866424304,0.04539070012800798,-0.27242922698303573
-1.9354864001209309,-0.3027812158836994,0.3270885248510247,-0.12532947458387397,-0.9232446672017336,-0.5670571562910468,-0.211514193400746,-0.8732881907641719,-0.3602587289690099,0.08071241733391796
-0.524775636612814,-0.5285393489576447,-0.5587100265713616,0.5441789660634434,-0.5809158074958017,0.780876730818457,0.9148290904506224,1.0456248025839563,-0.33620333014657233,-0.15114085343341663
-0.7708824898022089,1.1592092698137688,0.01960260166863036,-0.44549273035779385,0.02736935174711337,-0.8351534898699401,-0.6849757131947158,-0.31701517802521006,0.5645819433754199,0.42411493179867504
-0.2589670438147656,0.2669376638407836,-1.2908230594359835,0.273209805152577,-0.5293712707186636,0.12771453589872567,0.289182662227967,-0.5946008962539745,-0.2067372641681542,-1.3339152680401631
1.5559730166596646,1.2555391826632771,1.8610920803951725,0.9501097804446816,1.0301225175085276,-0.4506313055227386,1.0221713394879364,0.19378369612118343,1.0070495626826972,-0.1831010138893286
0.4304596956835586,0.20570820421392097,0.6616690850782017,1.9988324533907165,1.1751072592331735,0.741253184112905,-0.44142678582764544,-0.7458010846558462,-0.6249657706645457,1.5765569655441491
-0.5130318578764502,0.9491904185400414,-1.198835479954965,-1.8173586268116424,-0.5771279054815597,-0.8447695371035823,-0.9159216559959172,-0.3495295223261685,-0.07793264363626433,-1.7826445828598203
-1.989717135974005,-0.22666203784334893,-0.18326194552720437,0.4136940567524726,0.07689171782808153,0.5295285450055374,-1.4164000830987395,0.24036779315444504,-1.1672626872769822,0.7472367261345253
-1.1599437637337662,1.641168296999124,0.8119640139864668,0.7182224419099162,-0.8192380497628399,-0.9109439399104134,0.24710633596325648,-0.435902135017302,-0.2611247083601675,-1.3133137011075582
-1.0100140874823145,-1.1059457670098394,1.5447197913058064,0.13105410189480635,0.9643943207814724,-0.5995189437480286,1.177163051249467,-0.9519631395311275,-0.8301969388188178,1.6788041131357276
-0.8242254152058466,-1.140037386422446,-0.441129684714141,-0.1140990189772578,-0.10584228539320437,1.742625302274523,0.36892832536985687,-0.8128667860366346,-0.6084788785131602,-0.10484189004767726
2.37482441415074,0.15086209703943562,0.919979215472408,0.1117121810554432,-0.02368676819901476,0.10264824874656849,-0.33373343684223045,-0.17918988586032664,0.528593530135378,-2.0305438375730156
-0.32874204199670704,0.744167169352376,0.9162610498298048,-0.10524996350722034,-0.9932714833339348,0.6157566682188427,1.0820878077931024,1.452109776687814,0.767991167850167,0.2020767877832119
2.6063007218782275,-0.28031509846019576,0.963752598700197,1.929904051514508,-0.8443290867147181,0.13075435814467087,-0.8607559481940408,-1.5018890267335387,1.4503471402447752,0.5998235427019646
-0.7241222190116353,1.734447663815634,-0.4766445327247615,0.34743375406161425,0.6854747854061584,-0.1652911210609983,-0.18610382111095425,-1.111290702074833,-0.8741680654726837,-0.16926145284183827
-0.4871304524048819,1.7825390680962998,0.8233323131044042,1.4566823188310851,-0.6166911565370301,-0.4060620141785535,-0.17186471563775038,0.15025168237707634,0.8511214907272321,-1.7892704500551306
1.8770040263003065,1.0432194043172456,-0.7299195746125209,0.11833659658446916,-1.482028359624596,1.5011362973367337,0.4471839328600892,0.26585242254322905,-0.9328926006273254,-0.29843025352988456
-0.49072152969818533,0.21554148794263797,0.9179817840372662,0.2906470153454897,-0.660382475822866,-0.8263876065813813,-0.6626779087174614,1.5637384954434574,0.4593917290296454,0.25060040238028713
-0.9201207494184438,1.2101245716283977,-1.054455687016586,1.46000207595605,0.17129689307520146,0.05462317487789199,0.15494081225216969,0.26493610020918307,-0.2469032142008661,0.07191135749314402
0.257921627436865,-0.3760594261315681,0.6694532978297495,-0.8215513444401624,-0.30289662063611283,0.8355629632941408,-0.7894280082919596,-1.2943723019468354,0.06569758219087453,-1.2928055829266198
-0.594667648605977,-0.564792253802366,0.5128763799157664,-0.611763280767124,1.0659987339664487,0.9474166501757167,-0.06209387197418167,-0.01511282497156736,0.05209868333951689,-0.5430962551634004
-1.9232746161956311,0.12390832040337228,-0.5567268010464168,1.2252840818236574,1.6864814592578297,0.3252572119632717,0.46232736202735386,-0.05532451932896929,-1.6358480625939165,1.7500129642197106
-0.797709781496835,-0.03964469387490379,-1.6809625088799964,-0.04583944862928287,-0.26807742766391646,-1.8688070772689815,-0.24352931375149303,-0.08021159012131865,-0.4818384331097772,0.07952355019478402
1.1390252318028824,-0.5405279486083355,-1.372030851118476,0.39318063737993264,-0.2924687777405474,0.4963220117082878,0.6220789919418365,0.21608098922076308,-1.3565378949291746,0.3986459759357415
0.9366342000974964,-0.563099672062725,-1.3842217841451026,0.9460024717022888,-0.17904407603008546,0.2856233317471444,1.2046403088256736,-0.08345541914358576,0.5571811417601094,0.3003034072819301
0.6257375500157023,1.4306958895268336,0.4263753076018926,-1.059975269397401,1.7855590312216103,0.5923477397315261,-0.629799006071927,-0.1385465407771211,1.6328750242919512,0.91543343691488
1.495411796862148,0.006921611495892,-0.8329893067550656,-0.12268554065128258,-0.04708333566181839,0.03167693851785574,0.9763556956420306,-1.4124447220014411,0.5130058188708838,-0.595028177391311
1.2374256672603663,1.0317406979992243,-2.043517354725553,1.3735554755453516,0.19338614825300304,0.22023510541632568,-0.8086667923863751,1.2409686940384073,-0.3691266053522294,-0.47820779410216807
-1.902463289647376,-1.5291229078415889,-0.5304497134195549,-0.5899838804070128,0.4701116464517288,0.3279280279965614,0.8725035736691501,0.521918448481019,0.11720265280134984,-1.2144133998422626
-0.4415911975623588,0.49296834389597194,0.5009811529492229,0.7175536238598205,1.122885585073225,0.3427704132181728,-1.2563857108689784,0.6023154315329423,-0.8562959786465583,-1.5109587344088944
1.4273254494687566,-0.02094912883827628,-2.4382083639558236,-0.7140909843892401,-0.8415292906670802,0.4709869848819897,-1.3420694274967653,1.0020879493680748,-0.05649279457449742,1.207813049904646
0.5477974028819592,0.821754127514547,-0.6741279361886957,-2.1070624583052675,1.6040951594950417,-1.2165684336624123,0.3708579746302257,-1.1998305406868672,0.10491370355411107,1.134264883460634
0.06792673542996046,-0.31457392302332476,-2.1404049295313716,0.2576327098369949,-0.41573722407036623,0.2913950244140715,1.014367165612311,0.07696140527231891,0.6527840583408637,-1.298721793916356
-1.143174959185422,0.5090215954874928,0.6811144017193005,0.08193193328488145,2.2340143714886347,0.9396717669001724,-2.088167750328998,1.2461097495137097,0.5316816622428039,-0.7013373975912881
-0.18739062810322113,-0.5305235503541262,0.8241234692877629,-0.4404029964538712,-0.4424133385165474,1.3001496486546815,0.7068978891498455,1.192144512523626,-0.17323153995225937,-1.2283732733787585
1.208163838565534,0.4101243824898459,1.3994819971461905,0.2671707354094516,0.1893284155793122,0.981551966342939,1.3498780083376385,-0.8707335581674744,-1.1028759861737416,0.1479494699722657
1.9615044087555389,-1.855945564450656,1.3949556380274262,0.15254293715344058,0.2421525365198808,0.7427209313172524,-1.6865315464968618,0.9431360465191188,0.10524839432553884,-0.9464019591003704
-0.6693168084346086,-1.010273454998107,0.25026066667512187,-0.6940887348277166,2.3070394637084637,-0.9898110726463256,-0.35362358289692286,0.7765675032359387,-2.8940754394960466,-0.5092611091163807
-0.14258880155938147,-1.5594134946189209,0.31816632211097484,-0.6623188088695003,-0.5623929587079768,-0.8579688569473436,0.4211042390087416,0.6893006944260779,-1.0400480680632005,0.8644840124419512
-2.720790489889426,-1.4523982760011582,-0.10583265956810156,-1.6661084825432144,1.0534171087132722,-0.02890776898325836,0.37443029879639983,-1.2513163926129176,0.7256465158695228,0.6937969812703224
-0.8318472450491701,0.2647869577119911,1.5049953474596105,-0.4220318864026842,0.9106366073168968,0.8616023514374815,0.11150128082477367,-0.37359997864280337,0.27026689947601995,-0.03945105598732775
-0.6004972184915329,0.5102411164614182,1.082668803473845,-1.8175909473046212,0.5895892379050893,-0.5392501971436944,-0.7542928037485457,-1.170965652613072,-0.07342937366144425,-1.2346120378238301
0.4391315642946336,0.8310488967537848,-1.323405538312706,0.8031270237182377,-2.0181640788025654,-0.04052092479319099,2.2554284861940026,-0.6870218365315832,-1.0866648636083769,1.2865646319443005
0.5171448872083484,1.314636567433361,-1.4424118588221675,1.596510584548756,0.7879222920374704,0.8242054516228154,-0.46618355008217555,-0.396680523812428,-0.2595281140831422,-1.1994092477274414
-1.0784306608700212,0.2738506383185044,-0.3001462634088971,0.43464292320598485,-0.27027729465674877,0.02842059403010235,1.638929368573435,-0.4087544135128876,0.12482147191418023,-1.9404488190744995
-1.742192878219014,-0.35274717603260686,-1.7284043975108632,-0.2216888287352385,0.2359168517245972,0.07184328106023713,1.3478090595325771,-0.7892710231216111,0.01963632137016888,0.6549051777920828
-0.4319720348170973,-0.7779067111201287,-0.5571921029032978,0.8938196612251833,2.6859608540268,-1.2724573554309395,0.20028542178946843,-0.25470466308428563,-1.2687623418047085,0.48115529504296495
-0.2324016371544399,-0.7543483774042508,-0.09857327701774626,-1.3277704520998546,-1.068287203896552,-0.7593816076512936,0.444090403295108,-1.2161116447739306,1.8265099204878537,1.67997406467241
0.43051443222080593,-0.7939693730701187,-0.9197232098678324,1.4825056892905533,-1.0138747350280932,-0.6036487265311054,0.13459231122585633,-0.7451464966288462,1.1779816138347343,-0.27866986833943025
0.4833008270268242,0.4788626399881398,-0.34115695088656706,0.16402656553596956,-0.3072909800278073,0.7066809119594554,0.12195748103209768,0.37521372978025375,-0.0178990356387902,-0.12731061614888123
0.5642178662017525,-1.1447314058874067,0.6529863953263169,-0.4611138919993314,0.841730718601761,-1.6214995843115287,0.6996898710984666,-1.8976887108200764,-0.20540053251348575,-1.1298760076739842
0.4506010984132529,0.16863666425165602,-0.7327218046628241,-1.2744262373429256,-0.48822198270367184,0.38398966564591214,0.4178229720029999,0.4540449822528737,-0.25387941482977744,0.8246561425342367
0.16721491218722692,1.1090698188600487,-0.46454502952411586,1.8771459695019443,1.1897086392759462,-0.1630202410669956,0.46259644788467846,0.7154756285469573,-1.0631252100095658,0.51332222274977235
-0.6983098974761722,0.8023714677454346,1.4968418833097354,0.02148191934895472,-0.5690002415488653,0.5434697385415863,-0.4976014013606784,1.0963165160092485,1.1170166543716802,1.4351239519386991
-1.1616498832604951,-0.4918896981441335,-0.7988689555899604,-1.1947453433709592,-1.7634111500906111,-0.9888894819254652,1.3383389635259295,-0.3132507188624169,-0.8775331128487228,-0.8264322610913062
1.2991446750940103,-1.265847456947187,-1.110423632937361,-0.34098593608698907,1.069931055347912,-0.2678933631419163,0.4466891608665351,1.8976036282109616,-0.3693033714192513,-0.1263623916035277
-0.3773583199131041,0.6844997296260723,-0.19064408367242905,0.00414482937120179,-0.02599078926593308,-1.0128918412688963,-0.2624761115348162,-0.9743405660922412,0.745040646031677,-0.1743018871423082
-0.30099657879954045,0.7960800481607225,-1.2126252874639154,1.7013231364183583,0.3491809741139092,0.6399073513642516,0.5973279737025641,0.2800239569180158,-1.2091870344097488,0.9284907344672918
0.24433991320704837,-2.550234924304651,-2.2169364123743267,-0.0503310930683917,0.15997921090087813,0.2853251518712803,0.29628231381164244,0.36402799055103346,-1.809619275281022,-0.33800879443040116
-0.6689960003961366,0.3109454856395161,0.7117515898916295,-0.7180849595340472,-2.484800684222356,-1.3574377716098172,0.15395263672492643,0.8657625222569538,-1.6753138933493468,0.8265498756660182
-1.951584366943092,0.2630367701603266,-2.1676279733732744,0.3494660380215702,-0.09879802089565036,-1.413538540014753,-0.42674874791680023,-0.4836347793282754,0.48718548781871635,-0.11772270254221769
-0.8969149661346555,1.7604142089314088,0.9517468518266288,-1.2129441737355655,-1.0352790740779565,1.425427747447835,0.39187068465877495,0.4048053470956732,-2.0734761821726835,0.11439013066626956
-1.1118758042050796,-1.377519291900349,1.218079965401947,-1.787319789245548,0.3045798651285305,2.031068594290298,-0.6864535007130126,-1.4550857609715466,2.497319042805461,-0.378435440285348
-0.9050891601703028,0.5127569793860304,-0.6354600569962512,-0.4694247438884903,-0.5815391036965419,2.3437072755758024,-0.5077970567745428,-0.8927593686960237,-0.04518732203439946,-1.8418099166213509
-0.7348876970533338,2.05909582161695,0.27903600130360157,-0.34565057198466587,0.4120889146640281,-0.3631583491418666,0.8100394981397331,-0.4494921879829054,-1.5763063439061098,1.08018449396061
0.9367798430595804,0.06447902161694233,-0.4836474471278082,0.3169520233391779,-0.8109221443701619,0.5086659393377286,-1.312019789551215,0.18286259589712417,0.15605440130340725,-0.11406312519572648
-0.06485204595040198,0.4343089239026407,1.049680827137794,-1.1725486492926258,-1.4441058869668084,-0.04218482387171926,4.9341798646581e-4,-1.2631890396732603,0.03966547424074373,-1.1690676153591486
0.4956692190451083,0.29526787195511395,0.5253665699791623,0.6303433098003063,0.404657495594306,-0.5965083130428092,1.128267791365831,0.9454840611784036,0.06895323032278892,0.07556689672201879
0.33253835847922664,-1.2727089624748211,0.4486104192146671,-0.6979780936275768,0.7878873234920649,-1.9630224751961,1.2407188090859045,-0.3880751286977918,-2.07611585068537,-1.129151404256982
-0.471689204210353,-0.5939305135037346,0.5088524650595189,2.3299129122364564,0.9898422178423868,1.360902134048097,-0.17977218235136833,-0.6461781211954002,-1.2360706996128854,-0.15357135759891272
-0.9262378122292796,-0.29385239527414786,-1.5152287680861716,1.2027783056087638,-0.8085890435664663,0.2419500895839124,1.28005475899987,1.478027788940297,-1.4323660982810762,-1.275056020899554
-0.47631380508538895,-0.6324138750211907,1.1994633195387836,-2.6506372528531936,-0.22480956325365117,-1.54779261986269,-0.6945830230049914,-0.20305650994976385,-0.4855448957275778,1.2964961178894086
-2.3380286522431635,1.5606284061909537,0.00499540308039838,0.01875458081024739,-2.1029526168402928,2.325704892554126,-0.5104777075211517,-0.3054034234225945,-1.444171408176706,1.2009805723838225
1.6686011500317872,0.8101975624265898,-0.28314811186360295,0.33891573602451325,-1.4011208820002594,-0.41900448115814853,1.8535893366132616,-1.2050322923798948,-0.4158729896735444,-0.735805797203494
-0.850236584476397,-0.45839369076699454,0.5454469107022466,0.672500836770472,1.092300536825078,0.1006285096009882,-1.6482760788596216,0.7950945227849923,0.01053379908968186,0.290978311511193
-0.2074977948128192,0.0288367152268779,0.6627149855957678,0.99817828392438,1.3209145311518238,-1.9818530457330823,2.0305375265810817,0.05054273249247107,-0.920645845634438,0.11453353829622104
-0.4726895198235147,0.7225111245835636,-1.312076162427665,0.9675357983751808,-0.7219695710374208,1.2309320446116263,1.1806923224917374,0.20972480190681103,1.035417223354573,1.312848453301479
0.4494903516528379,-0.09699633855890552,-1.1623845121085068,-0.3256455708153871,-1.0655231164492722,-0.3117636121892241,-0.7169978507591445,-0.4096185254636106,-0.7980237602925608,0.05888556157619075
1.3633022683467189,-0.8816466047683441,0.6354616749380777,-0.11243648672681174,1.688644217538176,-1.079793057794525,-1.454294231614478,-0.6211290503244351,-0.06194291254936628,-0.4611073457260954
1.5253214603515823,0.1662992288527621,1.1372411977254673,-3.588996252364566,-0.5463638380800889,-0.27585657039807543,1.4436905807750304,-1.4923231049183034,-0.2744287805574425,-1.140491968005206
-0.4184599021803102,-1.0457005936376778,0.6303127041082842,1.3196085787170129,-0.6784212365773401,-0.5105318508543243,-0.33032665099014746,0.1897053221619372,-1.3957218084137497,0.5921078079590743
-0.4990771768057379,-0.4728380414111045,0.3142602393079537,0.1572440974721724,-0.31725453726273406,-1.5678408649684674,0.42890776626830457,-0.7116561759609062,0.9701553641188462,0.6530545364232282
0.5328676891115218,0.07192795386598513,1.1680044607215592,0.788192151848065,-0.5805019225759135,0.06339401043950897,-0.12326303474266602,-1.337635998522979,-1.079445617112414,0.17917715252322916
-0.8372383343337954,0.30718078685942796,0.6582351298137085,-1.2662012102890785,0.5615742396930022,-0.7742732833208631,-0.44065976278830166,-0.4780092987678504,-1.1113585903529175,0.04407804992335085
-0.8022248639685293,-0.5881880211509026,1.6126047685679268,0.4275396874350629,0.3217075394680179,1.008214475323581,0.952165576806864,1.9078693869161785,-0.5298135482809776,-0.7710122108844261
-0.6486131904578922,0.8616394321188972,0.9291131053384102,-0.0344936194870294,1.5785860595975254,0.19993009008842796,0.8283780426075322,1.4706874289118346,-1.6304549087183997,-0.31861776169487493
-0.4027114820339627,-0.457736978271595,0.3935099464962377,-0.13450860186895497,0.1128012777823396,0.8771600851328277,1.2377511301719637,0.26680490719725997,0.08449685499925842,0.9666913043844736
-1.2019511096840485,0.200594383836506,-0.2031464767075088,-1.6596963182652706,1.2565531108721435,1.440046770609135,1.4938397731355144,-0.8614590164244891,0.3932212351473982,-1.115369310685888
0.4575506204588598,1.6569404146018294,-1.102080450253614,0.874841292705545,0.06139863399772082,-0.9793363670687388,0.32921481297571675,-0.2708934959547438,0.4101181400641598,0.077879862945497
-0.603842543352334,-0.15740219749218007,-1.4538427271893757,-0.14199129391304485,-0.0906336263673828,0.01596110642724673,-0.7314588063203761,-2.49607921169757,-1.7073522855798942,1.2406231323074262
0.5922959613624066,-0.3650437014861363,1.0705084440388029,-0.00876430891317928,-0.9888803473146044,1.451278678711945,-0.08461160977772424,0.6235864513223579,0.31280147371585093,-0.6193533374556099
-0.9698382217518215,1.2302991709498607,-0.6384455493697514,-0.36192892175175745,-1.18548489644139,0.6566942554019266,-0.06387809923478426,1.4659067523577285,-0.9987889803189506,0.3918953886463804
-0.459127095127029,0.46967337135693904,1.2037628806980485,1.3008473444550763,0.685388338919872,0.7707987250644979,-0.6250078856257435,-1.593114974306488,0.2948868770564964,-2.0440573296549056
-0.19940541134230985,-1.4561991934013965,0.8416794767039336,-0.1222688437390172,-1.3853561028033714,-1.3814560025184663,0.7856545064260682,0.1370480962449695,-0.1550989325083656,-1.8704897654909156
-0.7586292412103727,-1.024343047413438,-1.6443119281651732,0.159422692952447,1.4864150865970354,-0.4682730329816552,0.01585382793631783,-0.35109423367298304,-0.7671822896516332,1.0595068466253197
-0.5318293211916979,0.23309653409288603,0.6987977261563332,-0.5314784436653266,0.2251087815564747,-0.9203905892526316,-0.7732506563910501,-0.4224776920069779,-0.16920657303061468,0.20822917210804237
1.146860291067291,-0.4502783691254423,-0.17924203963675106,1.0137446850527332,2.0325708324086493,2.21322796298419,2.579174415775602,-1.6862249752338203,0.8644383689739364,1.8973180939974483
-0.7799204509380948,0.10590284235466188,-0.7760710955693186,0.05626505974780043,1.148829153604447,-0.4835149409187486,-0.23916446350612555,-1.0438375497210928,0.6018588873604177,-1.8526445885048344
-0.08817609435390653,0.7584732685594674,-1.3458214056077085,-0.5873677780756239,-0.5668138220544228,1.8486849540563317,0.8521285761992771,-0.8766936335362029,-0.9115260746028748,1.969170033556324
-0.5812075281189332,2.1981238936037832,-0.04321695868679019,0.4679005383576664,0.00373113753007597,-0.4325900347489911,2.623325931251271,-1.1536367058249792,-2.19518218250468,1.6554478448185537
0.8483835393686038,-1.53786967139296,0.9681698533638928,1.410395760272945,0.9467208452500232,-0.4653643247054574,0.04231959117793889,-0.26895110071680456,-0.03315820374505734,-0.34054485481074986
1.4069467067971344,0.1763762660225883,0.19796173380269497,0.14440206869081768,0.8376144407683932,0.4652865315190615,-0.8263991438385184,0.03512396001267658,0.5008875335688213,0.06446924140364915
0.4846520161825304,0.7863246025857247,1.3251777620154364,-1.1855322225905949,-0.47207653561277474,-0.47837032330137336,-0.9337073524601848,0.8548287794149311,-0.11417036509432384,0.5886284245540484
0.7182294885091757,0.8020333112611953,-0.45242746419431584,0.9218260364846634,-0.5030443840202118,-0.3023004195186968,0.6424260974978986,0.7142606770871733,1.833132132902664,0.01554288304600572
-0.6450507259888079,0.4888476168589096,-0.9311443964395372,0.1427906922904658,-0.3868351239843898,-0.3300222769688521,0.3478934707158821,1.00258130826943,0.5605505885394314,0.7431430092488351
0.6963429194797272,-0.1665311949445845,0.5990708212538086,-0.8380470889263935,-1.782668744384692,0.02452182339342686,-0.6559854789511683,0.5980411432389194,0.03713359101916435,0.6572114753728353
-0.05812720030956942,0.11758493472174676,-0.8546999725600689,0.21281501864365757,1.031337323149335,-0.3350395776002988,-1.1184765964501948,0.9543826749849988,0.9325206447177572,1.9560508927211384
0.18997582707850663,0.5920295123790854,1.3106828404990285,0.697916995464864,-1.7716088027421588,0.9784351269848534,0.3882420021461352,-0.4118207913838304,-0.20895763520801072,0.8389557339877114
0.7597129364317109,-0.8921990014482463,-1.417354346325741,0.17178758382122203,-0.7828128131137684,0.7559884189913723,0.9209723838283688,0.02547825851931147,-1.4560402020173653,1.962834731665328
-0.2193998213043331,0.9179065048538548,-0.28264033451656717,0.4295037794877436,-0.697895770747308,0.04585947925396368,-1.24577894433807,1.9581490693707455,0.3196307574815247,-0.1796516047133156
0.5705250583888315,0.7745550713035346,0.36809211042239454,-1.1146996971217202,-0.8803161836732669,1.326989926440016,1.147015995794516,0.0645964450523688,0.449477881766164,0.7685964692123213
0.7447215368857211,-0.5325455522855557,0.928485248447612,-0.5463594522628745,-0.4497570035963635,0.03921291370879825,-1.501959370586411,-1.2263254101165446,0.4171534875017011,-0.9836698834824056
0.4054382965692664,0.1773813733761341,2.1480368656352544,-1.223825172598339,0.16559591566338278,-0.74813795572834485,-1.526352792161806,-0.36680021503526455,0.14809789622941913,0.13424678658797382
-2.363543155417643,0.31360394338144876,-0.7250764477092807,-1.2940347383356854,-0.44133322937272834,-0.16637596699783305,0.9385508705225526,-0.2983361972760776,-0.22025239355562032,0.14908849022967843
0.20989460155802905,0.9010974519088776,1.6272916457585511,0.4961320451370101,-0.06087598479414097,0.26343107412534006,-0.25990867817911545,-1.13291943663427,0.0543778114083105,0.1639471180915201
1.612991735119922,-3.0592226445928397,0.3236033677830311,0.14971518456609323,-0.3389714009007837,1.490510413422387,0.2508159297609354,0.7837286954994945,-0.5718354600807924,0.5735640880192145
-0.5442648143675444,0.1301671990200968,-0.8432985219692011,-0.9898490006271438,1.4759347320642469,0.6875452549788712,-0.9131255314486082,0.385552103553593,-0.39301189831317856,-0.28738048397850763
-0.948019644352609,2.0819986684731355,-0.14445273033563255,-0.01374950877368928,0.8432765254798763,-2.047294838405882,-0.04896373306694358,-0.4845301453223318,-0.24402234579877435,0.8243417647544828
1.0429915006175212,0.7458323726007113,-0.17849149615962265,0.2426498541446033,-0.5498050959947356,1.5085098866461024,0.9182798202476232,1.1424771060336982,2.6527398440110828,-0.1209256353115681
0.4269871996600466,0.7918426001531496,0.7300673110942276,0.3777153206502403,0.9238967928822396,-0.9229547800958018,0.6532236585831516,-1.9695553665548589,0.12854222124778844,-1.0203026779483575
0.8246705877397477,-0.3805391551698253,-0.6882882858490519,0.5249475331182104,1.0420363946198186,1.021358608055767,1.2738717666127242,0.0815642050215007,1.6052799158962796,-0.27392570887705975
-0.9543108050847906,-0.9860282595374352,-0.7601878664962917,-0.841497625521159,-1.2005405978788173,0.27472560055127665,0.929711117970636,0.04023492048076258,-2.3356923587076066,-0.390348253233136
-0.4723751132898757,-1.2264979517148575,-2.776570275262582,1.2689041783670048,0.8657532332876071,0.6814729413134046,0.45919283738183303,-0.5289168139786452,2.001877645216552,-1.9453832456298097
1.364481406464861,-1.1401132815017256,-0.5051975061917927,-0.8369603168668084,-0.2693126505753729,-0.28840472286421337,-1.9557588063731777,-0.5399008565632084,2.0982020736156777,1.1943535268930692
0.11287035186771432,0.7575134251967843,-0.4716463961681863,-0.6365680883877922,-1.7896219747694395,0.29224929451742404,1.6144784486268418,-1.9138883324871143,-0.5607279512942933,1.6890995479536477
0.4019218785165328,1.074363825406054,0.8768276751209289,0.27631539722254284,-0.914440799505958,-1.1321902030487103,-0.3720450923751467,0.5885265173336736,-0.2127955175776788,-0.4499838546866138
0.7524119769340493,-0.43475410737811127,-0.3392959842310619,0.18516320180480847,-0.25932225231000705,-0.2906382851938878,-1.1740279420093878,0.23447122060316863,1.0393526054602809,-0.1615347790369036
-0.33441139420786575,-0.6375342149342383,1.0970355791626418,-1.853860248131825,-1.593628630582295,1.6616470129315108,-0.8433867875832065,-0.07409600585279635,-1.508854371313321,-0.8805076077301249
-0.9509061240298158,0.7282100505961109,-3.1573281297815523,0.08064320806592777,-0.4540194801840808,-0.8780032840919477,-0.8220139534550567,0.5672151402012829,-0.02021170729475992,0.07906251247157411
-1.366270551327675,0.2551993788891439,1.5401563827269718,0.00909711363892816,-0.6013772662643844,1.5616548661091023,-0.33997620482328694,-1.7133313948994189,1.3830024953474451,0.6854071109147367
-0.35240186864110284,1.387789187221477,0.5707803201272521,2.165364869107414,0.09516463256778968,2.663690969708912,-1.1335347939236582,-0.7404803613626577,-1.3836725357761992,0.27532091335657594
1.1780806704203757,0.6766450598114483,0.4299980846263153,-1.1283054260422956,0.07715141029004878,-1.5826243842573873,-1.819135122799039,0.28699473392484853,-0.03140786158107992,0.8432653727407149
-0.4828467802097116,2.6430413081736104,-0.9466303419277788,0.3772256029642061,-1.5556822320898418,0.3411204169719117,1.5716997369125398,-1.3497535115768615,-1.3875049337971836,-1.589832316168199
-2.191961976344377,0.8900550784050762,-0.8271856178045898,-0.9846189752795989,-2.2378140998003193,-0.5298220229046449,0.6200033774446984,-1.342514681130337,0.7472284528879448,1.6919652681106985
0.8115088484935479,-1.6734781729143984,-0.17716823492610775,-0.3383650710509491,0.8703451373953784,0.5135286441744197,-2.3181746078098664,0.0154090545107945,0.7663416474470371,-0.1303899983395229
-1.6952151546768386,0.942253660185154,-0.29780131008320143,-2.328549941794478,1.03606569451271,1.1818852131683992,0.20026483326022665,-0.4575941989895993,0.1878614940309969,1.8052829234623744
0.8025499992161811,-0.3927116262461807,1.1108874372711133,0.2250764895792464,-0.9628748857435804,-0.8461500998606137,0.222344078994983,-0.9954750816688792,-1.2567552746711748,-0.1070591820753975
-0.08056999786747775,-1.1115941885731666,0.23843352570902693,1.7328502672599453,-0.4168079445183476,0.5924008010539591,-2.281557123070572,-0.18200067551142707,-1.4969198014279563,-1.016225853535908
0.20735950990245833,0.593941557432564,-1.0991491337825854,1.9258716748701543,-1.491691012357904,-1.9012924667531432,-0.649508852058196,0.25046269774384,2.3983386612321183,1.4277669829527655
-0.3247701782960486,-0.00294624133030148,2.6793836697355515,-1.6535214506610163,-0.6118993712741722,2.5725178664530577,1.533619543783996,0.6374480790515876,-0.4963527733682487,-0.866374675478353
-1.0318455832664102,0.1835449483874497,0.04939255445097292,-2.0674926408996885,-0.33020412477902594,-1.814433857364502,0.3920895217461773,-1.3695151778888557,0.17321993918641382,-0.3105021901138286
2.058832208839853,0.830431453411643,-1.8995223158186243,0.9873114648452076,0.7600861579335569,-1.5807852829947044,-0.3719141385330922,-0.8874963180719269,0.9824515764603866,-1.3189871188984257
-0.2732146959960557,-0.43622749356878826,0.38657223714935435,-1.674306720721095,-0.32483596685069405,-1.5681636790357842,-0.09946021861355192,-1.0301607721612542,-1.486534410122203,-0.6423645755097885
-0.7334856437517159,1.2007748555200228,-1.5218935413944117,0.811452897746581,1.024683748239584,1.2863118646048477,-0.5970808620226045,0.5492328628209107,0.6862967691790424,0.22882220549314555
0.8977640446198137,0.29177350568233407,0.822980097822664,1.5478963199292417,0.32709888489591105,1.3677241718596778,1.6891656456173014,0.06372662559417126,-0.22192652968311424,0.12490062661082137
0.6754191375844528,0.8411980331968971,2.5848293733785734,-1.2590106486434047,0.8323220271976105,-0.40986691514977647,1.1297149670601865,-0.7387409013997103,0.6066832117277905,-0.28303022587061016
1.439458332321143,1.022230055772008,-1.4681509407021445,0.15540510803198135,0.782445946439407,-0.18068263747569743,-0.2415453750991728,-0.15508447580291088,-0.03403547114321308,-1.6577017829748737
0.854719871899549,0.6256454750066712,-0.27061652228415617,-1.3789131400207393,1.1490348901387912,-0.5539585940007661,0.5251073127839345,-1.4094541785066068,0.03359001310231138,-0.20494895088245244
0.9542256982489732,-0.780998940268805,0.7655833237165742,1.8843591890212517,-1.7533602555342056,0.37505519276202554,0.13657988727001236,0.05326528494211313,-1.060857118654473,0.806139938422739
0.16205021113550694,-1.4831072450012046,-2.3029673220413,-1.6923635386812654,2.1021716032840216,-1.7107493826253806,0.9939421346222812,-0.531971205190869,-0.714024291570813,-1.0417843571236012
0.7363871631489174,0.5798340612343136,1.5426087531900647,0.204726891445741,0.3448837620698422,-2.135813822464853,0.5121753436586949,-0.29347840099769607,0.1861025257938503,0.872475837539778
-0.41406023166392403,-1.233187238420174,2.6589675550916465,0.9379027619765278,1.123310153051828,1.801022394247012,0.5288314323341643,-0.4106764779815861,-0.5049257457219255,0.3512902883457576
0.28092412582936716,-0.01683926251151536,-0.16745893804413392,0.6718844538719003,1.0381416822823244,0.7992860188283331,0.5387745590893053,1.1457137976656488,0.508492941334157,0.09638662825410647
-1.4167192458209803,1.234078079456021,0.15567430490532308,-1.1173035527028887,0.2126930794355771,0.34442013384348735,-1.0238939906122149,1.928687512574676,-1.322211003116688,-1.7637400162834682
-0.5362004409006663,-2.1656932713729873,-0.5765718027533566,-0.4490674069557172,0.4329661344097179,-0.22295853659147455,1.6077900780205825,-0.8513579483999,0.7984074307122824,-0.22456959054390369
0.8978690231691833,-0.1631494948520683,0.8735881137296758,0.5755507422435587,-0.00663296548589956,0.07734020468269828,-0.6153437949824944,1.2584310878900875,-0.4763811442626519,-1.4700740388316662
-0.5674859404949731,2.1933583918009583,0.5651235081696143,-0.32688669299125545,0.3978103675647634,-1.620546545126343,-0.00690270502655421,-0.996664296285056,-0.43605805613251825,-0.41307307157984136
-0.07546197880256453,-1.0364541040708704,0.28608086997861115,1.105318667046986,-0.9016081033108676,-0.9325109077675836,0.3634519213247814,-0.3342652991066618,-1.1022688181637597,0.31931805814553665
0.8094691869343774,1.8702915540396177,2.609373973230718,-0.7004504757018339,1.0170043448545656,1.030707051079287,-0.3665127719590999,0.01593790665299661,-0.15487630267884658,0.4294305873239239
0.45335091167089214,-1.19567771868187,-0.2200502702113893,1.880583609512244,-1.348989351231953,1.187513741399426,0.955465972548617,0.4165401347637264,1.2597136522133696,-0.03782553540709134
2.073215851406379,3.230715584326889,-0.5111597165696713,-0.4846595534880427,-1.9939322213594248,-2.123034865339287,-0.11469640173133304,-0.5856338511584736,0.6013139574170975,0.6947727029747429
-0.11850657191548364,-0.2750044683546621,0.3158291568494559,-0.1858130204052514,0.3718905084762424,0.10083194530096495,-1.5892050606776569,0.7286695252609595,1.361736061704844,0.6073396419742367
0.6209177830640327,-1.3979227646559986,0.6660262951639341,-1.0301042625109067,0.9275432972433024,-0.4984211016986323,1.51744016880877,0.3897459166703904,-0.7668843049774674,-0.7906914960317423
-0.01792121968036875,0.24985843120894283,-0.8769636832103288,1.481872608307409,0.07350371211245643,1.5442591805458494,-0.6589269839362633,1.9540654964799045,-0.10341953478665716,-0.9691433544409352
1.1891037773943685,1.3953889657243437,1.0503489576796607,0.596540232326598,-0.8634255891272268,-1.741931462523513,-0.8461343212744843,-0.5007399596885352,0.9858882999265824,0.7625217833443284
-0.8095470580188948,-0.9760691699580456,0.2864149297236467,1.9676335314027085,-1.2240931252474108,0.14010031927210134,1.3200254941133271,-1.0350529175179812,-0.446977815294883,-1.5916372799975436
0.93231209952906,-0.08001861493010501,-0.711131843406184,-1.7143458753387335,1.4767627868439006,-1.0747326783174678,0.07526714916736635,-0.7858910281082399,0.5106396563914385,1.543592037401594
-2.0224111920614525,0.6807623669939908,0.906492266849321,0.6238725393941084,-0.5724768411509122,0.5478883938688449,0.02417798045402091,0.4214104257032935,-1.0734017600074297,-0.5912431867753734
-0.16010725734385928,-0.7236083243613458,0.3184776158706898,0.3658487168586093,-1.5990816116751527,-0.290609035634721,0.0924854402973702,-1.2688762574002834,-0.5264785251089678,-1.327002658507324
0.23597342656029244,-0.28685516027138297,-0.08259940691904574,-0.3225950683473108,0.33957961698557243,-0.5633701167476922,-0.04467061645497958,0.4870863827912579,-0.9773143425195496,-1.052470772674709
-1.1365404171784388,1.172526058456874,1.122737417080461,-1.0975507865274974,0.3459143400689979,-0.2839085381102956,-1.0836145892943716,0.16672825648633688,-0.7343299959994648,-0.7938543524062721
-0.2886836105627252,0.9618869710328602,0.2719659660474631,-2.155003842362552,0.9073547051220922,0.8222176402750618,2.1437500422676568,0.3137469517686587,0.03240041070168308,-0.688000653111182
-1.4117932316867758,-0.46113046052863554,0.33409213924865533,1.5256305333824378,-0.37686470118811183,-1.504987184407888,0.3945700039903586,1.1231880552271236,-0.8843624504315222,0.5726735231118817
-0.17949769756124626,1.2655252575235154,-0.10299209211541936,1.2578674194244883,-0.45742551159750455,-1.021490952997417,0.8387487369430991,-1.2296188573122084,-0.0455451359098239,-1.7163466930066134
0.02674923496439607,0.2436059198497224,0.6094485096323005,-0.8063732434293481,0.15235672081253804,0.03224735530809743,-0.29749665894406807,-1.4453697020195295,-0.6764371596819095,-1.174980421973902
-2.084960730803566,0.02700697063515721,-0.1886393657816231,0.5830829710639116,0.6389578786858008,-1.1757069913299627,0.4509077873968654,-0.01293678906241278,-0.4610276341256551,0.6556918964628751
-0.8595316433750646,-0.07852272087455497,-0.9143854616789832,-1.222790097488874,0.19172572938273125,1.4059886166979374,1.6270201514288405,-1.4324263876233518,-0.20936944090672105,-1.3239507023071369
0.5389371554246901,1.2242835627048363,-0.93862737358068,-0.03342628570816058,-0.502773050794292,0.0872124604261154,-0.06467795276680076,1.98954835562841,-0.21874859439378577,0.6440752108128582
-0.08317036917171343,0.7461573936299937,0.7045037470749846,-0.6279578142888442,-1.4133876413341584,-1.3272538470734174,-1.952169090284036,0.4663954905153973,-0.22281389165331872,-1.670918379630821
-0.1748768371043811,0.32733215655797787,-0.03235571808627183,-1.2143781828475324,0.26772078924352205,-0.2943958612824615,0.3248735728730585,-0.9418743150415616,0.21515264011393043,-0.03864596110672536
-1.4133311742560912,-0.6322793774351605,-0.8888522840890524,0.8117968124309632,-0.0876292451138121,-0.3119477659135172,-0.14257649864457794,-0.04578127732337189,2.2005490903972182,0.20893265492104235
-1.015963486730744,-0.9984016608459814,1.1430300338486392,0.862684424694535,1.474214386976626,0.2789125152428866,0.6989264795804162,-0.246744364733178,-1.7133076232986124,-0.869388672038959
-0.3361310017263707,0.49914438854334087,0.3591182124380759,-0.5309704769433367,-0.6097683749231392,0.5496336448973455,-0.6204788566615956,0.0662872109192615,1.6906072813334865,-0.6472285357043587
-1.3459164949373492,-0.2365815251626672,-1.6588436542301876,0.27614511417349064,0.2961209261848567,0.04651866218220604,-0.7691154309224827,-0.2556746154567258,0.12368920207502672,0.10754437947200653
0.8373788941117981,-0.8520334546425203,-1.0939748844985344,1.8793656349291905,-0.02584652573302292,-0.19829873889091157,0.5371575499941886,1.574449743310407,-0.05834628329691937,1.2111851407269538
1.1587654575087971,0.08388814693823368,-1.65743952285407,0.27828160827657,-1.2800508374407915,0.5821835757282658,1.6549063909803754,-1.250816658838138,0.4065388740675714,-0.906243055853886
-0.27335579665694903,-0.7440379153442233,1.479597697993709,0.18622976245189865,-1.5028179227486291,-2.0065171364451206,0.7092523258490716,2.516682095452141,-0.7799954491154164,-0.9835049355551077
-0.4044233248263701,-0.11952933355040037,-0.09047181667201935,-0.04106541945195789,0.7922933548367909,-0.9502225177967832,0.6307700555251264,-0.26315178525285793,0.07865119133097614,0.47802247380935864
1.71872885320105,0.00891772087024955,0.7884639540003957,0.3129498989933393,1.4116030830392363,-1.973463918995356,-0.7194981561247572,-1.8147423913642509,-0.30318501026858174,-1.954011155358345
-0.36158637184986575,0.03728019275801526,-0.4719335480338493,0.5461770680867796,0.48447871803332854,-0.11106710775357166,-1.031987777172677,0.5273639871022673,-0.6525325576462779,0.6549301774976716
-2.8642578037716584,1.883449047463715,-0.4896313229000352,-0.4380045656263807,1.174186951371095,-0.14902116944256125,-1.3396606976180905,-0.8233885578061441,-0.4912670107865318,0.11560480953579698
-0.7942251089476344,0.02035595451986141,0.18816350490523087,0.8901466809635706,-0.8388431087474071,0.8396019032212301,0.18182828383323452,-1.302651734833327,-0.00350925201326699,0.02538258021020613
-0.27643293260892027,-0.6798085449610184,-2.239440780051717,-0.49528244421375006,-1.1630931382020162,1.4720823661058338,0.00514562457964199,0.3825943634414538,-0.04815797913455518,-0.3433780165183751
0.6485299255360173,-1.214536029694437,-0.663682292259717,1.2825904879729042,1.535109307885266,-0.53182539530025,-0.8432295328585239,0.20821613796001232,1.0106843988263932,-1.600335528464529
-1.762432847132511,-0.8771301601606455,-1.1479441715274197,0.7056065627242549,0.11106605476343734,-0.1429512413777747,-0.1475374903199047,-0.5258934506680972,0.4612162422754231,0.6432947110096876
-0.7827867429924383,-4.1522557134435727e-5,-1.218445664534454,0.699536061272023,0.935743064689642,-0.5172445882409771,2.6449160507144827,0.6320473925235912,0.4373436902604971,-1.3046371350104211
0.6337611031557316,-0.8550575648821193,1.6025759765149354,-1.09811728384926,-0.14044794376462352,2.542632211637508,-0.6769517219921724,-0.9244709497808664,1.193750144425504,1.3042534326770303
-0.03624873323580426,-1.924331668076895,0.3193302361636603,0.1250881631203177,1.705920585708609,-1.9785177758722443,-0.3449684384076844,1.83269759340341,0.6666279144494297,-0.154867108275181
-0.2474956217346864,0.8621628278674509,-0.1087858951257109,0.11383626287306681,-0.17921462989911863,-0.4338231433253677,1.3535451752015146,1.964307331436845,-1.1919834823451756,0.10466107344641218
-1.4302805766146007,-0.02410049791699606,-1.0134448175756754,-0.24387486707895945,0.0670337202998565,-1.2205364869776545,0.05259465748377894,-0.5058798681663048,-0.04606335630199687,-1.323254737080222
-0.7299169965185323,-0.04752867379543619,0.5477114966138805,0.17702428908886864,0.605211882007686,0.9348451510300904,0.8015059217565496,-0.6271800101926109,-0.3167668467959385,1.1052324400126907
-1.0623851960793456,-1.049861543959935,-0.08491005040831608,1.489693144415459,0.4600939106016438,-0.6496486926012902,-0.6209532575910331,0.05834052091531105,0.4569538284331112,1.7205046351577873
-0.0915543602533366,-1.0179783012479504,-0.48406181394318193,-0.06198842329333236,0.5056211826493883,-0.10440123568991198,-0.5041245517959952,-0.20829545506876296,-1.6460461979125167,0.4959498499500289
0.8966949849919482,0.968671124702286,-0.16132469652601802,0.5944946238426564,0.2606852440097166,-0.37182138637308054,1.1126128616573705,-0.17889462750955096,0.4985044736726026,1.0911198324021678
-0.8613022124206825,1.456910119849573,-0.10259800130100864,1.3434764816399742,1.1176784344980455,0.6920110018418358,0.2857180823939738,-1.1752466209877364,0.9734680334054132,-1.5725504914644144
-1.21439932328724,1.4472733275400669,0.5008598073229458,-0.35480207634114835,1.4417086301000397,-0.06226147633509012,0.6512462263594874,-0.2305164815986499,-1.6232703341282533,0.9705552568559048
0.8307805090589542,0.1948023908295861,-1.6689868259719298,0.5528425994978893,1.0028952754392997,-0.5364157163750598,0.7994896476872901,0.3934912116028661,0.06009492543373816,1.395978880542651
-0.391311801054038,1.3061114219561822,-0.7774981355349084,-0.1933860653744741,0.2669835830205938,-0.9334948139797424,-0.7059896443600328,0.8984617297201364,-0.5123587841802534,-0.45739879324823257
-0.47205387869868615,-0.8988790243964884,0.32442273510076736,-0.5452800881334249,-0.5463575426491247,-0.9110036234950656,-0.8023805252024325,-0.4649777271127302,-1.0023932779921052,0.6592750147178197
0.9311125177819533,0.16016370136583474,-0.1313619495504881,-0.39029555697017176,0.09402697434495544,-2.240675513657645,-1.3934157398760725,-0.2785124017668422,0.5748106338893645,0.5529723726924451
-0.5222978020925025,0.5933740009675648,-1.651449520052947,1.5893542330641943,-0.7906301664494982,-0.6351461154802868,1.1890812987165296,0.02748189351386492,-0.46140123880522294,0.5027262948441928
-0.1542256442872327,0.5220875719037954,0.5446877561503479,-0.6238527321160195,1.2647776585841894,0.1753651962081555,-0.2027436253757659,2.620100919211606,-1.6044442282996525,1.3302077854147576
1.4297793417018605,0.08646929744257058,0.45006796374079183,-1.729365702233858,0.05437306512611386,0.17026965848993433,-0.28192961912827114,0.09404099000982286,1.2139160967502205,-0.44720051000527766
1.110421248329746,0.16509851060653852,-1.3668546313114447,0.8732267850095642,-1.3264021666615042,-0.7311027567711269,-0.270421962324286,-1.1890304832095109,0.25141781848598993,0.4867243993422654
-1.851541699240247,-0.8405199641380017,-1.137948052958902,0.03324143655633101,0.34221185589435865,-1.95763290912645,1.2606131385206971,-1.5754297647654547,-0.5732078742696778,-0.5009325142631392
2.9598440251210323,-0.2043999280322798,0.6757229779400464,-0.16411251758147496,0.19860037246972284,0.3124999143595264,0.4160476213925431,1.2349591433711575,-2.380174378877729,0.16310211030074942
0.7108817010689162,0.6794632917782207,1.4716358355872503,0.20709869676172535,1.7928556786111844,-1.9246999764099864,-1.479660599119238,-0.0303137224024063,0.1300316655089459,-0.8879245773526504
-0.7347701255179682,0.6976631938360633,0.5188469622713532,-0.6813764245030584,0.504476661107145,1.789305419119427,1.0258958792098056,-0.7314581424544172,1.205402684909156,1.6153658635887946
1.106391059123758,0.43298945616481455,-0.6647311264562449,0.6552655346742274,0.8323144757708727,-1.8062695100634985,0.585413409876481,0.1965990995067536,-0.0863253958067934,-1.0584993050784068
0.44424112536109017,1.032898082503021,0.9324833413118272,-0.5369923789835145,-1.9374707620686584,-0.2260857260901144,2.0853009007193593,-0.5515831189436877,-0.2694825108130563,0.41680697928025034
0.29547379185556255,-1.5172038130851644,0.06714414637563877,-0.9941083738869688,0.44776222933507537,1.0899189290954585,-0.8864018369084503,1.0500788337904303,0.47049947892068295,0.04382789017020072
-1.4288939883797072,-0.33328395991064513,0.24430827181033005,-0.7904750440371946,1.1835670790382735,-0.6315865311960478,-1.2035202756923171,-0.09964390988650146,0.4463289830839744,0.47133121781070986
1.8641799682337752,0.2288099961574192,0.2445040760870595,0.235016392454268,-0.519848229145056,0.3518535075069236,-0.24400813214793685,1.2011537727675123,-0.7580042782258279,0.16226042231759014
-0.15393426181015388,0.4081483480786448,-0.19100198451470377,0.7006093666334087,2.0001729951416,0.23477152954467348,-0.6145512207462964,0.03837076959749593,0.9684843224888032,-0.7147706776125741
0.19555976127538371,0.6422919485363784,-1.4461531014960196,0.629583295462671,-0.30356316239741576,0.6903670616154352,-0.4559760329097138,-0.6522370691042375,-1.7287109497645263,1.4259277373543802
2.0195942511097993,-1.0370587748322149,-0.67678210954317,-1.07188360334765,0.12599706705138422,-0.9486454243709208,1.344924509462416,-0.4056479553701128,-1.076461005647616,-0.2349340027824628
-0.9713727913203496,0.6913734992413866,-0.9520905019311556,-0.9497439123863408,0.299556366134954,1.861957022810637,-1.965820219435649,-1.1207495770263676,-1.3531251524074517,0.9092515001425178
0.27526694801957857,0.8330243912032709,0.23167968498509856,1.138570979719838,-0.980662559848715,0.3930182815592306,0.17036853061757043,-0.7303751503709724,0.6347463928851249,-0.34765357682035475
-0.741334125047113,-0.4745297555810866,-0.02542741653028081,-2.7313053530777225,0.3950006339211321,-0.01233941727645889,-1.3660041211199403,0.5104647909547636,-0.5588290624147828,-1.7559886806384883
-1.9194580270195944,-0.6147401910711628,0.4739705413565816,1.1819998514692565,0.6253350886972389,0.5678758171314899,1.3221002435260718,0.16913187255842377,0.7989872205029429,-0.6352328103045901
-0.4117812750913651,-0.7109844558104937,0.4401929764632525,0.912777039091742,-0.2556198515241939,-0.5461268302423242,1.0636833592172026,0.7670073691831071,-0.6582109403810569,1.0162244926759132
0.918519850915502,-0.5651930536826334,-0.5889690863688192,-0.9981970547662312,0.2152909205987595,-1.0061177717301564,0.7473200322138024,-1.4420777521498624,-2.3778479522722007,1.113653705521477
0.7144886478862305,0.10006152477163226,-0.1611194253585384,1.0503979328845867,-0.6544912172277306,-0.280303148487145,0.18854507056378192,2.0483205557359314,2.2151915447769377,0.6653266751012692
0.01960934455881431,-0.638417362388355,1.166541751746516,1.161222559703344,1.2650270485132344,-0.9540117246412912,-2.071127738661065,-0.2849418738460992,0.09141796838449648,0.352086604064452
0.02459623170396971,1.7879033685438943,-0.4945311636102516,-0.11232227165497252,0.01060723542740879,-0.6946527703080877,-1.0333135467595165,1.1009196052204893,-0.6572349146642755,0.910334955859962
-1.3746501164649154,-0.6425541498669722,-0.05257377346269815,-2.643490164910124,0.9558128454217866,-1.15748797305351,-0.4673966650481739,-0.8189437940856548,-0.19512507203991628,-0.21842079161135655
1.08057502852524,0.28280847314928903,0.311404198724981,-0.36451044737352,0.19424942017880692,-1.58695234900237,1.6822045851681158,0.6023146728878083,-0.4622297341882352,1.6022834634945429
-1.0452343354979476,-0.6502548212708752,1.275103906404201,0.5591067721069276,-0.4040785197902937,-1.1665290895347882,-0.8786184009536514,1.4509880947549192,-0.6836901875846056,-0.9366351908786268
1.5084889221907167,0.4245587691506193,0.5709701877481923,-0.3461399375083215,-2.5550636403680116,1.0834886784896076,-1.6976557223860498,-0.4059751563080828,0.7554872028206149,0.840525904556804
-0.3232516612222191,1.384742852880254,0.8943629458702338,1.015515076897835,0.567813285411911,0.8382445852221265,-0.07825141371555681,-1.0023691351667436,-0.9646353583655504,0.7853291230937621
1.5600668582225126,0.4561127672986308,-0.6199847744298909,-0.6624846023527043,0.9866136259136356,0.7973811339270583,-0.9911044799754316,-1.1901087569439597,0.2999418931789839,-1.394349010842766
-0.5786685310645904,-1.464381698662164,0.959386080657857,0.3527905867992156,-0.06385478497022512,-0.9226846133830396,0.9639480597283002,-0.16181188745937505,1.3665903477972716,-0.39589758012089415
0.7739671623778971,0.275676371126063,0.9638349026244976,-0.8740765371383699,-0.503330900937161,-1.0764790340044494,-2.039563023701243,-1.756854859277002,0.4402402123516634,0.7265489858240048
-0.4231903217609917,0.9912320676889836,0.26043967702374526,0.5028138737642354,0.5507675959903215,0.21921112465194595,-0.8856978221680509,-0.06279842106481562,-0.5971345694110006,1.2740530479193684
-0.7413728338800286,1.0363611304296596,0.18936892425873383,0.5028363428398495,0.21739114209487312,-1.1754466841353053,-0.5837473979549909,-0.140813639498941,0.9089885676424267,2.058491027371777
0.03498073130275993,0.7704584173083899,0.3091907100869421,-1.7549970519875535,0.41316349944701947,1.3727106603778954,-0.7151529766506465,0.04782895982238919,0.37478957206134583,1.349128234764123
-1.6768451905196522,0.7588282359458365,0.113527715380667,-0.6953029333168502,-0.381743145207586,0.3964693051747179,0.954862245612462,0.7144837442760738,1.8208595917705936,0.21228037948070397
-2.2824742972162784,-1.5987843132626858,0.4653934091910291,0.4467547692859864,1.0920544893215196,-0.13665459296866964,1.077758532819424,0.3994268474666785,-0.45986360350574224,0.8413634456631209
-0.5009070663772308,1.7811884414512582,-0.9255719453952576,-1.6535443745286058,0.6112373120707657,0.4698315206776798,-0.38045864600773616,0.2998596571070405,-0.9242515169491105,-1.5838721396389015
1.248134347508446,-1.2216940014001207,-0.7833280663009119,-0.5068976500435448,0.39073532686840967,-0.4405513840723024,-0.18535155352550683,0.45065528800115046,0.6677351445748031,-0.6660760713269394
0.05167373747824794,-0.10423065820591663,-0.4297072416317967,-0.18104680129251607,-0.5344055241899794,1.2216036108325912,2.3955419235334636,0.8201737055227691,0.500541369315505,-0.03005565086828821
-0.3717422145185611,-1.1889056384063188,0.3915034609414833,-2.021287476177986,-0.2012381481356826,-0.9779106756411754,1.9179545010181365,0.5188503291331519,-0.952235591386273,-1.7223855163498656
1.3171265417495273,-2.12153160533399,-0.9435736136336028,-1.8360947168446065,-0.1866132919235238,0.5501465569422169,-0.5508580471328248,-2.095747091257784,-0.21769670417101292,-0.12717932676437782
1.616602533075724,-0.18014496832918697,-0.8864625270335688,0.30516844105806606,-0.4356287214066828,0.2587352769106628,-1.7470365633273723,0.4120394475464933,-1.039166108926309,0.09707851239102254
0.41557944933801205,0.4368488512198295,2.047193710157485,1.2217277188570692,-1.5431811336294123,-0.743153710746422,-0.8509972013026025,0.25467992871650025,-0.42288171130787505,0.7207045676882734
0.21997299356662436,0.5434304568906384,0.9734200463450576,-1.3897514469988852,-1.4533356814186924,-0.2800906598124467,0.6097034511591658,1.0452472025652162,-0.9807995795670896,-0.42164558926030526
1.077628924234907,1.479511508504086,0.42183092054809807,0.4421899742125385,2.0379239480260676,-1.4873504691016892,-2.3506618470436083,-0.17148467005503967,0.3351462328910173,-0.9454731734502512
2.0070744850745936,-1.6391041777642603,1.5930133620269842,-0.2461373713189255,0.738690669016246,0.2457639930817924,-0.13950238321383865,-0.3511661797826313,0.39125774640447114,0.7708476726292879
-0.7207355315706485,2.1009785463242907,1.466315152892144,0.3406688764025501,1.2111742505913452,1.33939427688983,-1.8296395425720344,-0.73839969296508,-0.06052518582932165,1.7068749159532357
-0.5287765286416782,1.477420120450881,-0.04591494204391017,0.4371436634904236,1.2195558968432594,0.3530452029342786,0.6484844465395878,-0.8622814007826014,0.1506217442462213,0.2101184705266221
-1.0544531132411477,0.02322689703337542,-0.4993902893509471,0.2995769769091955,0.16330490694609576,1.0400850525762777,-0.03846938740589763,-0.6875991433967455,-0.6947938903740163,0.5353876277781595
-1.1903670613931032,-0.20760529979459283,0.8438285652734784,0.3288123931091241,0.1579154256407516,0.3846275392078135,0.22630659026337335,-0.8527798099506919,1.7068179786899724,-0.46831185167254463
0.22664693747669665,-0.5577250774240535,-0.246093360314119,-0.862279228188088,-0.8116819668507373,-1.0549105212627896,0.5209244363178401,-1.0832135155537546,1.5685613877094224,-0.1671764501992862
-0.3733119925233419,-0.3940731917586694,-1.2757489838299254,-0.6648751787603141,0.28664684511099014,0.7924889707759175,-0.1165004940969053,-0.28819199497986997,1.0603810101137934,0.8881225490446835
0.678323056181094,1.36216357336734,-0.7060167926775247,1.8185813400410475,-0.2642647866930002,-0.39517073473464287,-0.17259121461747476,-0.7411944859474447,1.3346331462435654,-0.7290059930613004
1.1939987323277923,-0.10792637339105422,0.41627369174381734,1.1644167546340762,0.05118940487145295,0.9254966699819682,0.2963934683594576,0.3217637033375631,-0.9976135385999398,-2.294838210539647
0.534610848029378,0.21507433365492604,-0.8273741661640223,1.9521023574157037,-0.0453554951392575,-1.1188607833584974,-1.5714145281384335,-0.235573472681062,0.0669394496915075,1.2002606197672152
-0.1650208182994262,0.30680540334332373,1.662903174309465,-0.4173920167281094,-1.2792774052175868,-0.841589617767367,-0.4387272648554108,0.6399247291910348,2.988884987502957,-1.152114682429457
1.6427501098396993,-0.7289272243717485,-0.1821044024614656,-0.19925099846971808,1.46697603017208,0.7401895330660031,-0.2010621682704475,0.7685356611346029,0.7353393748859685,-2.2705199490622334
2.0044990298131897,-0.8041366844933697,0.2296250650373473,-0.26070056188449453,0.3807663005139783,-0.13227589140151136,0.28872917366163353,0.9695441539678458,-0.32682211062936295,-2.102512570963871
-1.3704728980182863,0.7901710244187972,-0.6702328326394411,-0.9716040462320168,1.1638710130787453,0.02722596873637202,-1.0685603868065965,1.2035590786835315,1.5232960228161727,0.31560093206591133
-1.5139471433319998,-1.1693787240129498,-0.44855445261552185,0.742602957598212,0.8535070107435085,-0.32236927616057204,0.02672768488501626,-0.16448241708051428,0.17369538916053123,0.6045325718209638
-0.2243724764824846,-0.16482703648156893,-0.1720464830945624,-1.1028724202250704,1.0998993333035845,-0.2942844290927279,-0.2795639717527166,0.5678369104939426,1.260627051441329,2.822646532979126
-0.999989514396094,0.8788377352146579,1.112805364622821,-0.4913758140402639,-1.8982443998999303,0.6063329336161641,-0.2906724289929955,-0.7789233702580454,0.14728664869162103,-1.5932280242783547
0.5185240141163596,-0.06869292599263581,-0.34674617353150106,-0.2292236646855302,-0.25397973065292623,1.7541770490140265,0.6605044226020729,0.01869325433153217,-1.142974336635625,0.21156284853547488
0.00130781008723905,0.7723704466582296,0.8592940883014509,-0.6975170874367316,0.2381232122895336,-0.8814612140884491,0.0735349777746026,0.40904989310137285,-0.9439491128745572,-1.7600507386576647
-0.8729210718202751,-0.6663544225506234,-0.5315697983969778,-0.40544265110319583,0.4257884054981728,-0.05106925026405204,1.395550905913071,-0.571764506265911,0.8237529664291564,0.1490894005628227
0.555532921570306,0.3756201451950455,-0.40964359895764874,0.09181384871725153,0.5662272859267367,-1.1307234001737323,0.28653370857107197,-2.501352835524277,0.5743574518245502,0.6709446417473828
0.3521252967256838,-0.43458555073478994,0.5844819178385466,0.14423890140553722,0.17168528496345853,-0.04856385290475761,-0.3120950229113968,-0.27982844615518787,1.981880127666757,-0.9598891841375154
-0.17084383812019235,-1.9035996124522776,1.3628573578269774,-0.2264428912831622,0.5286698895212579,1.754572772821969,-2.300210349849096,-1.7759834222348103,2.0542641038783533,-1.3413525180920365
-0.02051139948412137,1.701314167585295,0.7856476137918039,-1.6951158800699972,-0.913582658435567,-0.3593086688651071,-0.474971001842227,-1.929216271536456,-1.627018629129687,0.14911279153534898
-0.5512616658069298,0.1357648911049414,-0.29234450033196885,0.3775855577210653,-0.7350136048892357,0.5818020125148871,-1.7318585286285524,-0.8211689798959092,2.033581720748508,1.112022218994957
-1.4651079603406554,-0.8184459508240949,0.2310325835239277,0.6373233536695647,1.244462373520168,2.2284762028025207,-0.989236528131931,-0.908317501240636,0.4244093775984448,-1.0362586530931162
-0.308999435860504,-0.16482669380838189,0.24534776750124165,0.8894119392798773,-1.139944066678794,0.9938199401307548,-0.9084122706121824,0.8914571996315219,-0.17201396186889736,2.3227702400333796
-1.5859782267389493,-0.751655219939618,0.7319489752296944,1.159042945155979,2.0273175541469732,-0.2969228997488352,1.504394005636072,1.3687924261035906,-0.6314407967510123,0.7226111323681152
2.736473784461088,-1.1736411524523052,0.41490432346890743,-0.06457423937896731,-1.5355747387269278,1.633854649293204,-1.6871664703548246,1.3238075436157422,0.1474187458428505,-0.3822208026660787
-1.5645090545895133,0.5234459665388908,0.5517444745467839,-1.1803721746032374,-0.7683480454246913,-0.5758559168187223,-0.2545222907180943,-2.2680402671365183,-0.06668838354232492,-0.06260406010515471
-1.1636077621971237,0.44610674276786183,0.1944915558673553,-0.840325372780351,0.5841100516104768,-0.794395797059363,2.856402185683516,-0.99254426215009,-0.14571482427176036,-1.4515258324392022
0.3979968107489559,0.22607585899832383,-0.6816984301517853,-0.3162588211364827,0.8068107677670852,-0.2510527724687373,1.2605296157543937,1.0191946822010012,-1.7662439040928386,1.088322106715899
-1.38385488722848,-0.6703416718229059,0.4266020947573008,-2.6345766100165364,1.4909091068533848,0.9697035257912991,1.5358035413650415,1.9824313833089025,0.7468037364682955,-0.13220381852055463
-1.8708731148407336,-0.42095397316835986,0.64626755395904,-0.14584284298763228,-1.057908929645844,1.5475851647060956,0.2995781934959551,0.8463609443675308,-0.09479442998654868,2.072358332289676
-0.29068800559616986,-0.8889988431764716,-0.22939808141468176,0.7450154721675482,0.5662820046853105,-0.9483681465277086,-0.18985081730309825,0.04719031307855854,-0.02898471810591875,0.6219769663989231
0.2154237133701656,-0.44728871329768344,-0.36813245575300263,0.35127061862613657,0.1326598090202778,-0.9443593006672456,1.613140271581732,1.2759155420647688,-0.10938490110186525,0.5109431435967099
1.2826786449303038,0.3326113952876057,0.7819646036238717,-0.8952986076880863,0.1787313717787666,-0.188238312404114,0.5956691774823025,0.3852471725086427,-0.5138530666856772,2.3899500501004356
0.7899738372512018,0.7604050968705799,-0.3332139790549422,0.1507379304053823,-0.6100891824754118,-0.3330978672932284,-0.1971305987101522,0.7458468162511401,0.0241895884995033,1.5327831228889268
1.022698528668373,0.19607303607981544,-0.5785664359867989,0.49196822247629474,1.417736146486086,0.4291030110171232,-0.9920187714383724,0.43950701793908664,-1.142791850480226,0.8212416271686631
-2.4668334250026365,1.030705136815419,-0.8424807400429043,-0.546448346949744,-1.1538930312942013,1.162410384578641,0.3425918903181938,0.8367589344970471,-1.2063478804120598,0.9561727123736696
0.4466644614171429,0.32511569819622,0.4331108334484675,-1.9142517863110124,0.3403962460567918,0.7566231503210157,-0.00518687847630456,-0.08562158433330934,-1.1065302145225488,-0.916938628788408
-0.3794368436475543,0.02442054457535071,0.1347593240806675,-0.41169561944991,-0.6392428430827374,-1.4434554290937265,-0.25589266551854184,-0.4169191689979552,1.2632157082057232,-0.5559523633083424
-0.7396116993504959,-0.5671125132715036,0.3310422554474402,-1.0417589740226008,0.165455392368157,1.7419511650836963,0.26212699168235676,-1.6560938143422228,-0.953105769059456,-1.4037684788656424
-0.16113042581259998,1.0971114547105842,0.43744145926264505,-0.7769001028044017,0.05226030351572174,-0.17286630889330742,-0.13525757542321398,-1.2466290410279235,-0.13523703423081432,-0.5402831649958861
0.8516920766977104,-2.2927149564744997,1.824662911628706,2.02834311298316,0.5541650498976505,-0.4975023779893261,-2.304733115949325,0.7925248903063001,0.26743221319115745,0.2658019842378952
-1.3448621308271052,0.9728763090365417,-2.435573605328385,-1.7322036498008846,-1.0871591687453672,-0.6280441694944011,0.17389980919909,1.3128366815557346,1.851364881746273,1.0998535420724953
0.8943578835446327,1.1222076801041807,-0.5405463604203217,-0.3704045398079867,1.4254146476676173,1.6381257205619937,-1.0170587201601358,-1.2128798515858843,0.2675571381689709,0.7622466126156267
0.35570285768594484,-1.0685005550882996,-0.29243097198162316,0.6850647782756938,1.799123639200054,1.0720686874742216,0.4206521206656888,0.8138069704617502,-1.4963490212259116,0.6596271808577665
-0.5528533098145746,-0.8882833151725616,-0.0963817316685476,1.018700567962019,-0.5927807744947781,-0.933598740351372,0.8924748258498169,-0.462318196491338,2.1996619080303583,0.1155380478241946
0.204702185241256,0.24877564615970843,-1.6336301956866923,-0.4465884941806465,-1.4637806870793146,0.9067736032110756,-0.9838488158861408,1.211691646336038,1.81750417852292,1.78748758652789
0.09574356301831163,0.2294528745881166,0.10629909686570456,1.4235071894443692,-2.008602356648262,0.6467676712352441,0.971309583422712,-1.1617194022316433,-0.00872265060036691,-1.6475699811922282
-0.7295373219755377,-0.5964751778446865,-1.119859814578886,-0.25780546158455,-1.139487373803397,-1.1657805375786665,0.7224003532520796,-1.0350214942528906,-2.6213149862699834,-0.5117548562937744
-1.4803573937682393,0.6059762396981074,-0.5458582337605672,0.1629798352240878,0.15808649818188822,-0.5424840454772696,-0.2441465332382944,0.08216416946474898,0.6460805827243726,0.7827714282253083
-0.9371779625810848,-0.9230956109400488,-0.23877079724447337,0.16610998112231878,1.1213875153172432,-0.13056683986409467,0.3967749136402408,-1.344126789984074,1.0300468838369026,-0.307158757053057
0.7959339476995276,0.9445255475262638,-0.5735909766986842,1.0801631793006807,-0.4105653956856872,0.1664983585076593,0.17400946165924056,-0.4277130356304846,1.011823586893054,-0.5479916567828116
1.4586711063519715,-1.0750106912308153,-1.1478369788857827,-0.4821575829182538,-0.1298574511390691,0.25168551060360606,-0.29449186805642713,0.6698654968744179,0.46350362910668974,-0.7418693531474798
1.936102320477892,0.14530751842792478,0.8622578066195822,1.1287892524641328,1.0618397752124995,-0.972201581449492,0.7046043268543872,0.6923748430154607,0.937026287457566,-0.30559658591280636
1.857163016119481,0.1648746840480594,-0.4362152945606337,-0.26182708663659054,-0.08630399044124729,0.8586411851416496,1.4109524254407575,-0.07551485755741183,0.7135512692310169,1.9754331594923444
-0.33922813360718507,1.885369765578256,-1.360175291632192,0.0042395737983071,0.05648588780010668,-0.09554587925562769,0.7048071600015767,0.03276381689679222,-0.9710354754148904,1.1443787092859226
-0.09495689172338112,1.792875210307748,0.05831698147166695,1.423327087095148,-1.867542212912888,-0.2755685712168087,1.4812766586144015,1.449103864356534,-1.6975915023039234,0.4883267787088185
0.697185209089573,1.290809797666574,-1.187792705817353,0.6302634706451975,-1.3968456417587485,1.2235480163799006,0.7443886538763647,0.6804596645092658,0.8090898106278974,-1.6686505530094906
-0.13147027076049214,-0.47154442470747104,0.3705759386129532,1.38587282238325,-1.974840756114577,-0.7088934214198296,2.002847711709526,0.4206427958220873,0.4216654332576467,-0.02385318224162893
1.5029722526720122,-0.306297634320108,-0.5358217209102979,-0.32749719879659706,0.6436873538473727,-0.5841800101479003,1.8797854761186397,-0.3403852208457124,0.7175112856418162,-0.6235778221749398
0.6673484244025016,-0.15362075822557436,-1.1463561835769545,1.3060324341456038,0.8374602246406084,1.3839078116594437,0.06082662696548355,-0.14238878528938428,0.38481728198542087,-0.07907320530092958
1.533178037568365,-1.1829881722582,0.6613140765852413,-2.5299280211709045,0.9017274955883215,0.49415243119980146,-0.20429893788183717,0.6239557272839146,-0.591201083568563,-0.1891585032813505
1.2026877511013316,-2.316654189801271,1.143923945675804,-0.22760250868415255,-1.1398834710059889,-0.9369689243581668,-0.08841402551453198,1.1317077079345308,1.6298366066043382,-0.5350664376716576
-0.38605638990575847,1.5633678008421237,1.5211884658308246,-1.0080795351740706,-1.1686473732740452,1.5792076748121002,-0.4317552330932639,-0.2108177628263884,-3.0689228256672396,0.03218095433511619
0.365885273130935,0.06057561652323782,1.7025562862516863,0.4765040878388144,-0.15753744579932535,-0.21904039619552815,1.366415059600276,0.5997115752114864,-0.12948655862198577,-2.1547300859382097
0.32178346057412427,-0.3150441995995643,-2.4264732775104068,-0.7079450765888701,-1.168029143289315,-0.6168273545666058,-1.2390526586488164,1.9849354656275071,1.2189479870537627,1.022755903662884
1.5890169542831076,0.7530324855891618,-0.5510391054935404,-1.3840591830410562,0.37064993735246954,1.8797145900179368,-0.11718161411427444,1.3437897014948492,0.9653761641722516,-0.23330604781619024
-1.6824169759282608,1.1357802529458356,1.563195517779992,-0.4586689721362544,2.0011869139546414,-0.7492823264048424,-0.5427873045484521,-0.28582903312239577,-0.00519303159140129,0.6944060618740057
0.9517224397713396,-0.7069536272239755,-0.21490694384313347,1.0264581582234524,0.8267524307803288,-0.6775743326022577,0.5048352967642609,-0.3773128970043201,1.6803838373994266,1.2701532878457833
-0.0614513112596951,0.9320514171100128,0.3317909025992961,-1.0389920218186934,0.5253826169056852,0.3323743365786974,-0.17768763441568625,0.2353520189837111,0.55656243351292,1.117899041810478
-0.33103209330176503,0.5442812055248047,0.5957356946678536,-0.03185948060248547,-0.792285697080922,1.201361939012163,1.883860026965887,0.9093212907176174,0.19093569786536216,-0.8528037271756287
0.22564091195476013,0.8257867744664154,0.7666575112029851,-0.42807648893249617,1.0013924272753598,-0.893619634741241,-0.723333230211552,0.15660369799188947,1.1895022087597562,-0.07894519201464414
0.8324461162527251,0.19718872145123073,-0.09430062108846042,1.3052649836822134,1.3836704756941036,1.2582030650326228,-0.9645683643445684,-1.171725821940341,-0.5263124898920619,0.5584101637970078
-0.39519468585965334,0.33069858500795096,0.24253188902821923,0.02947250278517537,1.120908261941561,-1.9570987250684204,1.7631438966477564,-0.05348096073750838,-0.07958269727555617,-0.05666823371141889
-0.4711225634687125,-0.5171706714670027,1.9738769370809,-0.1561114583628949,0.8738508140668527,-0.3246355115591811,-2.0627267374259617,0.2435539211520481,-0.0744179386436671,-0.9201310528927668
-0.34834924148647134,1.3508210196065502,-0.5863994006114103,2.97422097309765,1.3182115353014827,0.128949941238156,-0.27774400840733565,-0.11280353348290792,-0.23017111519081324,-0.8772144111444159
0.8723275737942201,1.157801389893526,-0.02057242255516564,-0.33078504120946456,-0.2257505619733166,-0.7634108574878224,0.4007659703162801,0.5418193738169804,0.11314890589873364,0.5575919169272456
-0.4947081859584788,-0.6198420291162097,0.6006933992340819,-0.05704050384405194,-0.8398803762725034,0.7458224760541483,0.6512489160086993,-0.5504917213539786,0.7561370580043993,-0.09450409069888924
-0.17111159790038424,-0.7422917870453584,1.6209984535193875,-0.6216950923118887,0.2358352901704298,-1.6293445932108823,-0.5349184704836741,0.2355769305836201,1.146109558937092,0.8065499963313222
-0.959370501752055,-0.19799478801050915,0.6031601701755012,-0.4081357172897008,-0.13363072835701284,0.18747936073308247,-1.7173787301867651,-0.362421969866054,-0.4652314195083964,-1.0598366700435182
0.17586385057499726,-0.651776592206878,-1.3793853572700017,3.299893989314886,0.23467129110433768,0.21809749179211463,1.1326362830869083,-0.08883179947934212,-0.30282419099066565,-0.33478381476769886
-1.963731100184938,-1.2060503572973955,1.8696156503671335,0.6672518673115893,1.9632384082299204,-0.8515101918768205,1.104316447725726,-1.1997045084552989,-0.5149774961703447,-0.10862792635337734
0.4587575902431642,1.2828843422392946,0.9502955487083482,0.4302579925853264,-0.5801268708879093,-0.1877638492410257,0.9933136496078038,1.0890395149523788,0.5303733351267567,0.4121741065534064
-0.43358916675590903,0.2435155184446572,1.203101125395146,-0.3818583316827877,-0.099097835247998,0.19449562497867295,-0.5598386505464935,1.3223154668452901,-1.0052117807720335,-0.6270091197232652
1.4967675058551952,0.08796351883928002,0.5997727088757562,-1.2948254541432855,-2.0033527504251945,-1.4965591914950505,0.6923063248425857,0.25231352539060786,0.23474255135088992,1.519341318832433
1.1000921958045975,0.6869888929688868,-1.0709510246884837,-0.5584590577009396,-0.6118534440339324,-0.2517009488511461,-1.5553801176039308,-1.6658460930247263,1.8053573979129351,0.18404094990747089
1.850798664104855,0.6546381792556686,0.4588130131673154,-0.06090608795143089,0.9697003545589008,0.13373777499419434,-0.7339250153609012,-0.5679066237182298,-1.9575321511693464,-0.5734707543838424
0.6132840380599874,-0.8208393589907165,-0.5090150363291472,-0.4415590984420497,-0.49719183292568503,1.0753162040836235,-2.1375295528085245,-0.8419362494197294,-0.09147061673633212,0.00786297014303692
0.48715971941120206,-1.302697521854428,-0.06678081705972,0.3366640157527016,-0.8425044047923299,-0.09063751161761233,-0.13477558797784847,0.43362273003838,-2.165065760356114,1.3821633871532475
0.658275774047122,-1.857310544905704,-0.02395082678558155,0.1909039331989326,-1.108787763592104,-1.19104852942269,0.19066394021566815,-1.8440757418263511,-1.4238975381537549,0.4529352308661369
0.8054543074933843,-0.7258808584539019,0.231313679995893,-1.1156140805038806,0.4847820148104195,-0.01765070689450562,-0.12003301694539698,-0.3278468647045862,0.5842866745654199,-1.0218593201283888
-0.5323739511042438,0.11431588344701173,0.25991444566410665,-0.1596730397439206,-0.3956724990480719,1.0813724214125169,0.45818894393771814,0.2505110011964886,-0.4913170550012709,-0.07702570395884716
-0.7366980043221375,1.0306544662618438,0.12088014223833676,1.2574852893533357,-1.5472734187664643,1.0243153126838924,0.3649917761956192,-0.4487865605025775,0.4809437447638902,-1.5770340031304828
-0.08558510789555186,-1.5809167880609702,-0.1770439332504079,1.361237499704357,1.5069524346456558,0.589960442531391,0.2449971096301136,1.0040102762699177,0.231798602909088,-1.9465886836478707
0.13986085892542938,-0.5455763274389105,0.5729759417478592,1.3925585665901188,-0.2535690935296774,-1.88498427708373,-1.5241589789059475,0.1542463273661951,-2.323966232176078,-0.3361565721767353
0.9393959063452856,1.635207789723732,0.0862653638537941,-0.15872288015490651,-0.9119544531860196,0.40840994596598135,-1.7838493167829852,0.09160202055784344,0.1687411859493508,-0.48369938115117
0.28976869345425393,-0.6945464458430551,0.582110833199279,0.5970615867039603,-1.5556291057373404,1.0817576823679391,0.8795758369694702,-0.6221329410094932,0.9953696574405138,0.6740097818415597
-0.00357844894988439,-1.3847171207598628,-0.20585136755095057,0.4371333597122512,0.32529200875870357,0.8276448998606281,-0.5703539761009665,0.1863091314605937,-0.9990747764237308,-1.6834111714511062
-0.5857763902793351,-0.49265872511163505,0.5062905053347698,-0.0681266483502838,0.0474670535600228,-0.05902378744575638,0.04522345068231262,1.3261087582615574,-0.3714645137677253,-0.12105031099568898
0.7780600292806438,0.9502331510959257,0.42108953534309806,-0.5615038651050356,0.6922062422613385,-1.4117375364426716,-0.32323752879095774,0.2681941338726861,-0.7695093763850215,0.3578684162240678
1.39255730458399,-0.6581910241869801,-1.6347835482340018,-0.5344355136247492,-1.258240778260974,0.43542704230930446,1.3027584467780708,-0.3562222005666661,0.40679477340645614,0.03268855214874643
-1.0862172298664503,-1.3727292068007029,0.882247703030424,0.6076880971925537,0.26366431673206925,-0.4181027973831189,-0.20578465545215197,-0.7672329391417133,0.8743166247527485,0.03477233800065222
-1.9207511634802408,1.4532250276803202,-1.236926034605542,-0.6357540586201136,-0.35581930641775655,0.392092549310954,0.5787270836070207,-0.01588992748971456,0.8985629183128175,0.5547504266409834
0.6708692017839236,-0.12478629325006416,-0.1217195385075736,-0.11002044639114464,-1.8011818326730695,1.1072446278950696,0.6537480413196768,-0.13819856291840082,-0.8696156800650877,-0.6853517649257411
0.23761223259538056,1.0530190238262649,1.365257089968826,1.1138304997011048,-1.0210749524690663,0.7503840363228588,0.27584497052542556,-0.27147146660043553,0.2708053284235965,-0.9647537553517324
-0.6462089461059453,-0.08294314848518804,-0.00644821871621925,0.32569074626936706,-1.6455500873929705,1.250860629439161,0.7585741232722606,1.2615730614850165,-0.3795988381519615,-0.09610856205035896
-0.30612443873076395,0.10300713834058609,0.5197217501575448,-0.6436249878620177,-0.13735263113744278,-1.6630512880621644,-0.5018189232500896,-0.6153826437702258,2.124785080913949,1.0522700425655478
0.6605482312466265,1.8444043389516211,-0.2540015607203954,0.5871096431340455,0.18379028891792443,0.2875012889337072,-0.5325887887138292,0.5252214109169964,0.7985492872548317,-0.8321127417508501
0.5355819567346772,-0.8760103181796793,-1.033923303101565,0.5453509951074327,1.194382755859802,-1.0515094305899348,2.0466245946864916,0.6411396836919137,0.49029472721715134,1.4729575891413482
0.33635699201781327,-0.31200409838983284,0.9710392256965266,1.803916472843096,-0.10148915777704162,1.787944342448621,1.1103019952474913,-0.8476830033107965,-0.7109273554436805,-0.4387403614576157
-1.5236993111546089,0.3909174602743693,-1.217484353972064,-1.1591824879660542,-0.2470082473531928,1.3947048634151755,0.4643264350423251,0.44539959827496145,-0.9521614899984818,-1.0340053686937452
1.863942501445745,0.00407633999182516,-0.4207375015549239,0.7533960344828047,-0.9213362418797152,0.5950660137607662,0.4199683308181299,-0.09641134237483892,-0.916826506965334,0.3030572744258328
-0.22462856683795163,0.19089683681652547,0.7433325931453737,-0.23336469694138515,0.6459896273273555,-0.1066732021581976,0.37089394111238794,-0.4298635885421394,1.3564802789636576,0.41281746618034487
-0.7135976277177031,-0.29971119425350806,1.893376607818886,-0.6420052655303597,-0.9295455021577632,-0.2628678882921899,1.2081623120858376,0.01288001029625142,0.28690117629804485,-0.0654105742070592
1.0981192326435318,-1.0163909483492322,-0.4972262997414662,-0.9615468801178484,0.8285422701555808,0.39237629618185577,0.33288411656104383,1.9179845438037135,0.5152065075744368,1.0060941904080112
0.8802480959524671,-0.68959034663636,1.0576694214601876,-0.28579266199847386,1.7202012540524567,0.08717872370883613,0.5315326328946657,-0.7244193282636681,-1.1405214540706032,0.7006880434229944
1.564466454523754,1.1598802787294389,-0.6418651276002381,1.38425918985085,-1.0250111816349918,-1.3045068257457768,1.0751343956604311,1.474898203453416,2.0524579574293136,-0.2790716750720077
0.6586374740752847,-2.179411161132977,-1.2815468582218066,0.13185143461876464,1.0445832592819653,0.6175888404726664,-1.1844339127600794,0.3019402391468642,-0.9153719425857778,-0.8729623814696273
0.39428943134376904,-0.27299101575127416,0.7389644073316801,0.07540751704919904,-0.936966957520648,-1.395672423922798,-0.2262585444353262,0.5156210116314489,-0.9611686484195467,-2.11617106710841
-0.5916002528225034,-0.26140868390638994,-0.30981581993869733,-0.34603478700160817,-0.3250211265395892,-0.9710527527549744,0.9725882439084236,-0.9582917855025592,-0.6122148203184977,0.43169698387883054
0.5340221613939794,-0.9011533928750912,0.6200404466545557,-1.2511428287360404,1.6405312610699208,0.16881043505165425,0.6919046941531175,0.11528174654520756,-0.6566740855782637,0.3628971108079283
-0.1031293050031199,-0.9232399552235764,-0.8190428321306599,-1.2286966848589391,-0.9217230648510588,1.3297461093786829,0.1651214973218123,-1.048099241090163,0.9371875003576392,0.6791765309291815
0.6018425188367906,-0.37943855790522346,-1.203850288429389,-0.02524942982618197,0.3501275149948783,3.342895299798787,-1.0212018854289564,0.8341847867128364,-0.2754136451506197,-0.334493384207451
1.3642282013730065,1.0982030163283474,-0.8593890281258925,0.15471650560881903,0.06780130903288345,-1.1085312124594868,-0.827389409295989,0.3836915703065408,-0.38877521495212664,0.5989094738326165
-0.5925646088425901,0.29866568065244575,0.4304530825114249,-1.201197014330838,1.9366958017412088,-1.745883164769705,1.5222705252901705,-0.5179050943513783,-1.2377068787584666,1.7967517236651285
0.17153961950065472,0.08411234374793577,1.1434517413015557,-1.0437967784148248,-0.19656327324440964,-0.11323631925267769,-0.4008305396529867,-0.618552844886882,0.07752141779641478,0.8028272828012024
-1.4734326860677365,-0.464043778383522,-0.3812116116433264,0.5467814876402765,1.1592092049985612,-0.26860943609343246,0.2045303458684732,-0.6149974088570044,0.9204020049575936,2.3936805258681164
-0.00930164205371872,-1.438743519231544,0.9744949890068036,0.04948824179508542,1.0979111829749129,-0.05480780752767426,-1.0010232242576331,-0.5697639989599127,-0.31792413905171896,-0.161736483688957
0.1763119558988836,-0.5890411235737167,0.00741429682585874,-0.4145897202676969,-0.3378992381906398,0.527361215485346,-0.2607341924175457,-0.9019085468131836,-0.21091643655818415,-1.2686337815114157
0.5297439543362278,2.880712261493016,-0.16383908455201238,2.178836714482798,-0.8036711442469311,-0.32531700260305696,0.13651913400978263,0.5839168263180677,-0.1934713426895608,-0.950367391570361
-1.7317935375484534,1.5889546723821153,1.0190743838501972,0.5587356414761899,-0.7006057448692398,0.8754888439175368,-0.12525495190378372,-1.7123931521672044,-0.31343621604717514,-0.5647295147903676
-2.125535623873897,-0.3365864807617423,-2.361523543565158,-1.5927458366376088,0.5249875960045813,-0.7341259235136786,-1.5128940306770386,-0.22999598476388028,0.328667762906353,-2.1871184119864684
-1.062774248490641,-0.4499644754726003,-0.02357038525641308,1.9275546434569508,-0.6234804337113108,0.965251459884514,-1.3133012148433791,-0.7517687884542436,-0.3989622542435245,-0.4654738376583928
-0.02332571896882333,0.17084104904895733,-0.3032844166385452,-0.6543284643964902,-0.7209484894453615,-1.8536971367646164,-0.31361819790646506,-1.3752203392783249,0.6648669478188262,-1.5647759439595332
-0.5107130807280007,-0.7467549019247022,-2.9311012205996647,-0.32157464974873745,0.6677952151332155,0.8030780234192562,0.32053705826078943,-1.8628003064184349,-0.03505604345920146,-0.13974190817399243
0.16898425248604174,0.43931500383626343,0.237122886505476,0.5064675414087476,1.6022703341034132,0.8463315280658931,1.530470021772068,-2.340496608074753,-0.24608758785371496,0.853649618277552
-0.3757783537505298,0.7361531422477836,0.23394953810037025,-0.4919085541858333,0.5571220692043963,-0.903361260648306,1.6579427236091953,0.17683860304305302,1.9013510246055496,0.14645377036315663
0.3972996326368985,0.1090185874117736,-0.6572365280609663,0.88179873291688,-1.7520515644182548,-2.062546962172461,0.183274073123504,1.8376765739876355,0.12491721306238047,-0.3239393527642759
-0.30915409798338056,-0.7873498279655208,-1.4038073068836332,1.1755849947355663,0.3370770669469646,-0.1029229475840692,1.520215946500687,0.4831515099381645,1.7289715343121277,-1.4091701551595683
-2.0039073269095726,-0.12493120418749692,0.9466418828125536,0.21750177605356735,1.4040732259935056,-0.8364540534722164,1.0924402131948108,0.4758353314075249,-1.0142034869640908,-0.23384463583169152
-0.3730293789491847,-0.34540961748494753,-0.3885283235055893,-0.8178604064046634,0.15161122774538982,1.493537498962472,0.2520141534986827,0.5029656125359969,1.609737915197048,0.3054122982042474
-1.7489370053569455,1.513230720487977,-0.4732852361946774,0.2744163180850151,1.982964381174245,-1.075373274683159,-0.8895757675804862,0.6955267455763672,0.4861352585424579,0.01762767654363813
0.5258110537410982,-1.565677424731633,-0.06075018255287282,0.6676206388700816,-0.34398175827255345,1.2297724801207797,0.11473516562371308,-0.2307000563468275,0.6111617675570408,-0.32009829604469847
1.7005515248117389,-0.4397105188173664,-0.8819397943084728,-0.12787154330726294,-0.6242499879708235,1.5282389344894318,0.8362360853483356,1.8179832928199728,-0.3864780286722168,-1.6396045764862572
-0.00903996653065825,0.09677586562555086,0.9948997739639822,0.1778726934652941,0.10138748946653402,-0.9388313421577472,-1.616225276554415,-1.5310940517166491,0.5732310673949472,1.2460186379199076
0.9736764708120964,-1.3505486566744789,-0.7241187669377668,-0.6007170435039123,0.6101260911123167,-0.03777611678142206,-2.698121558822345,-0.5103028057525959,0.19308434072663103,-1.2300525628158534
-0.5929996270662109,-0.75320407003098655,-2.0082793028223622,-0.8711725376772775,-1.37701933332325,-0.12441397326613368,-0.4916370914844458,-0.09826755519455706,-0.3089126245179864,1.4532174695385132
-0.7406196223986568,0.01132238867145243,1.1031782773134873,0.5099501426282325,-0.7454416488531536,0.05995404333208237,0.6242550085267454,0.8720851290609576,-2.137684075019771,0.24360206567694723
0.0996160483359164,-0.597996567844473,0.00114686838182954,-0.06970180645148308,0.09456105157221469,0.699167605993775,-0.08149630310317241,0.35794287865732527,-2.164704298411809,-1.642109594826138
0.2343369954587932,1.4346482781576202,0.7961173115381199,-1.2562409293384174,-2.0605942981184877,-0.22833441802485513,-0.7901072452059247,0.28258709346587013,1.0247747101261078,0.9723995930719188
-0.32300820942376746,-0.5134647521018547,0.8731910599006861,0.42795602074012173,-0.7424709181991155,-0.37890811167577654,-0.5582211119261817,-0.4747288118345184,-0.21162522698540776,0.8469635363077584
-1.1756112052999823,-0.2959222643191778,-1.0312291010654724,-1.0770240182678377,-0.17868110107378338,-1.7214642672065728,0.3778207548236775,2.742937658491995,0.08497627915404544,-0.2717172018153658
1.4256280173204725,-0.01832660040513527,-0.48953285264524826,1.6636064184400778,0.8346453312723147,0.08556461805075573,1.102736164716049,-0.7095091238420245,-0.06400969241208737,-0.42655431151055895
-1.357595862969717,0.697569774708694,0.3256732799332519,-1.2673045785983554,0.15495600639144083,0.37617057731377934,0.6447763976029444,0.17628760984584632,-1.755157497153228,0.4566855431298694
0.8520573732828619,0.8877187016721247,-0.6085538702375244,-1.7104227916627688,-0.8432690411341961,-0.503484068820246,-0.4767674207686458,-0.5753266869728881,0.3023247868980606,-0.4912464331763823
-1.5572201194151876,-0.1062624581302164,-0.14158230471791527,-0.2620035508313111,-0.571546381195448,1.3186493721122112,-1.8031679717437683,1.3839938011303423,1.036784745389176,-1.9432689225050992
-1.2535753511778305,0.4536157398885012,1.9909932171025728,0.254242296977895,-0.17551147729365313,0.2468423391896816,-0.4336216857780702,-0.5176335173105101,0.6145885746249071,1.3560438491458828
0.76980330127519,-0.2670678542659866,-0.16829611885993415,-0.7177077316669577,1.215514466644941,1.6240937099649777,0.8526996647891614,0.3926832318686765,0.8089648336589333,-1.224405637968761
-0.4404349413139957,-0.4065818460456161,0.3649292630434435,-1.0006310727264554,0.5170328947134228,-0.23515104099862008,0.5587852212745207,0.10840314254654064,-0.00249807343665213,0.5688581347356266
0.04706260301532581,2.524073334059245,1.0933231737611837,0.3026130351704391,-0.3889633406553866,-1.658326121746118,-2.141374795280236,-0.4346202280895798,-0.2409480902979096,-0.01172043779230858
0.5382547917860415,0.5344821644839981,0.7282330147976983,-0.8105085606605411,0.5693919784675631,-0.3690677910469526,-0.40787291400780373,-1.8264497287114496,-0.1009227072313088,-0.11981756838326564
0.4535167323337043,-0.6705781580296059,0.24770445437349525,0.6682687506179594,-0.02561729272586289,0.17189848206144434,0.0473355911941364,-0.8868388790183015,-1.2450312058004376,0.8311569178526435
1.1735097691578784,-0.561489534949198,0.4618813784868797,-1.3177364599907926,1.5703319028186349,2.246828141335295,-0.32673121769341495,-1.4274403202561998,0.31858042587833907,-1.329695497177404
0.695516458013147,-1.3801248613959671,-0.6380872466961078,-0.6248872021859754,-0.5267366721435206,0.2935456121915252,-0.7241178953030261,0.803645777112397,-0.10566972128323936,0.31196640503628675
1.0752073067851058,-0.6392963085951415,-1.5976481591777267,0.3441013385801295,-1.5221065999371155,0.34383264148319564,1.360768875477666,-0.3338039443859661,-0.09105424106031654,0.9689606813515332
-0.6805106067681388,0.29824441909697524,1.1904197719003635,-0.8289762140834284,0.940650233049622,0.4937648814600917,1.5040929220445785,0.6147712947280417,0.8944521740024319,0.182290127054268
1.2505445047714308,0.7009138634247984,-0.5558611963892756,0.01540511331908032,-0.4807430189341151,0.5568980011908129,2.2913099574237763,-2.644583836459979,0.09380987903342514,0.4370922274395558
-0.6639080284228033,1.7697233955857206,-0.397607446146206,-0.17507393451892783,1.5294527562452456,-1.0212745502956029,-0.03967208265764601,1.148556228977233,-0.07467556774542349,-1.985413250475306
0.8815666962766893,-0.6536029901201946,0.07221837264969837,0.33149106317419835,0.4838676937732084,1.9587774495141583,-0.8784912481634052,1.7261278829792224,-1.3631857579641518,0.3124060725238362
-0.3495262954036437,0.3651914273778234,0.44837307798422826,-0.2486526746697793,0.7844295901985832,2.3812145790827746,0.3299902593016637,0.9642156324154818,-0.20176388115645105,-1.2343923833479082
-0.9485952037932874,-1.0743562076273647,0.34986921517001957,-1.262552255839532,0.5375033899183487,-1.3476146567913432,-1.0743159210696085,-1.493303707256049,-0.839440582982693,1.022905538873827
0.7082781225288559,-0.08823963239925688,-0.5860215237441239,-1.652260387271814,1.5953602829093867,-0.10357333647537538,-1.8319585796897129,-0.7779176878136727,-1.1121743805639597,0.16409870632229934
-2.6677606608595053,0.0190190535962451,-0.22341953600399464,0.765509895611468,0.7737701696055561,-1.924598472891019,0.08539143726482866,2.0128018971474804,-1.7768331400379167,1.1116919004330057
1.4032566077565034,0.7912510022431415,0.28281263188425754,-1.406199136568974,-0.04847125980734359,1.1139929740925298,-0.25973543411505473,-0.49200334436886306,-0.9539437779458624,-2.047707349258529
-0.06331210651416141,0.5194562877892349,-1.4709038014936249,0.5479142852371323,1.533283763811764,-0.3992619176758267,0.9487304495259212,1.7022508176251463,-0.27159500164392786,-0.5038242123500514
-1.0595536884579342,-1.99800660409939,-0.7088533315125812,-0.16570992962604963,-0.390712631358809,-0.7388481025655922,0.3233786507433678,0.7959173567619837,0.22565071153269128,-0.9281286983474988
-0.9529385456064484,0.16050626530604745,0.5198268802279258,0.48564461498616646,1.346426399182736,0.5274307435838271,-0.5284793693646114,-0.3019335234436591,0.4052564589218968,-0.2727214185946659
0.00163163971207173,0.4265885241823746,-1.0694658457600723,-1.397882141436522,1.159457271840085,-1.2200176712994428,-0.6364831672616201,0.971799767146364,0.05050503699776712,-1.8314289807449813
1.0724357474710822,1.5590302538227443,0.9133916808959832,1.2001936189755975,-0.651418875692032,0.8202064544348864,0.7717383071782566,1.7464583237213132,0.6362435608190485,-0.8835164568127021
0.8094872082081386,0.7040290229176539,-1.020980224109535,-0.2845436911333061,-0.30026332118519516,-0.2922043246219611,0.5149382181151287,-0.6104582297674916,0.4837787475633039,1.3405541169891764
-0.01714184541025359,-1.0685685864204335,0.2154444214873488,0.6440572132121332,-0.01642466681662703,-0.7783063999961967,0.9603440658867024,-0.2318879690008633,0.4059329168930197,-0.2509949980940576
1.4218094816073152,-2.6029493561846895,-2.1282669254809794,0.963055004253586,1.1498329820882005,-0.04514292870800425,1.6461004727968684,-1.1222713923971377,0.3583107689248646,2.1628266296937744
0.7235290224009923,0.9685208974133842,-2.464536911696149,-1.9644786474227252,0.5674257174579616,0.20096551263680285,1.763938912860615,-0.6863213745395216,-0.12628801011361548,-0.03858017487735281
-1.5954989440336396,-0.27112818170656183,-0.04140860100325176,0.8124382365930035,-0.2737276220771807,-0.4025661400951509,0.17592567096225722,-0.24254883149343315,2.762486957894009,0.29291369095230496
-0.7604944736713943,0.5704805710029376,0.8185916737772343,-1.0180901505090378,-0.77235437015499675,0.09822699462251468,-1.2095984849002157,1.2249501151347475,0.333939755925693,-0.6143983631043525
0.290440480125023,1.4986004662019163,0.6814488013112091,-0.6882132914059594,0.07917085805351276,-1.0877183058804305,1.4079923767912252,-1.4246547606090172,-0.5213559996659071,-1.4718528995536122
0.5173700711132535,-1.6236327446527146,0.4693651885953927,-0.6100836392802055,-0.4901827581984048,-0.6814764449829216,-0.07581057354505735,-1.309280630508336,-0.446735014182486,-0.12063409357054072
0.8634144402633086,1.072587643178593,-0.4930330952205585,-1.7235881094605252,0.13903779650462336,1.806743970053414,2.1969644402260244,-0.839552984361417,1.4865963054361049,0.4667500295091189
-1.4114422534817874,0.3454344097446263,-1.0252580685538693,-0.08411951641483045,0.6170963576280779,1.119053325002372,-0.8781011865210462,0.9983248761113044,-1.315562309132374,1.115698493186036
0.6023527675607526,-1.6210530753848853,1.3798052221966473,-1.4139477787127028,-1.350052146588662,1.332193220834654,-0.4226539811303255,1.0114487492916635,0.60091162307216,-1.5896858195247092
-1.4575456540787508,1.8541105641732605,-0.7634963509380831,-1.54578579997537,0.9761352285511816,-0.9106761611035676,-1.1991678396754737,0.5239304792089903,-0.4688913847794365,0.23410682649013048
-1.3886134492570967,-0.4152350307610113,0.92588336090033,2.5196409467142113,-1.0686987534811614,0.19206799477714864,-1.532142396065681,1.930950985771771,-2.260134343622495,1.319312371014852
-0.3190874838841282,-1.16344771329437,-0.48740192745760186,0.34232272736470626,-1.6465195087343711,1.5008865894811485,0.46987742100897634,-0.17665864814842125,0.5781428495962313,-0.524474763453639
-0.26191327196050196,-0.33927706418339976,0.3409816059402042,0.00775220698836524,0.811613586725692,1.1398452695138046,-0.10276014539168073,1.5801517088815162,0.8156369150589011,0.6152347078592895
0.16844519736327795,-0.3893510833548616,-0.17488652318148418,0.1250301368461752,0.5434882948334888,-1.3560352681032957,-1.1287479188223828,1.0884812253601848,-0.12926928470942925,0.26933505413819325
-0.4682636177131169,1.4627352503962314,-0.1897847477170889,-0.48112911413773224,-0.41626690738643896,2.444819426063144,-1.610868992195278,2.093640750649191,1.6070896998502773,2.5157693812894313
0.370013342186358,-0.9561059513504564,-0.8000057545560791,0.3069151991762805,0.12700703074160666,0.412039732530428,-0.7602798474518203,0.42966124694171987,-1.3215587821342758,-0.8267369452782698
1.1105187791004747,1.4925668005929975,0.9616292799950502,1.0100377717800393,0.1119582651162116,0.33236036110846096,0.9912282094042992,0.8316650199736916,-0.02425159464666283,0.01914608297952343
0.2614746429694331,-0.7314858319169567,0.7094379760605448,0.3336552927265081,0.2724290807274127,0.11282439902383758,-0.09867351671113296,1.0698334910702574,1.4531584713377048,-0.02535961426825935
-1.028725089861671,1.075067617452354,0.6751307432225102,1.4208478448405473,2.2742136529015147,-0.247732453328198,-0.1273376186409704,-1.3120002239709627,0.9270714876177584,-2.180140334569462
1.9489879386471405,-0.8618484109200042,-0.17630681946701204,-0.8023885844526236,-0.06609424058172132,-0.866176468852815,-0.16039945965438218,0.3184061898666844,-0.16483915492766452,-0.3764017781480736
-1.3644333708558698,-0.7199882209587433,0.1647378688269696,-0.5787839023611693,-0.5525749105332304,-0.5438684311848967,0.8885043647241133,-0.8486493208140615,-1.558064816504777,0.48713695684352326
-0.8605748762605497,0.4074611481409038,-2.5104122141155285,-0.3514730908409521,-1.2611220329040744,-2.505724832912378,-0.18999643647870895,0.333120640848226,-1.3001595466840492,0.02219928968628218
0.4904682560983651,-0.663191650519526,0.8883240574550096,-1.7676759846193124,-1.4646219668344174,-0.9353974975470865,0.20938489823263884,0.46098726725376016,0.28972394698159265,-0.18685422118350747
-1.567971901011262,0.4318084961302151,0.23261878581464424,0.9680110193187365,0.6556812061637929,-2.184724072081181,-0.04790269271392695,-1.1341696788141693,1.1148993350375125,0.14684031452073162
0.3975290084560629,-0.03620899028147038,-1.70457663266354,0.6373739523033318,-0.19004175553034405,-0.1308849731190808,-1.0185601951576029,0.08610531716653133,-0.2041059800061907,-0.01875497852365601
0.6376619879663699,-0.1511421905294778,0.32133264181622456,1.7901131169954956,-0.7715870392629373,1.3680944570973976,0.1842684982558252,-0.28216846677070156,2.1077934826311324,-1.9035875136847835
-0.6717828640046589,0.13067053735193357,1.3473446108865084,-1.3034885274791703,-1.1015757427893793,0.8028600932036287,0.08355137194613545,1.2295036976220284,-1.0038552034806152,-0.01601338108160462
-0.15128261675061674,-1.595716286745437,-0.8999016897070495,0.35467089012035713,0.8691605764333971,0.11151990779761028,0.9858121208487274,-1.302999361529069,0.09964586065607917,0.7710083093005092
-0.6583413623429558,-1.3582050480057155,0.17022975266704146,-0.9983609936945436,2.4528379845791286,0.6752725532622381,0.15771133142415353,-0.08069046103382245,1.816245173220263,0.8143126853731408
-1.2954461485544342,1.3431462652517885,-0.669910500530234,0.694823335574208,-0.5576822063174489,-0.02526933456257149,1.0628440148102971,-0.9574024076909878,-1.4949170934287686,-0.9343755446826268
0.2268140384271383,0.922950445167876,0.4685603889107108,-0.10916724769130044,-0.6043298592516873,-0.6555244406881451,-0.2697288053934062,0.0506430966941985,-1.054958234099934,0.42229205545254694
1.0208614205763973,-0.15036707743056513,0.23003817300728652,-0.22895843244114977,0.7728718394668997,0.6450495745103492,1.6930429681966532,0.6015433727605025,-0.3630938246016052,-0.9118124927073952
-1.7196906085696697,0.06774733609702575,1.2909953499452993,-1.111371034786505,-1.5789336245324046,-0.3480985507295513,2.947177858224901,0.3447926483152515,1.705678361650435,-0.6323330029368003
1.097929087944509,-1.0121024916346884,-1.5459859013198418,-2.1049554348136037,0.05395587162404688,0.16573659330753904,0.6309093103756575,-0.6986967482579476,0.3604131573404691,0.10746103700089492
-0.6904203205826788,-0.3544413817918161,0.4025485303324239,-0.9503779591121788,1.0589226486029066,-0.01846570539759752,0.7276999344245554,0.688341918152311,-0.35348620787573565,1.287516030874483
0.5317392109650881,1.1434311402995576,1.1417667865448058,-1.587551787961211,1.0359248095424232,0.24136505013681753,-0.4916237344605381,0.5148990640786654,-0.4551727460733693,-0.9713878441295358
0.26020613047118735,0.3598086276635984,0.264411841627139,-0.8968893470510704,0.8935239942866712,-0.9474274548669184,1.162528686821087,-0.3340309129988041,-0.8654819298946494,0.8997058384342427
1.4364262820824318,2.108229705434914,1.7392759488520098,0.02075752769296284,-1.3861118303902955,-1.2596441138796293,-0.6277088376352323,0.06390738658026873,-1.139061066719634,-0.1264692761049624
-0.9012603958989144,0.9291696230275904,-0.8000195261194074,-1.6789448245708136,0.07297047247743459,-2.4088757842135022,-0.05612685695920022,0.34568773744391357,1.7167035167950708,0.6695604317795859
0.218781829568704,0.3875137762262155,0.2697323074912242,-0.7988760103543633,0.18078800220286173,-1.2362557072566869,-0.8684804707836576,-0.33170096775447244,2.201433818000266,-0.3016894828002703
-1.8436241411466656,2.616032887403421,0.00291406925732748,-0.22105650065499827,0.1298071972742484,0.6534136704140773,2.2152739100487815,-1.5958814605741316,-0.957547747334956,-0.6480097409493193
-0.6864907385483641,-0.954045120768265,1.2800164594901962,1.7284387158517402,0.6594494808673979,-0.3015804918207918,0.5169887631580359,-0.5483603820910585,0.2443923046176344,0.433258481466368
1.3997871325635936,0.21841102074127644,1.2442041714438197,-0.7804495851455803,-0.30904489753062514,-0.7001110001670764,0.5392427680931592,0.26760113663945956,-0.8472187357095805,0.7316320530152367
-0.16497713046662127,-0.9296494901003896,-0.2325838546504231,0.3376263816704747,0.921011085515714,-0.16190486128373618,-2.2475182197455728,0.08939049797753515,-1.8615873244174748,0.18821946985179927
-0.2291977513555242,-0.2522775045254942,0.1877826584199563,2.5686249542684565,-0.7709251733774662,-0.2065989016444245,2.3355839783537973,0.7894273404557394,0.6003997588557216,1.734664084112015
0.8074898838838146,-0.5846437297898724,0.4245391323083896,0.07586355272853533,-1.195714558073342,1.4195981107336224,0.2930138138929957,0.979712488876716,-0.4897941172484221,0.3984396839165734
-1.4182854502645323,-3.2824914483827854,0.09551205653721634,0.21541053005441604,-1.9059214133855369,-0.5617230848826522,2.971471409021348,-0.5523846710298078,0.08748402527205222,0.2600531629489178
1.273295984462814,0.1834176619009009,-0.6124431916800345,0.03349808946508558,0.04123648219812653,-0.7964109485398889,0.9207104781734412,-0.558194266930122,0.6173291369275864,-0.9101076847863212
0.14382555711805473,-0.3015472874302175,-0.9732183028901784,-0.787191915441486,-1.1772996899380184,-0.10258795670005592,0.9781326672989302,-1.6568607606050605,-0.8909495711383747,-0.6779598181004376
-0.5800719925803844,1.3693740714680669,0.9532920552093668,-0.9362545780111567,-0.42052037169620127,0.19769366084522416,-0.681262331192313,-0.2736948002837398,0.945738574647771,1.745041733211553
0.26990796584927157,-0.807042597351111,0.25389075723310445,-0.6506886782438899,1.574068633793556,1.602539902875371,-0.25884282845354295,0.2639417298355111,0.01409029882273549,-0.1783304863463583
-1.6449859431310276,-2.0243623875715007,-0.8961297836133175,-0.1424311568159264,-0.13844113245679504,-1.4601936907567747,0.1375261872666878,0.25354526243129394,0.3630632402957565,-0.5452347278023137
1.4302583966044151,0.5932943269804192,-1.5809525638810489,0.5102457234980841,-0.6890945866451966,0.3341953738031946,0.375328318643071,2.257905279460814,-0.30102009952889,-0.7774983923145096
-1.3218973692616445,-0.07739161420807245,-0.18225162131195324,-1.0963206049309844,1.0105031745833737,-0.5352859051798733,0.7324106838772158,-2.0838180709889125,-0.7695724226698709,-1.207382769858183
0.6582246838432684,0.5846426625328273,0.46881118911750264,0.926523481568276,-2.606623674926193,0.02749976127743917,-1.3032506076389818,-0.27422654673145486,0.9224055381520564,-0.7671687912777359
0.02080589214213087,-0.1734844334480724,-0.6704432959177483,0.26027591081173884,-0.48937401094885263,0.4605396294508574,-0.46788645406309776,-0.5364745099111792,0.7638377492315747,-0.12450548483953663
0.6020516149949791,0.3399698131870542,-0.2090804684434915,-0.2867139280660987,-0.5221809630126675,-1.120091477231964,1.1970447078480588,-0.03851741169700276,-0.9459803050871294,-0.8048077196162993
1.1361271469306489,0.7373646578180044,1.5087234788299704,-0.8125590218560133,0.3657922081837739,1.615761927744691,0.553330584504807,0.8425699463346553,0.10296680833951212,-0.9871829613441282
-0.4311159016961878,0.42692212460072865,-1.803849164782045,-1.2377768945039234,0.01172084947360339,0.384576156465619,-0.04961132301881815,-0.11472045147328544,-1.9186842282276697,0.9381994816079194
-1.5170646831299277,0.5042647165362112,-1.1499199199217105,0.1472442368800154,1.7423790123414935,0.11735441688721623,0.04367693910269668,2.2334059193528315,-1.0015426254602,2.674486449727581
-1.84944944807063,1.336577025331057,-0.00342895710003369,1.05141014133841,-1.377377364810786,0.3874902579052252,-0.4233435527442779,-0.2027497350988388,0.5530180728156452,-0.13442617979217514
-0.2295985445048356,-2.01430962824019,-0.7264629053142923,-0.5826809970216233,-1.8935653582368448,-0.5215910879320202,0.6160869263406532,0.27303346519583405,-0.8314925724443454,-0.5378598177400833
-1.1840249636226468,-0.32056758453344153,0.7308483721934795,0.45174724798630295,-1.8753907195682409,0.41450094095704026,-1.0621034876939162,-0.1317051819476675,0.4146584792141949,2.4772419753514145
0.6297167642548167,1.5152463929840616,-0.2850595998459505,0.5441612131067729,0.4793725614540084,0.7577051988851935,-0.5727896747831644,0.4797725847372015,-0.15400416425634444,-1.1833597966569007
0.47371709794086847,0.7632891410507301,0.896352670240427,-1.377733575956157,-0.9113041735015108,-1.217558435000432,-0.7625316290023532,-0.7828581175628303,-0.43841821936704867,1.4069274665845264
0.9835127291866588,0.8407902164938427,-1.6887476908589267,0.806418926981748,-1.2480554160511974,-1.670198392563509,-0.5805435563831973,1.991582338825925,-0.28371698276882634,-0.2153839480140095
-0.07941986462550533,-2.1074618073412723,1.0136372934144493,0.15482474329738952,1.524655651949941,0.9524994753745718,-0.7089568501925314,-0.7702972411976007,1.0396104396766446,0.1417927825365724
